               0.328 0 0 0 1.80313e-08  2.5195e-08 2.23084e-05 0 0 0   -0.011 -0.02329  0.04412 6.98202e-07 1.52427e-07 0.000216115  -6.6033e-08 -3.25695e-06  3.08156e-06 0 0 0 -6.50163e-06  7.62871e-07       -9.809 
               0.419 -0.0553339  0.0186783  0.0606239 -0.00367813   0.0192578 0.000443561 0 0 0   -0.011 -0.02329  0.04412 0.000201884  0.00671512 0.000386004 -1.03379e-07 -3.27582e-06  3.05865e-06  7.99996e-08 -3.94037e-07 -8.33564e-09 -6.5786e-06 1.14197e-06      -9.809 
               0.513 0.0557454 0.0608446 -0.109696  0.0576975 -0.0781775  0.0129957 0 0 0   -0.011 -0.02329  0.04412  0.336523 -0.531364 0.0690979 -0.000190594  -7.2677e-05  0.000313469 -8.80707e-05  0.000140796 -1.80569e-05  7.82503e-05 -0.000134672       -9.809 
                0.62 -0.0278249   0.039949  -0.228468 0.0348639 -0.085352 0.0108837 0 0 0   -0.011 -0.02329  0.04412 0.0984365 -0.329518 0.0296327 -5.31294e-05 -6.76071e-05  0.000500919  0.00141152 -0.00185413  0.00338505 -0.00136584   0.0017844      -9.809 
               0.719 0.0109514 0.0372837  -0.11394  0.0104789  -0.049757 0.00238027 0 0 0   -0.011 -0.02329  0.04412 -0.0103691  -0.109892 -0.0124259 -0.000135794  -9.2837e-05  0.000261997  0.0038386 -0.0153297   0.016851 -0.00368216   0.0147518    -9.80899 
                0.82 -0.0350638  0.0355546 -0.0769223 -0.00488666   -0.027776 -0.00145084 0 0 0   -0.011 -0.02329  0.04412  -0.0493174 -0.00659715  -0.0224728 -5.91123e-05  -0.00010128   0.00017721 0.00600401 -0.0332129  0.0203949 -0.00570164   0.0319577    -9.80895 
                0.92 -0.0506912  0.0406806 -0.0465053   -0.0133582   -0.0184442 -0.000215817 0 0 0   -0.011 -0.02329  0.04412   -0.058589   0.0303372 -0.00989906 -3.20605e-05 -0.000111719   0.00011789 0.00703843  -0.042314  0.0100159 -0.00665191   0.0407286    -9.80891 
               1.019 -0.0330318  0.0421709  -0.101453  -0.0213737 -0.00957722  0.00133578 0 0 0   -0.011 -0.02329  0.04412   -0.0637691    0.0557163 -0.000403955  -6.2909e-05 -0.000114634  0.000210484 0.00796863 -0.0486019 0.00274302 -0.00751939      0.0468    -9.80889 
               1.119 -0.0244622  0.0339478 -0.0497254  -0.0273911 -0.00410098  0.00172852 0 0 0   -0.011 -0.02329  0.04412 -0.0639059   0.064105 0.00115349 -7.68098e-05 -9.94584e-05  0.000120682 0.00765543 -0.0480342 0.00162653 -0.00722028   0.0462579    -9.80889 
               1.219 -0.0447138  0.0823669   -0.04351 -0.0199022 -0.0102413 0.00151323 0 0 0   -0.011 -0.02329  0.04412  -0.0252427   0.0351599 -0.00069819 -4.40857e-05 -0.000179626  0.000110622 -0.00748892  -0.0317572  0.00268131 0.00729981  0.0305567   -9.80895 
               1.327 -0.0401617  0.0364999  -0.130847   -0.005921  -0.0144078 0.000199623 0 0 0   -0.011 -0.02329  0.04412   0.0238392   0.0188356 -0.00602152 -5.25734e-05 -0.000103137  0.000256527  -0.026547 -0.0222809 0.00546676 0.0256168 0.0214184  -9.80894 
               1.428 -0.0359187  0.0416171  -0.107682  -0.00450334   -0.0185348 -0.000579186 0 0 0   -0.011 -0.02329  0.04412   0.0253983  0.00451248 -0.00709105 -6.01616e-05 -0.000110287  0.000214735 -0.0247042  -0.014746 0.00573916 0.0238534 0.0141716  -9.80896 
               1.529 -0.0363691  0.0664787 -0.0743387   -0.0104107   -0.0206007 -9.99652e-05 0 0 0   -0.011 -0.02329  0.04412  0.00661193 -0.00112159 -0.00304231 -5.93363e-05 -0.000147837    0.0001581 -0.0154741 -0.0115362 0.00351755 0.0149938 0.0110883  -9.80898 
               1.624 -0.0319789  0.0265012  -0.101366 -0.0144103 -0.0174067 0.00104588 0 0 0   -0.011 -0.02329  0.04412 -0.00322706   0.0104697  0.00244933 -6.54056e-05 -8.01374e-05  0.000201363  -0.0109494  -0.0146057 0.000859538 0.0106579 0.0140412  -9.80898 
               1.731 -0.0482853  0.0302003 -0.0943281  -0.0254075  -0.0180089 8.74357e-05 0 0 0   -0.011 -0.02329  0.04412 -0.0302167 0.00723416 -0.0021391 -3.89716e-05 -8.22036e-05   0.00018895 -0.00127378  -0.0125134  0.00294628 0.00134582  0.0120419   -9.80899 
                1.82 -0.0546442  0.0393444  -0.049513  -0.0242076 -0.00842034 0.000239575 0 0 0   -0.011 -0.02329  0.04412  -0.0170823   0.0377109 -0.00066051 -2.69042e-05 -9.68114e-05  0.000116318 -0.0048362 -0.0204905 0.00226318 0.00479087   0.019691   -9.80898 
                1.94 -0.0283635  0.0354404 -0.0401562  -0.0197517  -0.0185329 0.000346997 0 0 0   -0.011 -0.02329  0.04412 -0.000426851   0.00209959 -0.000553643 -7.01536e-05  -9.1601e-05  9.76737e-05 -0.00924476 -0.00925837  0.00209129 0.00898468 0.00889796   -9.80899 
               2.022 -0.0365055  0.0453209  -0.074069   -0.0156544   -0.0173622 -0.000322788 0 0 0   -0.011 -0.02329  0.04412   0.0130844  0.00755186 -0.00307108 -5.66221e-05 -0.000106882  0.000149447 -0.0122766 -0.0101091 0.00305202  0.0118971 0.00970538   -9.80899 
               2.125 -0.0313838  0.0464994 -0.0813344    -0.01217   -0.017538 0.000941609 0 0 0   -0.011 -0.02329  0.04412  0.0214649 0.00740179 0.00271345 -6.43399e-05 -0.000108558  0.000159414   -0.013584 -0.00943338 0.000761701  0.0131534 0.00905462   -9.80899 
               2.224 -0.0261763  0.0393142 -0.0565984  -0.0196409  -0.0116185 0.000935257 0 0 0   -0.011 -0.02329  0.04412 -0.000671195    0.0229845   0.00189436 -7.04945e-05 -9.37362e-05  0.000121186 -0.00745701  -0.0126046  0.00109727 0.00728356  0.0121149   -9.80899 
               2.329 -0.0242065  0.0452189 -0.0961865 -0.0127536 -0.0161593 0.00127154 0 0 0   -0.011 -0.02329  0.04412  0.0187013 0.00686035  0.0021441 -7.41414e-05 -0.000103645  0.000179468  -0.0113348 -0.00831898  0.00098043   0.010988 0.00799186   -9.80899 
               2.419  -0.046386  0.0462838 -0.0532755 -0.0154384 -0.0178546 0.00201218 0 0 0   -0.011 -0.02329  0.04412 0.00886982 0.00148081 0.00420876 -3.99591e-05 -0.000103672  0.000112954 -0.00863027 -0.00668916 0.000283435 0.00839165 0.00643898   -9.80899 
               2.527 -0.0449672  0.0474805 -0.0744637 -0.0235588 -0.0144465 0.00195149 0 0 0   -0.011 -0.02329  0.04412 -0.0120687  0.0111607 0.00261792 -4.16722e-05 -0.000103959   0.00014531 -0.00370043 -0.00822962 0.000845179 0.00367101 0.00793345     -9.809 
               2.625 -0.0287962  0.0537837 -0.0620954 -0.0207745 -0.0189632 0.00186378 0 0 0   -0.011 -0.02329  0.04412 -0.000830113  -0.00259288   0.00113614 -6.54002e-05 -0.000112838  0.000124573 -0.00564591  -0.0051358   0.0013119 0.00552131 0.00496288     -9.809 
               2.726 -0.0460733  0.0516274 -0.0680333 -0.0191208 -0.0132858 0.00197537 0 0 0   -0.011 -0.02329  0.04412 0.00641237  0.0157497 0.00120848 -3.94933e-05  -0.00010868  0.000132539 -0.00662029 -0.00824545   0.0012849 0.00646672 0.00793565   -9.80899 
               2.833 -0.0395074  0.0489261 -0.0600398  -0.0197697  -0.0108466 0.000740665 0 0 0   -0.011 -0.02329  0.04412   0.0050205   0.0196634 -0.00379559  -4.8739e-05 -0.000103606  0.000119656 -0.00594202 -0.00853225  0.00277305 0.00581636 0.00821453   -9.80899 
               2.925 -0.0286441  0.0611514 -0.0562799   -0.0215688 -0.000797222  0.000994107 0 0 0   -0.011 -0.02329  0.04412  0.00216212   0.0446441 -0.00122934 -6.45331e-05 -0.000120449  0.000113616 -0.00501351  -0.0126365    0.001989 0.00494726  0.0121438   -9.80899 
               3.024 -0.0225976  0.0534206 -0.0694403 -0.0194295 -0.0030975 0.00208777 0 0 0   -0.011 -0.02329  0.04412  0.0078613  0.0286823 0.00308483 -7.29709e-05  -0.00010861  0.000131498 -0.00571281 -0.00942396 0.000730901 0.00560397 0.00906854   -9.80899 
               3.126 -0.0274014  0.0284404 -0.0539569  -0.0249409 -0.00926483  0.00198696 0 0 0   -0.011 -0.02329  0.04412 -0.00831865  0.00512396  0.00143613 -6.56762e-05 -7.16387e-05   0.00010804 -0.00275831 -0.00511011  0.00118588  0.0027635 0.00495748     -9.809 
               3.225 -0.0299687  0.0334114 -0.0833889     -0.0266  -0.0168635 0.000524357 0 0 0   -0.011 -0.02329  0.04412  -0.0108582  -0.0159661 -0.00477926 -6.12461e-05 -7.82685e-05  0.000148987 -0.00218456 -0.00148716   0.0028271 0.00220235 0.00149982     -9.809 
               3.323 -0.0391747  0.0450524 -0.0978523   -0.0270464   -0.0113329 -0.000673114 0 0 0   -0.011 -0.02329  0.04412 -0.00700457  0.00453481 -0.00746519 -4.83116e-05  -9.4254e-05  0.000169239  -0.0025739 -0.00453518  0.00349078  0.0025832 0.00440918     -9.809 
               3.424 -0.0209695  0.0402331 -0.0852432   -0.0220837   -0.0200044 -0.000148624 0 0 0   -0.011 -0.02329  0.04412  0.00730603  -0.0186807 -0.00323002  -7.2952e-05 -8.67934e-05  0.000149712   -0.0046287 -0.000827116   0.00232539  0.00452825 0.000859946      -9.809 
               3.525 -0.0380501  0.0539623 -0.0589783 -0.0220637 -0.0211351 0.00151073 0 0 0   -0.011 -0.02329  0.04412  0.0072956 -0.0156988 0.00404815 -4.88164e-05 -0.000105031   0.00011238 -0.00431659 -0.00112205 0.000484197 0.00423178 0.00113785     -9.809 
               3.624 -0.0297865  0.0421477 -0.0683612  -0.0234447  -0.0299968 0.000670379 0 0 0   -0.011 -0.02329  0.04412   0.00195511   -0.0352718 -0.000688499 -6.00232e-05 -8.75974e-05  0.000124299 -0.00335841  0.00176913  0.00162841  0.00329889 -0.00160663      -9.809 
               3.728 -0.0310621  0.0464538  -0.127954 -0.0236654 -0.0283898 0.00258799 0 0 0   -0.011 -0.02329  0.04412 0.00311076 -0.0211664 0.00670585 -5.83904e-05 -9.29629e-05  0.000207458  -0.00328721 -0.000165791  -0.00013153   0.0032455 0.000229973      -9.809 
                3.82 -0.0439294  0.0433601   -0.11148 -0.0272522 -0.0219906 0.00189235 0 0 0   -0.011 -0.02329  0.04412 -0.00439687  0.00158504  0.00207706 -4.08914e-05 -8.78795e-05   0.00018332  -0.0020513 -0.00315266  0.00097826 0.00209141  0.0030864     -9.809 
                3.92  -0.037216  0.0473113 -0.0397116  -0.028612 -0.0230195  0.0019919 0 0 0   -0.011 -0.02329  0.04412 -0.00567532 -0.00058898  0.00162177 -4.97283e-05 -9.28688e-05  8.11093e-05 -0.00170462 -0.00269255  0.00108262 0.00175688 0.00265251     -9.809 
               4.027 -0.0382702  0.0499392 -0.0139045  -0.0334453  -0.0238386 0.000692318 0 0 0   -0.011 -0.02329  0.04412  -0.0152669 -0.00217029 -0.00376728 -4.78708e-05 -9.56782e-05  4.55516e-05 -0.000271829  -0.00231839     0.002297 0.000389756  0.00231451      -9.809 
               4.127 -0.0352358  0.0672285 -0.0714109 -0.0231957 -0.0275797 0.00139429 0 0 0   -0.011 -0.02329  0.04412    0.0152169  -0.00898347 -0.000140978 -5.17092e-05 -0.000119344  0.000122112 -0.00402605 -0.00133086  0.00147127 0.00394978 0.00134121     -9.809 
               4.225 -0.0285764  0.0461559 -0.0926761 -0.0129534 -0.0261284 0.00213736 0 0 0   -0.011 -0.02329  0.04412    0.0388391 -0.000566426   0.00266396 -6.02721e-05 -9.03549e-05  0.000149911 -0.00679535 -0.00228745 0.000861442 0.00658594 0.00222799     -9.809 
               4.319 -0.0247918  0.0390915 -0.0700254 -0.0120977 -0.0282984 0.00109652 0 0 0   -0.011 -0.02329  0.04412   0.0330796 -0.00622505 -0.00228203 -6.48014e-05  -8.0068e-05  0.000118159 -0.00587369 -0.00150737  0.00189644 0.00570537 0.00149668     -9.809 
               4.427 -0.0441957  0.0478828 -0.0623777  -0.0131754  -0.0255029 0.000414016 0 0 0   -0.011 -0.02329  0.04412   0.0240656  0.00321607 -0.00379029 -3.82356e-05  -9.1402e-05   0.00010722 -0.00452341 -0.00247426  0.00219051 0.00443025 0.00242372     -9.809 
               4.523 -0.0209261  0.0604783 -0.0340946 -0.0192921 -0.0250059 0.00105981 0 0 0   -0.011 -0.02329  0.04412  0.00440654  0.00315688 6.83261e-05 -6.88407e-05 -0.000107435  6.88985e-05 -0.0019815 -0.0023925 0.00139016 0.00202172 0.00236105     -9.809 
               4.654 -0.0374531  0.0509015  -0.132154 -0.0110585 -0.0245559 0.00211429 0 0 0   -0.011 -0.02329  0.04412  0.0236242 0.00546471 0.00337614 -4.66582e-05 -9.42715e-05  0.000197835 -0.00398783 -0.00247488 0.000723454 0.00392353 0.00242431     -9.809 
               4.725 -0.0169729  0.0459154 -0.0519238 -0.0160411 -0.0296759 0.00102208 0 0 0   -0.011 -0.02329  0.04412  0.00590004  -0.0108319 -0.00189853 -7.30274e-05 -8.62842e-05  9.20456e-05  -0.00190094 -0.000634355   0.00174666  0.00193566 0.000700298      -9.809 
               4.824 -0.0317077  0.0407477 -0.0666204  -0.0134857  -0.0287138 0.000868934 0 0 0   -0.011 -0.02329  0.04412   0.0121419 -0.00449018  -0.0018105 -5.29784e-05 -7.89311e-05  0.000111377  -0.0024642 -0.00124014  0.00171618 0.00247282 0.00126864     -9.809 
               4.925 -0.0390051  0.0435845 -0.0948601 -0.0209668 -0.0247694 0.00144936 0 0 0   -0.011 -0.02329  0.04412 -0.00804295  0.00677639  0.00134422 -4.33163e-05 -8.20071e-05  0.000146978 -0.000153917  -0.00232899   0.00111583 0.00029739 0.00231296     -9.809 
               5.024 -0.0371814  0.0472072 -0.0572651 -0.0285831 -0.0211342 0.00127688 0 0 0   -0.011 -0.02329  0.04412  -0.0238416   0.0145528 0.000361979  -4.5132e-05 -8.55028e-05  9.86636e-05  0.00160691 -0.00301591  0.00129679 -0.00136027  0.00297631      -9.809 
               5.125 -0.0350678  0.0452377 -0.0455012 -0.0246787 -0.0223211 0.00129601 0 0 0   -0.011 -0.02329  0.04412 -0.0081036 0.00957706  0.0001534 -4.75422e-05 -8.27146e-05  8.29082e-05 3.66646e-05 -0.00239439  0.00132489 0.000116634  0.00237711      -9.809 
               5.226 -0.0428887  0.0606517 -0.0539701 -0.0200123 -0.0236659 0.00165313 0 0 0   -0.011 -0.02329  0.04412 0.00611374 0.00556909 0.00125933 -3.70982e-05 -0.000101752  9.28916e-05 -0.00127986 -0.00187141   0.0011224  0.0013538 0.00187358     -9.809 
               5.328 -0.0439798  0.0329484 -0.0604069  -0.0212358  -0.0248646 0.000649416 0 0 0   -0.011 -0.02329  0.04412  0.00191763   0.0015623 -0.00294596 -3.51401e-05  -6.5961e-05  0.000100381 -0.000803142  -0.00136439     0.001851 0.000902642  0.00140104      -9.809 
               5.425 -0.0443012  0.0468318 -0.0846828  -0.0213662  -0.0262846 0.000226205 0 0 0   -0.011 -0.02329  0.04412  0.00183673 -0.00173435 -0.00351803 -3.42962e-05 -8.31638e-05  0.000130354 -0.000688651 -0.000943298   0.00193397 0.000792798  0.00100573      -9.809 
               5.525 -0.0398542  0.0612204   -0.10278  -0.0222961  -0.0308151 0.000991111 0 0 0   -0.011 -0.02329  0.04412 -0.00049214  -0.0127641 0.000430864  -3.9218e-05 -0.000100925   0.00015212 -0.000342381  0.000190438   0.00124818  0.000460812 -5.92546e-05       -9.809 
               5.623 -0.0381322  0.0377887 -0.0774847  -0.0167177  -0.0364929 0.000784052 0 0 0   -0.011 -0.02329  0.04412   0.0131733  -0.0231951 -0.00073605 -4.07741e-05 -7.05192e-05  0.000119011 -0.00159517  0.00122615  0.00143684  0.00163178 -0.00103933      -9.809 
                5.72 -0.0485273  0.0347495 -0.0625447   -0.0236123   -0.0347579 -2.01573e-05 0 0 0   -0.011 -0.02329  0.04412 -0.00543625  -0.0135178 -0.00327535 -2.77867e-05 -6.61854e-05  9.99822e-05 0.000237969 0.000393831  0.00185177 -8.32219e-05 -0.000243527       -9.809 
                5.82 -0.0506025  0.0389514 -0.0359432 -0.0253115  -0.027604 0.00042707 0 0 0   -0.011 -0.02329  0.04412   -0.0062895   0.00961077 -0.000155575 -2.40845e-05   -7.095e-05  6.70082e-05  0.00039323 -0.00164272  0.00134258 -0.000212035   0.00166388       -9.809 
                5.92 -0.0380198   0.043647 -0.0251328  -0.0280984  -0.0237736 0.000713151 0 0 0   -0.011 -0.02329  0.04412 -0.0104255  0.0175637 0.00102986 -3.93823e-05 -7.61629e-05  5.32751e-05 0.000841597 -0.00227128  0.00115153 -0.000627255   0.00225562       -9.809 
                6.02 -0.0359101  0.0484636 -0.0916511 -0.0212685 -0.0266509 0.00110912 0 0 0   -0.011 -0.02329  0.04412 0.00889698 0.00751784 0.00184665 -4.19391e-05 -8.20639e-05  0.000133234 -0.000819955  -0.00129692   0.00101864 0.000921049  0.00133126      -9.809 
               6.121 -0.0420142  0.0389413  -0.048021 -0.0305869  -0.018529 0.00046719 0 0 0   -0.011 -0.02329  0.04412  -0.0147108   0.0264529 -0.00078955 -3.35356e-05  -6.8864e-05  8.02557e-05  0.00132227 -0.00284514    0.001426 -0.00107266  0.00279267      -9.809 
                6.22 -0.0494169  0.0454679 -0.0303826  -0.0325972  -0.0121347 0.000230292 0 0 0   -0.011 -0.02329  0.04412 -0.0150789  0.0377904  -0.001322 -2.39959e-05 -7.61954e-05  5.85313e-05  0.00141032 -0.00368782  0.00150091 -0.00115062   0.0035802      -9.809 
               6.322 -0.0311504  0.0468594 -0.0724935  -0.0308105  -0.0141827 1.19459e-05 0 0 0   -0.011 -0.02329  0.04412 -0.00704751   0.0235278 -0.00183837 -4.6323e-05 -7.7737e-05 0.000108711 0.000777046 -0.00239402  0.00156772 -0.000564719   0.00237027       -9.809 
               6.427 -0.0439987  0.0490254 -0.0641876  -0.0269986  -0.0196307 0.000200641 0 0 0   -0.011 -0.02329  0.04412  0.00370979  0.00469412 -0.00082321 -3.14932e-05 -8.02223e-05   9.7988e-05 -6.14071e-05 -0.000724929   0.00140707 0.000211729 0.000811568      -9.809 
               6.528 -0.0405674  0.0465536 -0.0863218  -0.0273036  -0.0206959 0.000980911 0 0 0   -0.011 -0.02329  0.04412 0.00249569 0.00127729  0.0022609  -3.5513e-05 -7.67151e-05  0.000123302  0.000103164 -0.000381624  0.000956236 5.68101e-05 0.000491841      -9.809 
               6.632 -0.0280757  0.0615297 -0.0403911 -0.0220811  -0.025605 0.00130638 0 0 0   -0.011 -0.02329  0.04412  0.0149803 -0.0106659 0.00239018 -5.02305e-05 -9.42956e-05  6.75164e-05 -0.000808846  0.000609617  0.000936156  0.000901419 -0.000433522       -9.809 
               6.736 -0.0515294  0.0560992 -0.0719021 -0.0212062 -0.0219541 0.00144654 0 0 0   -0.011 -0.02329  0.04412  0.0149565 0.00230632 0.00210483 -2.23225e-05  -8.7206e-05  0.000104285 -0.000706299 -0.000331036   0.00097824 0.000810748 0.000440247      -9.809 
               6.823  -0.036604  0.0549918 -0.0802811  -0.0254112  -0.0225288 0.000844116 0 0 0   -0.011 -0.02329  0.04412   0.00173524 -0.000284487  -0.00087013 -3.95912e-05 -8.51422e-05  0.000113353  0.000404485 -8.89648e-05   0.00139588 -0.000221923  0.000224161       -9.809 
               6.921 -0.0367966  0.0520453  -0.113462   -0.0250038   -0.0156507 -0.000173808 0 0 0   -0.011 -0.02329  0.04412  0.00411795   0.0187804 -0.00410866 -3.89677e-05 -8.12669e-05  0.000151257 0.000289497 -0.00151151  0.00183979 -0.000106143   0.00154214       -9.809 
               7.066 -0.0402103  0.0609735  -0.061627  -0.027327  -0.021426 0.00180862 0 0 0   -0.011 -0.02329  0.04412 -0.00212709 -0.00077165  0.00395389 -3.54285e-05 -9.06836e-05  9.12006e-05 0.000872353 7.70046e-05 0.000737181 -0.000658855  7.42162e-05       -9.809 
               7.124 -0.0403021  0.0390788 -0.0284135 -0.0296921 -0.0179074 0.00133496 0 0 0   -0.011 -0.02329  0.04412 -0.00727397  0.00922124  0.00127193 -3.45331e-05  -6.5032e-05  5.30596e-05   0.00126929 -0.000630642   0.00109718 -0.00101948 0.000732721      -9.809 
               7.223  -0.03953 0.0432803 -0.072284  -0.0349746   -0.021517 0.000419125 0 0 0   -0.011 -0.02329  0.04412  -0.0187026  -0.0025663 -0.00275063 -3.59004e-05 -6.90258e-05  0.000103544   0.0021375 0.000282454  0.00162117  -0.00182992 -0.000100103       -9.809 
               7.319 -0.0466449  0.0543527  -0.140661   -0.0277738   -0.0220067 -0.000444092 0 0 0   -0.011 -0.02329  0.04412  0.00467411 -0.00125716 -0.00522139   -2.768e-05 -8.22877e-05  0.000180038 0.000494693 0.000240242  0.00193224 -0.000313261   -7.461e-05       -9.809 
               7.428 -0.0220279  0.0519532 -0.0889774   -0.023465  -0.0303934 0.000583802 0 0 0   -0.011 -0.02329  0.04412   0.0138712  -0.0224157 0.000232136 -5.61168e-05 -7.95056e-05  0.000120453 -0.000110084   0.00174468   0.00122013 0.000229607 -0.00146794      -9.809 
               7.525  -0.043759  0.0507115 -0.0276553  -0.022256 -0.0307365 0.00145338 0 0 0   -0.011 -0.02329  0.04412  0.0144586  -0.016928 0.00331375 -3.10227e-05 -7.75073e-05  5.03781e-05 -8.3535e-05  0.00140255 0.000825717 0.000208286  -0.0011546      -9.809 
               7.626 -0.0298864  0.0493882 -0.0976165  -0.0206284  -0.0407277 0.000675584 0 0 0   -0.011 -0.02329  0.04412     0.014456   -0.0382724 -0.000928148 -4.65699e-05 -7.56835e-05   0.00012878 -3.21688e-05   0.00289954   0.00136209 0.000144604 -0.00252611      -9.809 
               7.729 -0.0459961  0.0505833  -0.156191  -0.0232135  -0.0380709 0.000525626 0 0 0   -0.011 -0.02329  0.04412   0.00654792   -0.0216511 -0.000867802 -2.82859e-05 -7.64861e-05  0.000194102 0.000590175  0.00177947  0.00135112 -0.000414836  -0.00149158       -9.809 
                7.83 -0.0446261  0.0486143  -0.142217   -0.019628  -0.0310653 0.000865976 0 0 0   -0.011 -0.02329  0.04412    0.015636  0.00307714 0.000846325 -2.98502e-05 -7.36945e-05  0.000177333 2.56773e-05 0.000101934   0.0011343 0.000124348 3.62486e-05      -9.809 
               7.925  -0.043291  0.0482354 -0.0523519 -0.0237211 -0.0300476 0.00133209 0 0 0   -0.011 -0.02329  0.04412 0.00270186 0.00479713 0.00231758 -3.10574e-05 -7.26882e-05  7.61243e-05 0.000971895 4.27011e-05 0.000953033 -0.000741907  0.000105011       -9.809 
               8.022 -0.0383825  0.0496893 -0.0919528 -0.0260303 -0.0330877 0.00160587 0 0 0   -0.011 -0.02329  0.04412  -0.0035501 -0.00420066  0.00244342 -3.64107e-05  -7.3831e-05  0.000119567   0.0014366 0.000696786 0.000938387 -0.00117863  -0.0004842      -9.809 
               8.119 -0.0349227  0.0642712 -0.0829801 -0.0232337  -0.032978 0.00197522 0 0 0   -0.011 -0.02329  0.04412  0.00513131 -0.00199597  0.00294267  -3.9911e-05 -8.95438e-05   0.00010903 0.000914201 0.000572178 0.000878349 -0.000699337 -0.000379656       -9.809 
               8.219 -0.0306815  0.0389072  -0.098649 -0.0193806 -0.0287987  0.0021423 0 0 0   -0.011 -0.02329  0.04412   0.014247  0.0102904 0.00255639 -4.37517e-05 -6.18622e-05  0.000125467  0.000337543 -0.000220554  0.000925344 -0.000161017  0.000333761       -9.809 
               8.324 -0.0351595  0.0477513 -0.0882869  -0.0205083  -0.0319032 0.000664975 0 0 0   -0.011 -0.02329  0.04412   0.00801449 -0.000421488  -0.00383407  -3.9114e-05 -7.06872e-05   0.00011343 0.000800217 0.000532012  0.00167129 -0.000592364 -0.000341415       -9.809 
               8.426 -0.0440376  0.0523745 -0.0701445   -0.0210035   -0.0269525 -0.000455238 0 0 0   -0.011 -0.02329  0.04412  0.00631022   0.0129733 -0.00635556 -2.87029e-05 -7.50559e-05   9.3385e-05  0.000972835 -0.000281749   0.00195344 -0.000738112  0.000402228       -9.809 
               8.525 -0.0201615  0.0599295 -0.0349466  -0.0292854  -0.0246911 0.000832139 0 0 0   -0.011 -0.02329  0.04412  -0.0146706   0.0146691 0.000791199 -5.39845e-05 -8.17991e-05  5.52772e-05   0.00237235 -0.000368653   0.00113715 -0.00200955 0.000496816      -9.809 
               8.623 -0.0407586   0.054024  -0.127596  -0.015451 -0.0256062 0.00183245 0 0 0   -0.011 -0.02329  0.04412  0.0228336   0.011271 0.00388479 -3.23017e-05 -7.63994e-05  0.000152325  3.53798e-05 -0.000108356  0.000785374 0.000106885 0.000232239      -9.809 
               8.726 -0.0233587  0.0505131 -0.0510962  -0.0209245  -0.0310945 0.000360074 0 0 0   -0.011 -0.02329  0.04412  0.00338207 -0.00691668 -0.00303933 -5.06315e-05 -7.16577e-05  7.13778e-05  0.0012868 0.00103296 0.00154899  -0.00103567 -0.000785551       -9.809 
               8.824 -0.0391122  0.0434191 -0.0564212  -0.0239237  -0.0295004 9.37145e-05 0 0 0   -0.011 -0.02329  0.04412  -0.00409598 -0.000959979  -0.00287641 -3.36223e-05  -6.3697e-05  7.67471e-05  0.00177604 0.000708986   0.0015263 -0.00147537 -0.00048791      -9.809 
               8.924 -0.0371651  0.0469466  -0.104564 -0.0272764 -0.0278467 0.00116585 0 0 0   -0.011 -0.02329  0.04412  -0.010718 0.00369049  0.0021855 -3.56149e-05 -6.72133e-05  0.000126827  0.00221161 0.000458921 0.000969257  -0.00186752 -0.000260938       -9.809 
               9.028 -0.0382983  0.0492759 -0.0675966  -0.031787 -0.0231815 0.00114447 0 0 0   -0.011 -0.02329  0.04412  -0.017782   0.014754 0.00141966 -3.42492e-05 -6.91858e-05  8.82602e-05   0.00267097 -0.000160862   0.00105272 -0.00227689 0.000302079      -9.809 
               9.125 -0.0364288  0.0496325 -0.0544642 -0.0273595 -0.0228985 0.00088316 0 0 0   -0.011 -0.02329  0.04412  -0.00243219    0.0132943 -0.000121937 -3.59276e-05 -6.91865e-05  7.42463e-05 0.00178339 -4.164e-05 0.00121335  -0.0014779 0.000187265      -9.809 
               9.229 -0.0464531  0.0575875 -0.0417708 -0.0302156 -0.0231769 0.00124204 0 0 0   -0.011 -0.02329  0.04412 -0.00841897  0.00934923   0.0011776 -2.51147e-05 -7.72349e-05   6.0542e-05   0.0021765 0.000242415   0.0010756  -0.00183411 -6.49514e-05       -9.809 
               9.328 -0.0469321  0.0401159 -0.0497849  -0.0303796  -0.0299809 0.000450868 0 0 0   -0.011 -0.02329  0.04412  -0.0078183  -0.0102334 -0.00239029 -2.35476e-05 -5.86408e-05  6.83071e-05 0.00214579 0.00141783 0.00144675 -0.00181323  -0.0011185      -9.809 
               9.431 -0.0492848  0.0529438  -0.091796   -0.0246916   -0.0325023 -0.000147154 0 0 0   -0.011 -0.02329  0.04412  0.00816354   -0.012325 -0.00379487 -2.09137e-05 -7.11636e-05  0.000111566   0.001262 0.00157222 0.00158724 -0.00102137 -0.00126184      -9.809 
               9.521 -0.0434912  0.0625723 -0.0963684 -0.0239648 -0.0328886 0.00103179 0 0 0   -0.011 -0.02329  0.04412 0.00901075 -0.0100688 0.00190471 -2.67038e-05 -8.05566e-05  0.000115502  0.00126238    0.001463 0.000989837 -0.00102258 -0.00116585      -9.809 
               9.622 -0.0393266  0.0418655 -0.0874104 -0.0217299 -0.0399119 0.00043545 0 0 0   -0.011 -0.02329  0.04412   0.0116165    -0.02538 -0.00123437 -3.11378e-05 -5.94346e-05  0.000106073 0.00113183 0.00235253  0.0013095 -0.000910881     -0.00196       -9.809 
               9.728 -0.0470712  0.0446235 -0.0829238   -0.0246634   -0.0376336 -0.000187482 0 0 0   -0.011 -0.02329  0.04412  0.00307566  -0.0128652 -0.00283544 -2.27883e-05 -6.15676e-05  0.000101013 0.00165281 0.00167998 0.00146695 -0.00137031 -0.00135553      -9.809 
               9.824 -0.0527861  0.0395156 -0.0451614 -0.0240373 -0.0307203 7.5773e-05 0 0 0   -0.011 -0.02329  0.04412   0.00551838   0.00932957 -0.000656292 -1.63845e-05 -5.61287e-05  6.25792e-05  0.00154628 0.000488612  0.00124984   -0.0012631 -0.000297935       -9.809 
               9.924 -0.0413179    0.04508 -0.0318126  -0.0264535  -0.0255213 0.000427642 0 0 0   -0.011 -0.02329  0.04412 -0.000610862    0.0204282   0.00100255 -2.80329e-05 -6.14454e-05   4.8861e-05   0.00192024 -8.51961e-05   0.00108516 -0.00159008  0.00021543      -9.809 
              10.024 -0.0311905  0.0517108  -0.101411 -0.0210058 -0.0287798 0.00066582 0 0 0   -0.011 -0.02329  0.04412  0.0126017 0.00783113 0.00126806 -3.78448e-05 -6.77049e-05  0.000118018   0.0012283 0.000620319  0.00105766  -0.00098181 -0.000417495       -9.809 
              10.144 -0.0440304  0.0448613 -0.0565769   -0.0333669   -0.0213289 -1.09714e-05 0 0 0   -0.011 -0.02329  0.04412 -0.0186945  0.0230626 -0.0011751 -2.50437e-05 -6.09789e-05  7.28236e-05   0.00296078 -0.000144689   0.00129556 -0.00251154 0.000275524      -9.809 
              10.229 -0.0469361  0.0521059 -0.0269613    -0.0331 -0.0139276 0.00027186 0 0 0   -0.011 -0.02329  0.04412  -0.0128431   0.0387917 0.000357365 -2.19841e-05 -6.76446e-05  4.35486e-05  0.00267211 -0.00094509  0.00114565 -0.00225126  0.00098055      -9.809 
              10.325 -0.0352741  0.0485246 -0.0691007  -0.0328812  -0.0173014 0.000178228 0 0 0   -0.011 -0.02329  0.04412 -0.00991709   0.0206467 -0.00035366 -3.36531e-05  -6.3845e-05  8.47626e-05  0.00253086 4.42493e-05  0.00121061 -0.00213143 0.000106023      -9.809 
              10.426  -0.043912  0.0508244 -0.0688814   -0.0288601   -0.0227322 -0.000374386 0 0 0   -0.011 -0.02329  0.04412  0.00170232  0.00234831 -0.00259605 -2.45735e-05 -6.57746e-05  8.37141e-05 0.00194175 0.00104036 0.00141873  -0.00161458 -0.000774637       -9.809 
              10.531 -0.0341799  0.0490522  -0.100973 -0.0265669 -0.0270616  0.0012372 0 0 0   -0.011 -0.02329  0.04412  0.00656835 -0.00891926  0.00397658 -3.39166e-05 -6.36637e-05   0.00011506  0.00171229  0.00164391 0.000795168 -0.00141595 -0.00130855      -9.809 
              10.633 -0.0260593  0.0578396  -0.045736 -0.0247869 -0.0298624  0.0016905 0 0 0   -0.011 -0.02329  0.04412 0.00968692 -0.0136171 0.00412319 -4.15976e-05 -7.19279e-05  5.99161e-05  0.00159004  0.00189196 0.000783198 -0.00130956 -0.00152707      -9.809 
              10.725 -0.0548228   0.059134 -0.0892653 -0.0242557 -0.0236333 0.00151171 0 0 0   -0.011 -0.02329  0.04412  0.0104972 0.00654736 0.00222804 -1.32453e-05 -7.28488e-05  0.000102109  0.00159002 0.000890376 0.000962032   -0.0013031 -0.000648449       -9.809 
              10.827 -0.0408231  0.0533204  -0.081192  -0.0286313  -0.0223761 0.000817898 0 0 0   -0.011 -0.02329  0.04412 -0.00210467  0.00761341 -0.00107301 -2.69122e-05 -6.65613e-05  9.36702e-05  0.00227233 0.000862459  0.00126749 -0.00190074 -0.00061706      -9.809 
              10.928 -0.0378706   0.059132 -0.0950737    -0.030833   -0.0143024 -4.71757e-05 0 0 0   -0.011 -0.02329  0.04412  -0.0052868   0.0269159 -0.00353738 -2.95222e-05 -7.18814e-05  0.000106929   0.00247573 -0.000100668   0.00149125 -0.00207025 0.000226707      -9.809 
              11.021 -0.0409129  0.0617291 -0.0571386 -0.0286418 -0.0201728 0.00140203 0 0 0   -0.011 -0.02329  0.04412 0.00067458 0.00562543 0.00278682 -2.64529e-05 -7.40888e-05  6.90321e-05  0.00219424  0.00101826 0.000909018  -0.00183599 -0.000753603       -9.809 
              11.125 -0.0379366  0.0391749 -0.0231807   -0.029642  -0.0175526 0.000981295 0 0 0   -0.011 -0.02329  0.04412  -0.0014111   0.0109931 0.000268063 -2.91792e-05 -5.15829e-05  3.54423e-05  0.00231056 0.000772095  0.00113884  -0.00193472 -0.000537307       -9.809 
              11.228  -0.041534  0.0487098 -0.0694784  -0.0361079  -0.0226426 0.000416929 0 0 0   -0.011 -0.02329  0.04412  -0.0171685 -0.00540509 -0.00199691 -2.58309e-05 -6.02675e-05  8.00229e-05 0.00313163 0.00163591 0.00134269 -0.00265607 -0.00127956      -9.809 
              11.327 -0.0400083   0.057188  -0.145629   -0.0258657    -0.024004 -3.00263e-05 0 0 0   -0.011 -0.02329  0.04412   0.0123566 -0.00551993 -0.00311477 -2.72129e-05 -6.87333e-05  0.000153082 0.00167102 0.00165377 0.00143771 -0.00138775 -0.00130547      -9.809 
              11.426 -0.0192283  0.0535787 -0.0980351 -0.0214046 -0.0323787   0.001237 0 0 0   -0.011 -0.02329  0.04412  0.0198675 -0.0258366 0.00238152 -4.74528e-05  -6.5045e-05  0.000106292  0.00132013   0.0026543 0.000946054 -0.00109175 -0.00217683      -9.809 
              11.526 -0.0465591  0.0500392 -0.0395677 -0.019691 -0.032555 0.0014858 0 0 0   -0.011 -0.02329  0.04412  0.0199281 -0.0190672 0.00244606 -2.10665e-05 -6.13173e-05   5.0351e-05  0.00135167  0.00234705 0.000940958 -0.00111596 -0.00191102      -9.809 
              11.625 -0.0260597  0.0442965  -0.111556  -0.0171452  -0.0439255 0.000433354 0 0 0   -0.011 -0.02329  0.04412    0.020362  -0.0437961 -0.00255625 -4.11792e-05 -5.55953e-05  0.000117934 0.00134347 0.00354504 0.00137268 -0.00112273  -0.0029414      -9.809 
              11.727 -0.0457565  0.0496737  -0.169724   -0.023425  -0.0385647 0.000121445 0 0 0   -0.011 -0.02329  0.04412 0.00259721 -0.0195956  -0.002307 -2.19477e-05 -6.00619e-05   0.00017294 0.00224966 0.00239695 0.00134957  -0.0018903 -0.00194138      -9.809 
              11.824 -0.0454197  0.0469342  -0.152871  -0.0195581   -0.032332 0.000647717 0 0 0   -0.011 -0.02329  0.04412   0.0129475  0.00259876 0.000582703 -2.21635e-05 -5.71388e-05  0.000156137 0.00178153 0.00134372  0.0010997 -0.00147037 -0.00104628      -9.809 
              11.922  -0.042601   0.046091 -0.0561681   -0.023297  -0.0304435 0.000985152 0 0 0   -0.011 -0.02329  0.04412 0.00141819 0.00648586 0.00167997 -2.45542e-05 -5.58744e-05  6.55537e-05 0.00235929 0.00118821 0.00100616  -0.00196418 -0.000901182       -9.809 
              12.024 -0.0344702  0.0490435 -0.0845125 -0.0255063  -0.033317 0.00106432 0 0 0   -0.011 -0.02329  0.04412 -0.00440571 -0.00265569  0.00126934 -3.21873e-05  -5.8114e-05  9.11456e-05 0.00264977 0.00163713 0.00104045 -0.00222405 -0.00127801      -9.809 
              12.125 -0.0320255   0.066195 -0.0833523 -0.0246268 -0.0338221 0.00180359 0 0 0   -0.011 -0.02329  0.04412 -0.000513674  -0.00286305    0.0034911 -3.42625e-05 -7.35739e-05  8.96274e-05 0.00250525 0.00165591 0.00085684  -0.0021013 -0.00129807      -9.809 
              12.223 -0.0334545  0.0442474  -0.108027 -0.0227968 -0.0304216 0.00245142 0 0 0   -0.011 -0.02329  0.04412 0.00482631   0.007241 0.00465332 -3.25367e-05 -5.36655e-05  0.000111326   0.0022727  0.00120283 0.000763659  -0.00189419 -0.000916786       -9.809 
              12.324 -0.0335017  0.0414673 -0.0816984  -0.0213545  -0.0320135 0.000861278 0 0 0   -0.011 -0.02329  0.04412  0.00704584   0.0016278 -0.00291214 -3.23456e-05 -5.09002e-05  8.67946e-05 0.00218232 0.00147302 0.00136974 -0.00182075 -0.00114558      -9.809 
              12.427 -0.0431818  0.0534228 -0.0651666    -0.021053   -0.0243585 -0.000620159 0 0 0   -0.011 -0.02329  0.04412  0.00775013   0.0213259 -0.00694358 -2.38355e-05 -6.14874e-05  7.13421e-05  0.00219029 0.000614488  0.00168907  -0.00181302 -0.000413876       -9.809 
              12.526 -0.0229647  0.0588169 -0.0421701  -0.0279649  -0.0248496 0.000818705 0 0 0   -0.011 -0.02329  0.04412  -0.0108547   0.0137914 0.000818584 -4.17663e-05 -6.69901e-05  4.98559e-05  0.00305183 0.000962431  0.00106294  -0.00255056 -0.000698609       -9.809 
              12.625 -0.0372078  0.0514228  -0.116595 -0.0166196 -0.0257611  0.0017384 0 0 0   -0.011 -0.02329  0.04412  0.0192282 0.00998253 0.00360122 -2.85062e-05  -5.8554e-05  0.000117393  0.00171616  0.00114738 0.000837573  -0.00142229 -0.000873248       -9.809 
              12.721 -0.0294551  0.0520668 -0.0523839   -0.022319  -0.0316235 0.000800172 0 0 0   -0.011 -0.02329  0.04412 2.31688e-05 -0.00887719 -0.00126054 -3.44894e-05  -5.9632e-05  5.83911e-05 0.00259616  0.0020026 0.00122716 -0.00217232 -0.00158492      -9.809 
              12.827  -0.040456  0.0456429 -0.0616656  -0.0252081   -0.029077 9.75106e-05 0 0 0   -0.011 -0.02329  0.04412  -0.00616611 -1.72893e-05  -0.00318378 -2.47093e-05 -5.37914e-05   6.6533e-05 0.00288796 0.00163032 0.00137844 -0.00241513 -0.00126731      -9.809 
              12.924 -0.0385522  0.0475518  -0.109063  -0.0276417  -0.0280479 0.000893785 0 0 0   -0.011 -0.02329  0.04412  -0.0103372  0.00277302 0.000928941 -2.63697e-05 -5.53486e-05  0.000108691 0.00308734 0.00152249 0.00105364 -0.00258291 -0.00117663      -9.809 
              13.032 -0.0400776  0.0481256 -0.0714354  -0.0316128  -0.0223459 0.000972581 0 0 0   -0.011 -0.02329  0.04412 -0.0160064  0.0164633 0.00100665 -2.50807e-05 -5.57146e-05  7.45358e-05  0.00335475 0.000944028   0.0010475  -0.00280343 -0.000688753       -9.809 
              13.121 -0.0358379  0.0500412 -0.0593587  -0.0262344  -0.0241927 0.000612148 0 0 0   -0.011 -0.02329  0.04412 0.000636753  0.00907114  -0.0008216 -2.86313e-05 -5.70818e-05  6.34857e-05 0.00263777 0.00127735 0.00118672  -0.00220426 -0.000974126       -9.809 
              13.225 -0.0498256   0.051053 -0.0416217 -0.0306507 -0.0243537 0.00112981 0 0 0   -0.011 -0.02329  0.04412 -0.0100205 0.00606264  0.0013523 -1.61224e-05 -5.77889e-05  4.75211e-05 0.00311701 0.00144102 0.00101994 -0.00260755   -0.001107      -9.809 
              13.329 -0.0467057  0.0390172 -0.0513117  -0.0314182   -0.031339 0.000138047 0 0 0   -0.011 -0.02329  0.04412  -0.0105737  -0.0132794 -0.00297798 -1.86176e-05 -4.69426e-05  5.57792e-05 0.00313807 0.00228918 0.00134595  -0.0026298 -0.00181314      -9.809 
              13.425 -0.0508971  0.0529357  -0.087037   -0.0272906   -0.0328075 -0.000385219 0 0 0   -0.011 -0.02329  0.04412 0.00232485 -0.0123779  -0.003921 -1.48685e-05 -5.88009e-05  8.73437e-05 0.00261008 0.00227052 0.00141362 -0.00218943 -0.00180072      -9.809 
              13.526 -0.0406102  0.0638881  -0.104771  -0.0221946  -0.0325672 0.000736907 0 0 0   -0.011 -0.02329  0.04412    0.014878 -0.00749935  0.00149117 -2.44192e-05 -6.77899e-05  0.000102803 0.00210824 0.00207043 0.00100097 -0.00177281 -0.00163851      -9.809 
              13.621 -0.0388387  0.0415584 -0.0842372 -0.0212161 -0.0378486 0.00032243 0 0 0   -0.011 -0.02329  0.04412    0.0132676   -0.0194429 -0.000725666 -2.51863e-05 -4.75478e-05  8.38085e-05  0.0021824 0.00258841 0.00116966 -0.00183697 -0.00206672      -9.809 
               13.72 -0.0450981  0.0474944 -0.0750412   -0.0243714   -0.0357332 -1.06205e-05 0 0 0   -0.011 -0.02329  0.04412  0.00367288 -0.00943224 -0.00150763 -1.98404e-05   -5.293e-05  7.52787e-05 0.00261289 0.00218113 0.00122774 -0.00219031 -0.00172589      -9.809 
               13.82 -0.0549132  0.0461661 -0.0487444  -0.0234566  -0.0300427 0.000273902 0 0 0   -0.011 -0.02329  0.04412  0.00633996  0.00850767 0.000279186 -1.11238e-05 -5.15426e-05  5.17174e-05 0.00251807 0.00144576 0.00109165 -0.00210449 -0.00112103      -9.809 
              13.929 -0.0357082  0.0487825 -0.0446237  -0.0264485  -0.0255366 0.000426765 0 0 0   -0.011 -0.02329  0.04412 -0.00153931   0.0172678 0.000837539 -2.81591e-05 -5.36548e-05  4.78825e-05 0.00287442 0.00108925 0.00104953 -0.00239498  -0.0008237      -9.809 
              14.029 -0.0384698  0.0500032 -0.0872097   -0.023223  -0.0262054 0.000489432 0 0 0   -0.011 -0.02329  0.04412  0.00660931   0.0119972 0.000644257 -2.56892e-05 -5.45496e-05   8.4802e-05  0.0025459 0.00132896  0.0010632 -0.00212648 -0.00102374      -9.809 
               14.13 -0.0459204  0.0419347 -0.0591884    -0.034871   -0.0177182 -0.000367465 0 0 0   -0.011 -0.02329  0.04412  -0.0221716   0.0297615 -0.00224473 -1.85979e-05 -4.64174e-05  5.99528e-05  0.00376297 0.000620334  0.00127568  -0.00312068 -0.000432419       -9.809 
              14.227 -0.0433972  0.0525433 -0.0151914   -0.0335287   -0.0140322 -4.17299e-05 0 0 0   -0.011 -0.02329  0.04412   -0.0131342    0.0329842 -0.000279634 -2.05899e-05 -5.57452e-05  2.10395e-05  0.00340151 0.000509882  0.00113011 -0.00282453 -0.00034499      -9.809 
              14.328 -0.0385584   0.048511 -0.0627531  -0.0327588  -0.0176356 0.000156931 0 0 0   -0.011 -0.02329  0.04412 -0.00875161    0.015645 0.000316712  -2.5329e-05 -5.21418e-05  6.22227e-05 0.00322799 0.00124609 0.00108572 -0.00268512 -0.00094749      -9.809 
              14.428 -0.0383949  0.0550359 -0.0866481  -0.0258616  -0.0246738 0.000400511 0 0 0   -0.011 -0.02329  0.04412   0.0140859 -0.00522974  0.00706831 -2.61329e-05 -5.81682e-05  8.24629e-05 0.00250444  0.0021158 0.00107277 -0.00209542  -0.0016582      -9.809 
              14.522 -0.032387 0.0821572 -0.102131 -0.0257441 -0.0295997 0.00388098 0 0 0   -0.011 -0.02329  0.04412  0.0363355 -0.0146358  0.0743374 -3.14957e-05 -5.79905e-05  9.54882e-05  0.00278752  0.00262157 0.000914586  -0.0023263 -0.00206947      -9.809 
              14.621 -0.0460946   0.539944  -0.112976 -0.0285274 -0.0276956   0.015925 0 0 0   -0.011 -0.02329  0.04412   0.0265657 -0.00593268    0.211967 -4.77298e-05  0.000148084  0.000101755 0.00340966 0.00231194 0.00114007 -0.00283157 -0.00181496      -9.809 
               14.73 -0.123558   1.16893 0.0308401 -0.0158957 -0.0258212  0.0442986 0 0 0   -0.011 -0.02329  0.04412  0.0549914 0.00170704   0.410668 -7.23499e-05  0.000405998 -1.01382e-05 0.00243051 0.00200097 0.00281064 -0.00211614 -0.00156451      -9.809 
              14.824 -0.197794    1.7335 -0.106187  -0.012679 -0.0293651  0.0835964 0 0 0   -0.011 -0.02329  0.04412   0.0701685 -0.00698261     0.59115 -5.32278e-05   6.2547e-05  0.000118064 0.00260383  0.0024225 0.00466515  -0.0025387 -0.00191026      -9.809 
               14.93  -0.197105     1.5947 -0.0522881  -0.004089 -0.0293708   0.148757 0 0 0   -0.011 -0.02329  0.04412   0.0970128 -0.00285892    0.806498 -1.42859e-05 -0.000228823  7.85928e-05 0.00233095 0.00236267 0.00676418 -0.00284024 -0.00189458      -9.809 
              15.028  -0.145967    1.01778 -0.0342443   0.002469 -0.0301748   0.230988 0 0 0   -0.011 -0.02329  0.04412    0.105791 -0.00289369     1.01649  6.70282e-06 -0.000349079  7.03791e-05 0.00242928 0.00243506 0.00825024 -0.00337018 -0.00198542      -9.809 
              15.128 -0.0791921   0.442168 -0.0221863 0.0128073 -0.029974  0.346064 0 0 0   -0.011 -0.02329  0.04412    0.107604 -0.00119047     1.20493  4.46602e-06 -0.000289358  6.37551e-05 0.00246172 0.00239082 0.00855639 -0.00348196 -0.00195663      -9.809 
              15.229 -0.0174468 0.00688239 -0.0426131  0.0253012 -0.0248402   0.470903 0 0 0   -0.011 -0.02329  0.04412  0.107932 0.0129754    1.2785  -5.3983e-06 -0.000191768  7.56141e-05 0.00226986 0.00186514 0.00829977 -0.00327986 -0.00153225      -9.809 
              15.326 0.00837915  -0.252792 -0.0383075  0.0297625 -0.0189942   0.598725 0 0 0   -0.011 -0.02329  0.04412 0.0859528 0.0235216   1.30087 -1.38788e-05 -0.000131482  6.64789e-05 0.00281366 0.00144182 0.00694152 -0.00360478 -0.00119139      -9.809 
              15.424  0.016992 -0.414923  -0.06196  0.0423202 -0.0206875   0.733786 0 0 0   -0.011 -0.02329  0.04412 0.0861972  0.012856   1.30978 -3.26509e-05  -9.5537e-05  8.37004e-05 0.00238501 0.00178185 0.00410444 -0.00329836 -0.00148449      -9.809 
               15.53   0.011301  -0.520013 -0.0551383  0.0568704 -0.0162218   0.884731 0 0 0   -0.011 -0.02329  0.04412 0.0870467 0.0200582    1.2851 -2.55144e-05 -8.46478e-05  7.96407e-05 0.00174264 0.00142542 0.00176357 -0.00298196 -0.00123361      -9.809 
              15.601    0.025449   -0.601396 -0.00546304  0.0526821 -0.0241712    0.98037 0 0 0   -0.011 -0.02329  0.04412   0.0499596 -0.00862656     1.27403 -7.71739e-06  -5.9127e-05  4.22588e-05  0.00267138  0.00248535 -0.00033776 -0.00398948 -0.00211272      -9.809 
              15.748 0.0528624 -0.623117 0.0189359  0.0533791 -0.0238599    1.16814 0 0 0   -0.011 -0.02329  0.04412    0.019469 -0.00672264     1.21065 -8.19321e-06 -4.87336e-05  2.14508e-05  0.00296247  0.00233213 -0.00221007 -0.00450598 -0.00203057      -9.809 
              15.824  0.0871344  -0.639229 0.00475783  0.0481379 -0.0186095    1.25264 0 0 0   -0.011 -0.02329  0.04412 -0.00555525  0.00697945     1.14666 -2.34799e-05 -3.12743e-05  3.40012e-05  0.00365142   0.0017809 -0.00113376 -0.00487297 -0.00157214      -9.809 
              15.926    0.08381  -0.628672 -0.0442207  0.0468878 -0.0173022    1.36953 0 0 0   -0.011 -0.02329  0.04412 -0.0176224 0.00698764    1.07467  -3.0387e-05 -3.34675e-05  7.46816e-05   0.00369662   0.00172601 -0.000693989 -0.00483309 -0.00151625      -9.809 
              16.024 0.0720255 -0.599524 0.0398183  0.0449778 -0.0209909    1.46973 0 0 0   -0.011 -0.02329  0.04412  -0.0278907 -0.00627211      1.0211 -3.74733e-05 -2.95655e-05  5.87087e-06   0.00368499   0.00214392 -0.000894508 -0.00485275 -0.00185095      -9.809 
              16.124    0.0590945     -0.56259 -0.000883192  0.0575817 -0.0169195    1.56422 0 0 0   -0.011 -0.02329  0.04412 0.00246777 0.00768527   0.949095 -3.77285e-05 -1.77248e-05  4.14459e-05   0.0022879  0.00161455 4.24934e-05 -0.00360893 -0.00138681      -9.809 
              16.226    0.0435045    -0.509872 -0.000709196  0.0636303 -0.0131667    1.66406 0 0 0   -0.011 -0.02329  0.04412 0.00878291  0.0154538   0.894792 -3.45139e-05 -4.95352e-06  3.89776e-05   0.00165669   0.00128247 -0.000387326 -0.00319314 -0.00113098      -9.809 
               16.32 0.0340416 -0.451883 0.0211731  0.0685443 -0.0202972    1.74457 0 0 0   -0.011 -0.02329  0.04412   0.0118526 -0.00681283    0.842141 -1.49205e-05 -4.72592e-06  1.87128e-05   0.00133258   0.00209587 -0.000315091 -0.00291419 -0.00175751      -9.809 
              16.431 0.0500904 -0.390421 -0.015138 0.0676599 -0.025026   1.83671 0 0 0   -0.011 -0.02329  0.04412 0.000404432  -0.0181067    0.792904 -2.69544e-05 -1.82149e-05  4.82442e-05  0.00147585  0.00245844 -0.00095598 -0.00310662 -0.00205957      -9.809 
              16.527  0.0527619  -0.339432 -0.0125477  0.0658678 -0.0111259    1.90764 0 0 0   -0.011 -0.02329  0.04412 -0.00546553   0.0212115    0.736068 -1.98921e-05 -8.51954e-06  4.88163e-05   0.00151563  0.000972867 -0.000501016  -0.00311227 -0.000896467       -9.809 
              16.623  0.0622261   -0.29227 -0.0871589  0.0706739 -0.0221832    1.97834 0 0 0   -0.011 -0.02329  0.04412 0.00148912  -0.012008   0.681821 -2.04249e-05 -8.90397e-06  0.000107372   0.00115489   0.00217608 -0.000302894 -0.00278753 -0.00181527      -9.809 
              16.725  0.0734852   -0.23981 -0.0118489  0.0662092 -0.0279372    2.04742 0 0 0   -0.011 -0.02329  0.04412 -0.0138817 -0.0253318    0.64232 -1.85048e-05 -1.81351e-05  4.67066e-05    0.0015541   0.00262111 -0.000937863  -0.0031502 -0.00218148      -9.809 
               16.83  0.0749791  -0.214422 -0.0341091  0.0629056 -0.0343277    2.10744 0 0 0   -0.011 -0.02329  0.04412  -0.021816 -0.0364808   0.578313 -2.55399e-05 -1.48929e-05  6.50116e-05   0.00177945   0.00300083 -2.35262e-06 -0.00324085 -0.00244838      -9.809 
              16.924  0.0609587  -0.189021 -0.0380086  0.0572248 -0.0453419    2.15972 0 0 0   -0.011 -0.02329  0.04412 -0.0343314  -0.058745   0.537864 -3.20019e-05 -2.89982e-05  6.71968e-05   0.00215581   0.00375282 -0.000117166  -0.0035333 -0.00303085      -9.809 
              17.042    0.05591  -0.194539 -0.0314282 0.0483347 -0.046903   2.22267 0 0 0   -0.011 -0.02329  0.04412 -0.0476292 -0.0468179   0.486439 -2.43714e-05 -3.66252e-05  6.21307e-05    0.0024961   0.00327338 -0.000148332 -0.00379941  -0.0026669      -9.809 
              17.125  0.0573373  -0.229761 -0.0678571   0.046906 -0.0457959    2.26114 0 0 0   -0.011 -0.02329  0.04412 -0.0420269 -0.0332116     0.4535 -1.54201e-05 -5.03367e-05  9.38792e-05   0.00222801   0.00278798 -0.000135167 -0.00359518 -0.00229551      -9.809 
              17.228  0.0482468  -0.263385 -0.0925849  0.0493539 -0.0515276    2.30491 0 0 0   -0.011 -0.02329  0.04412 -0.0286056 -0.0379814   0.412003 -2.29552e-05 -5.69829e-05  0.000114563   0.00165301   0.00295002 -2.19419e-05 -0.00314814 -0.00241483      -9.809 
              17.323 0.0343523 -0.296322 0.0125316  0.0339799 -0.0456584    2.33992 0 0 0   -0.011 -0.02329  0.04412 -0.0599559 -0.0165141   0.369588 -3.83527e-05 -4.14911e-05  3.33433e-05  0.00270694  0.00217536 0.000407033 -0.00392106 -0.00181249      -9.809 
              17.421 0.00220402  -0.289833     0.0226  0.0185827 -0.0409517    2.37827 0 0 0   -0.011 -0.02329  0.04412  -0.0841619 -0.00133882    0.341302 -3.95987e-05  -2.8074e-05  2.61401e-05   0.00343589   0.00165181 -8.27196e-05 -0.00451107 -0.00142498      -9.809 
              17.528 -0.0427151   -0.26277 -0.0257569 0.00813385 -0.0389101     2.4116 0 0 0   -0.011 -0.02329  0.04412 -0.0897837 0.00507598   0.302701  -4.3047e-05 -1.07945e-05  6.30299e-05  0.00355081  0.00147359 0.000127788 -0.00458142 -0.00128591      -9.809 
              17.625 -0.0969499  -0.211395 -0.0443436 0.00525729 -0.0433919    2.43824 0 0 0   -0.011 -0.02329  0.04412  -0.0784958 -0.00570131    0.269887 -4.42136e-05 -1.47716e-05  7.23069e-05   0.0030873  0.00190026 0.000357743 -0.00421035  -0.0016039      -9.809 
              17.722 -0.132306 -0.170908 0.0350999 0.000760842  -0.0437288     2.46199 0 0 0   -0.011 -0.02329  0.04412  -0.0720125 -0.00203696    0.239974 -4.18659e-05 -1.43096e-05  6.38719e-06  0.00282703   0.0018735 0.000545489 -0.00400035 -0.00158187      -9.809 
              17.825 -0.167067 -0.134656 0.0159723 -0.00363395  -0.0430842     2.48706 0 0 0   -0.011 -0.02329  0.04412 -0.064127 0.0030629   0.22111 -3.02125e-05 -2.15436e-05  1.89224e-05  0.00255545  0.00179291 0.000169096 -0.00382327 -0.00151585      -9.809 
              17.926 -0.183609 -0.091742 0.0250431 -0.0141488 -0.0434891    2.50808 0 0 0   -0.011 -0.02329  0.04412 -0.0724638 0.00318017   0.195134 -3.33809e-05 -1.69188e-05  6.17191e-06  0.00289015  0.00189068 0.000396507 -0.00405878  -0.0015972      -9.809 
              18.022   -0.20224 -0.0248405 -0.0318458 -0.0125978 -0.0475194    2.52466 0 0 0   -0.011 -0.02329  0.04412  -0.0518419 -0.00337848    0.172892 -3.06071e-05 -4.94938e-07  5.12541e-05  0.00221656  0.00222468 0.000641019 -0.00353902 -0.00184356      -9.809 
              18.125  -0.205469  0.0484379 -0.0143389 -0.0221976 -0.0398478    2.54332 0 0 0   -0.011 -0.02329  0.04412 -0.058691  0.018046  0.161495 -2.40497e-05 -1.77833e-07  3.95415e-05  0.00252004  0.00156872 0.000250995  -0.0037914 -0.00134653      -9.809 
              18.221 -0.194098  0.115481 0.0190297 -0.0305104 -0.0335573    2.55759 0 0 0   -0.011 -0.02329  0.04412 -0.0613231  0.0310108   0.145819 -1.59478e-05 -9.68698e-06  1.64298e-05  0.00273473  0.00118799 0.000319925 -0.00395712 -0.00106988      -9.809 
              18.322  -0.158549   0.166089 0.00632213 -0.0420851 -0.0318281    2.57001 0 0 0   -0.011 -0.02329  0.04412 -0.0704692  0.0288693   0.125673 -2.60024e-06 -1.52354e-05  2.95398e-05  0.00319048  0.00135358 0.000762226 -0.00429095  -0.0012176      -9.809 
              18.431  -0.119576   0.204252 0.00987872 -0.0437663 -0.0315617     2.5845 0 0 0   -0.011 -0.02329  0.04412 -0.0522346  0.0251158   0.119327  2.00576e-06 -1.93868e-05  3.21737e-05 0.00275483 0.00158207 0.00047883 -0.00396004 -0.00136828      -9.809 
              18.526  -0.0941183    0.236129 -0.00318203 -0.0534836  -0.036971    2.59263 0 0 0   -0.011 -0.02329  0.04412 -0.0616861 0.00374018   0.100072 -2.14902e-05 -2.29418e-05  4.10841e-05  0.00322034  0.00227696 0.000988302  -0.0043031 -0.00190397      -9.809 
              18.624 -0.0815199   0.255391  0.0432924 -0.0521858 -0.0364859    2.60133 0 0 0   -0.011 -0.02329  0.04412  -0.039412 0.00527981  0.0886366 -1.44994e-05 -1.82818e-05  4.98437e-06 0.00263026  0.0022256 0.00109778 -0.00387472 -0.00185675      -9.809 
               18.72 -0.0391101   0.284121  0.0317755 -0.0533178 -0.0381208     2.6096 0 0 0   -0.011 -0.02329  0.04412  -0.0284618 0.000433298   0.0798027  3.82821e-06 -2.64237e-05  1.26803e-05 0.00243162 0.00239807 0.00114999 -0.00372773  -0.0019798      -9.809 
              18.822   0.0193562    0.287676 -0.00417873 -0.0511869 -0.0407969    2.61845 0 0 0   -0.011 -0.02329  0.04412  -0.0118647 -0.00547186   0.0774267 -5.35595e-07 -3.02365e-05  3.98352e-05  0.0020798 0.00259773 0.00094161 -0.00345401 -0.00211646      -9.809 
              18.926 0.0585388  0.295478 0.0282436 -0.0608682 -0.0372503    2.62751 0 0 0   -0.011 -0.02329  0.04412 -0.0256013 0.00116565  0.0772477 -6.97672e-06 -2.78028e-05  1.49652e-05  0.00276153  0.00230068 0.000690834 -0.00394323 -0.00191695      -9.809 
              19.021 0.0838711  0.325965 0.0340941 -0.0629786 -0.0387141    2.63429 0 0 0   -0.011 -0.02329  0.04412   -0.020741 -0.00347288   0.0730307  -1.2101e-05 -1.97156e-05  1.09551e-05  0.00276633  0.00242943 0.000746772 -0.00394712 -0.00200983      -9.809 
              19.134  0.0835069   0.358935 -0.0214979 -0.0616095 -0.0428238    2.64503 0 0 0   -0.011 -0.02329  0.04412 -0.00689039   -0.013795   0.0782029 -1.29135e-05 -1.16326e-05  5.18278e-05  0.00255217  0.00268425 0.000343583 -0.00375727 -0.00219923      -9.809 
              19.228  0.0906532   0.402559 -0.0126191 -0.0631194 -0.0402988    2.64929 0 0 0   -0.011 -0.02329  0.04412   -0.002922 -0.00611934   0.0681982   -2.891e-05 -1.88251e-05  4.38568e-05  0.00257794  0.00237736 0.000901984 -0.00382595 -0.00196019      -9.809 
              19.324 0.0834725  0.416932 0.0561618 -0.0650368 -0.0403182    2.65571 0 0 0   -0.011 -0.02329  0.04412 -0.00158875  -0.0053876    0.067901 -1.65962e-05 -2.76246e-05 -7.68865e-06   0.002726  0.0023444 0.00090456 -0.00393383 -0.00193937      -9.809 
              19.428 0.0672692  0.417414 0.0405566 -0.0713018 -0.0361753    2.66185 0 0 0   -0.011 -0.02329  0.04412 -0.00926213  0.00361308   0.0651319 -2.40466e-05   -3.521e-05  3.77886e-06 0.00317943   0.001997 0.00105912 -0.00428148 -0.00169283      -9.809 
              19.523  0.0512371   0.408676 0.00882506  -0.068139 -0.0348398    2.66862 0 0 0   -0.011 -0.02329  0.04412 0.00530484 0.00623809  0.0655154 -3.18925e-05  -4.4401e-05  2.77519e-05    0.002869  0.00188681 0.000997527 -0.00405536 -0.00160954      -9.809 
              19.633 0.0229466  0.375079 0.0138161  -0.065964 -0.0387963    2.67326 0 0 0   -0.011 -0.02329  0.04412   0.0132676 -0.00503078   0.0573628 -3.20451e-05 -4.65576e-05  2.49252e-05 0.00277415 0.00226345 0.00143474 -0.00401994 -0.00186293      -9.809 
              19.727 -0.00940838    0.340479   0.0295377 -0.0647891 -0.0415033    2.67976 0 0 0   -0.011 -0.02329  0.04412 0.0160092 -0.010281 0.0607019 -2.88026e-05 -5.02771e-05  1.16173e-05 0.00282313 0.00245268 0.00121116 -0.00402944 -0.00200483      -9.809 
              19.835 -0.0395355   0.304145  0.0348981 -0.0634195 -0.0350777    2.68685 0 0 0   -0.011 -0.02329  0.04412 0.0196668  0.008416 0.0609324 -3.18559e-05 -3.78254e-05  5.36216e-06 0.00281562 0.00184331 0.00108396 -0.00402842 -0.00157367      -9.809 
              19.927 -0.066045   0.28067  0.046779 -0.0630893 -0.0423423    2.69352 0 0 0   -0.011 -0.02329  0.04412  0.0177834 -0.0110301  0.0620058 -2.78048e-05 -4.84904e-05 -3.09719e-06  0.00301954  0.00252475 0.000920766 -0.00414256 -0.00206376      -9.809 
              20.021 -0.0858381   0.256582  0.0262524 -0.0604989 -0.0455507    2.69875 0 0 0   -0.011 -0.02329  0.04412 0.0217857  -0.01583 0.0596683 -1.98595e-05 -3.80203e-05   1.5253e-05  0.00295943  0.00271053 0.000983066 -0.00409922  -0.0021934      -9.809 
               20.13 -0.089822  0.248546 0.0205698 -0.0465937 -0.0491328    2.70708 0 0 0   -0.011 -0.02329  0.04412  0.0508039 -0.0175204  0.0658817  -2.6207e-05 -3.64073e-05  2.01561e-05  0.00211138  0.00281171 0.000651354 -0.00347699 -0.00224154      -9.809 
              20.228 -0.0898341   0.235955  0.0103508 -0.0400115 -0.0579591    2.71052 0 0 0   -0.011 -0.02329  0.04412  0.0545705 -0.0339509  0.0555165 -1.19518e-05 -3.54376e-05  2.72771e-05 0.00204929 0.00336938 0.00124101 -0.00344916 -0.00263687      -9.809 
              20.326 -0.0722218   0.223596  0.0064127 -0.0487766 -0.0574733    2.71667 0 0 0   -0.011 -0.02329  0.04412  0.0236348 -0.0267679  0.0584347 -1.34607e-05 -3.59668e-05  3.10072e-05 0.00312035 0.00314499  0.0010965 -0.00420065 -0.00250588      -9.809 
              20.425  -0.0508939    0.211137 -0.00911239 -0.0475365 -0.0538686    2.72165 0 0 0   -0.011 -0.02329  0.04412   0.0231318 -0.00980807   0.0557042  1.61585e-06 -3.33861e-05  4.54268e-05 0.00315159 0.00265711 0.00122224 -0.00424123 -0.00216684      -9.809 
              20.534 -0.0360546   0.197751  0.0308121 -0.0339265 -0.0455838     2.7272 0 0 0   -0.011 -0.02329  0.04412 0.0521244  0.015536 0.0532661  -1.4216e-05 -3.76612e-05  1.81912e-05 0.00223831 0.00185418 0.00129296 -0.00362402 -0.00158814      -9.809 
              20.623 -0.0457887   0.170248  0.0119954 -0.0339272 -0.0498919    2.73234 0 0 0   -0.011 -0.02329  0.04412  0.0394836 0.00039233  0.0532856 -2.54636e-05 -4.67522e-05  3.64682e-05 0.00266955 0.00235662  0.0012546 -0.00391269 -0.00194549      -9.809 
              20.725  -0.06518  0.128685 0.0406359 -0.0304798 -0.0502598    2.73919 0 0 0   -0.011 -0.02329  0.04412   0.0378647 0.000138458   0.0581408 -2.78286e-05 -4.59002e-05  1.61785e-05  0.00271993  0.00239491 0.000995133 -0.00393804 -0.00197275      -9.809 
              20.828 -0.086095 0.0830299 0.0194761 -0.0261367 -0.0513146    2.74555 0 0 0   -0.011 -0.02329  0.04412   0.0385699 -0.00154108   0.0594181 -2.64244e-05 -4.78591e-05  2.98412e-05  0.00269123  0.00248117 0.000915051 -0.00391408  -0.0020317      -9.809 
              20.927 -0.100663 0.0418676 0.0208788 -0.0137987 -0.0543297    2.75195 0 0 0   -0.011 -0.02329  0.04412   0.0578171 -0.00523902   0.0614643 -2.58716e-05 -5.23965e-05  2.45496e-05   0.0020512  0.00267323 0.000818663 -0.00346581 -0.00215004      -9.809 
              21.022  -0.121304 0.00701825 -0.0231983 -0.00548038  -0.0599435      2.7582 0 0 0   -0.011 -0.02329  0.04412  0.0614185 -0.0161763  0.0624565  -2.5431e-05 -3.62022e-05  5.56835e-05  0.00188575  0.00307029 0.000801639 -0.00334221  -0.0024194      -9.809 
              21.126   -0.137325 -0.00873582  -0.0438727 0.00153607 -0.0629946    2.76513 0 0 0   -0.011 -0.02329  0.04412  0.0609772 -0.0179936  0.0645108 -3.04977e-05 -3.19722e-05  6.93531e-05  0.00183462   0.0031856 0.000715692 -0.00330475 -0.00249636      -9.809 
              21.222  -0.161654 -0.0275196  0.0206635 -0.00472318  -0.0590429     2.76864 0 0 0   -0.011 -0.02329  0.04412   0.0313586 -0.00441084    0.056723 -3.09508e-05 -3.28777e-05  2.47555e-05 0.00270191 0.00280126 0.00116257 -0.00390154  -0.0022561      -9.809 
              21.327  -0.186418 -0.0482708 -0.0294165 -0.00512426  -0.0548911      2.7743 0 0 0   -0.011 -0.02329  0.04412   0.021551 0.00845512  0.0560177 -2.06245e-05 -3.29779e-05  6.48886e-05 0.00293012 0.00247218 0.00119462 -0.00406213 -0.00203579      -9.809 
              21.427  -0.188494 -0.0660214 -0.0490649  0.0010574 -0.0630036    2.77998 0 0 0   -0.011 -0.02329  0.04412   0.0257374 -0.00986357   0.0547467 -1.71909e-05 -4.04981e-05  7.71485e-05 0.00270086 0.00315319 0.00122487 -0.00389616 -0.00249645      -9.809 
              21.525 -0.195248 -0.105221 0.0210819 -0.00400452  -0.0678435     2.78542 0 0 0   -0.011 -0.02329  0.04412 0.00436212 -0.0192515   0.055059 -1.93758e-05 -3.98332e-05   1.8553e-05 0.00327172 0.00350873 0.00118589 -0.00428325 -0.00273993      -9.809 
              21.624   -0.197407   -0.139903 -0.00931031 -0.0100505 -0.0614998    2.79008 0 0 0   -0.011 -0.02329  0.04412 -0.0122384 0.00146032  0.0522123 -1.87468e-05 -4.91403e-05  3.04963e-05 0.00368197 0.00290857 0.00129141 -0.00456132 -0.00234073      -9.809 
              21.725 -0.193547 -0.186714 0.0032127 -0.0097339 -0.0532158    2.79478 0 0 0   -0.011 -0.02329  0.04412 -0.0102921   0.024797  0.0503905 -1.23251e-05  -4.4961e-05  1.40897e-05 0.00350141 0.00226877 0.00137451 -0.00443886 -0.00191234      -9.809 
              21.828  -0.188131  -0.214563 -0.0115974 -0.00822814  -0.0553832       2.801 0 0 0   -0.011 -0.02329  0.04412 -0.00866154   0.0158522   0.0538982  -1.8965e-05 -3.97435e-05  2.28976e-05 0.00333253 0.00262877 0.00120351 -0.00433247 -0.00214681      -9.809 
              21.924  -0.198465  -0.215393 -0.0266861 -0.00462695  -0.0592917     2.80671 0 0 0   -0.011 -0.02329  0.04412 -0.00269529  0.00516763   0.0538942 -2.62543e-05 -2.75707e-05  3.38301e-05 0.00302681 0.00303927  0.0011587 -0.00412691 -0.00241849      -9.809 
              22.021   -0.21914  -0.186505 -0.0728478 -0.000221901   -0.0597845      2.81272 0 0 0   -0.011 -0.02329  0.04412 0.00453862 0.00504438   0.055681 -2.28294e-05  -1.0121e-05  6.66878e-05 0.00267363 0.00310196 0.00101902 -0.00390027 -0.00245271      -9.809 
              22.124  -0.228236  -0.140488 -0.0264241 0.00253458 -0.0425588    2.81741 0 0 0   -0.011 -0.02329  0.04412  0.010758 0.0486143 0.0513294 -2.78704e-05 -9.21972e-06  3.36644e-05  0.0023977 0.00179699 0.00116725 -0.00371221 -0.00158842      -9.809 
              22.222  -0.213762 -0.0990896  -0.072308  0.0124211 -0.0394799    2.82385 0 0 0   -0.011 -0.02329  0.04412 0.0304066 0.0488947  0.054968 -4.49462e-06 -2.22548e-05  6.65212e-05  0.00174466  0.00188826 0.000933859 -0.00329358  -0.0016381      -9.809 
              22.324  -0.180185  -0.074838 -0.0446991 0.00894936 -0.0359114    2.83209 0 0 0   -0.011 -0.02329  0.04412 0.0131457 0.0451425 0.0618636  -8.7009e-06 -1.54129e-05  4.42853e-05  0.00221662  0.00206981 0.000533885 -0.00363244 -0.00173967      -9.809 
              22.428  -0.157758 -0.0387491 -0.0480508 0.00354493 -0.0352383    2.83612 0 0 0   -0.011 -0.02329  0.04412 -0.00438164   0.0351537   0.0533662 -9.30474e-06 -1.95019e-05  4.55467e-05  0.00272463  0.00240473 0.000883424 -0.00395183 -0.00197296      -9.809 
              22.524  -0.127854 -0.0244079 -0.0215077 -0.00151192  -0.0287195     2.84218 0 0 0   -0.011 -0.02329  0.04412 0.0404129 0.0424119   0.10274 -8.56687e-06 -1.15451e-05  2.67969e-05  0.00305557  0.00219877 0.000742071 -0.00417507 -0.00183018      -9.809 
               22.62  -0.094762   0.398422 -0.0532689  0.0157179 -0.0340044     2.8689 0 0 0   -0.011 -0.02329  0.04412   0.26488 0.0206167  0.618768 -1.61269e-05 -2.54041e-05  4.82423e-05 0.00294874 0.00289017 0.00120502 -0.00409346 -0.00229875      -9.809 
              22.726 -0.117089   4.67078   0.34683  0.0914656 0.00876328    2.96759 0 0 0   -0.011 -0.02329  0.04412 0.461509 0.134477  1.16431  3.90444e-05   0.00225842 -0.000230341 -0.00065812 -0.00046781 0.000161845  -0.00166733 -0.000100391       -9.809 
              22.853 -0.0845801    11.3167  0.0183798   0.109106 0.00171232    3.10242 0 0 0   -0.011 -0.02329  0.04412  0.506494 0.0695849   1.52481 -2.50673e-05   0.00293741  5.54315e-06 0.00093364 0.00136921 0.00485594 -0.00511344 -0.00140017      -9.809 
              22.925 -0.0148083    15.2297  0.0311729   0.152546 0.00463969    3.15825 0 0 0   -0.011 -0.02329  0.04412   0.70405 0.0616927   1.43195  -3.8357e-05 -9.20066e-06   1.1527e-05 -0.00669139  0.00145604    0.013619  -0.0126502 -0.00157977    -9.80899 
              23.025 0.0479691   13.5855  0.115543    0.238937 -0.00158122     3.24395 0 0 0   -0.011 -0.02329  0.04412  0.912163 0.0283935    1.1996 -3.24982e-05  -0.00106929 -3.72046e-05 -0.0192484 0.00229599  0.0226216  -0.0242702 -0.00219355    -9.80897 
              23.126 0.0976557   9.39975 0.0713474     0.341335 -0.000534946      3.37835 0 0 0   -0.011 -0.02329  0.04412   1.05064 0.0201556   1.12022 -1.08544e-05  -0.00140103 -8.80523e-07 -0.0153343 0.00241922  0.0206599   -0.020719 -0.00228801    -9.80898 
              23.221 0.159557  5.88461 0.137681    0.445227 -0.00378097     3.54452 0 0 0   -0.011 -0.02329  0.04412    1.11323 0.00353761    1.19642  1.01194e-05 -0.000834272 -4.77085e-05 0.00405957 0.00268882  0.0112247 -0.00222806  -0.0026524      -9.809 
              23.326  0.234421   4.09973 0.0321077   0.570811 -0.0215653    3.72208 0 0 0   -0.011 -0.02329  0.04412  1.14905 -0.04495  1.23308    1.258e-05 -0.000267677  2.67345e-05  0.0190429 0.00379106 0.00325483   0.0126353 -0.00361628    -9.80899 
              23.428  0.311093   3.19811 0.0539666   0.697745 -0.0211035    3.87712 0 0 0   -0.011 -0.02329  0.04412    1.15835 -0.0374602    1.19456   1.2299e-05 -8.53981e-06  1.51432e-05     0.025029    0.0032755 -0.000563148   0.0187876 -0.00346433    -9.80898 
              23.522   0.370452    2.59734 -0.0342855   0.803053 -0.0200233    3.99768 0 0 0   -0.011 -0.02329  0.04412    1.14877 -0.0316517    1.14236 3.65089e-07 -3.8154e-05 8.35137e-05    0.027405  0.00285834 -0.00223471   0.0208565 -0.00332099    -9.80898 
              23.626  0.427365   2.01836 0.0803967   0.926277 -0.0169609    4.12871 0 0 0   -0.011 -0.02329  0.04412     1.1483 -0.0219219    1.10028 -1.78504e-05 -0.000123498  5.65074e-06   0.0293335  0.00226566 -0.00440882   0.0232991 -0.00310954    -9.80897 
              23.723  0.424536   1.29592 0.0947356    1.05856 -0.0153366    4.23964 0 0 0   -0.011 -0.02329  0.04412    1.16372 -0.0157001    1.03055 -2.86352e-05  -0.00015828 -3.31772e-06   0.0285893  0.00189839 -0.00494232   0.0244174 -0.00288098    -9.80897 
               23.82  0.375116  0.579766 0.0994969    1.16628 -0.0218502     4.3247 0 0 0   -0.011 -0.02329  0.04412    1.12742 -0.0331618   0.934421 -4.84001e-05 -0.000123708 -3.92379e-06   0.028045 0.00235238   -0.00369   0.0236332 -0.00302704    -9.80897 
              23.942  0.330023 0.0362685 0.0758182    1.31117 -0.0179616    4.42821 0 0 0   -0.011 -0.02329  0.04412    1.10441 -0.0181982   0.836668 -6.59615e-05 -9.23205e-05  2.16289e-05   0.0270933  0.00178821 -0.00324038   0.0239658 -0.00258526    -9.80897 
              24.022  0.256085  -0.49014 0.0813696    1.40389 -0.0219462    4.49198 0 0 0   -0.011 -0.02329  0.04412    1.07302 -0.0261092    0.77052 -6.52577e-05  -6.0895e-05  3.72702e-05   0.0268229  0.00198859 -0.00289106  0.0240447 -0.0026578   -9.80897 
              24.128  0.177809 -0.849692 0.0678212     1.5237 -0.0382979    4.55668 0 0 0   -0.011 -0.02329  0.04412    1.03929 -0.0584111   0.668554 -5.27271e-05 -5.25194e-06  6.43466e-05  0.0261143 0.00304793 -0.0014841   0.0243661 -0.00312085    -9.80897 
              24.221 0.0957108  -1.22001  0.101872    1.62685 -0.0485805     4.6053 0 0 0   -0.011 -0.02329  0.04412    1.01126 -0.0688464   0.581793   -4.81e-05  6.3833e-06 6.41336e-05    0.0255082   0.00347512 -0.000292996    0.024831 -0.00322496    -9.80897 
              24.326 0.0163105  -1.49858  0.160881    1.70984 -0.0406783    4.64642 0 0 0   -0.011 -0.02329  0.04412  0.914898 -0.036818  0.478738 -5.12384e-05 -4.12828e-06   4.2091e-05  0.0267249 0.00261754   0.001388    0.024223 -0.00255882    -9.80897 
              24.426 -0.0925892   -1.77868   0.230055    1.77986 -0.0424497    4.68945 0 0 0   -0.011 -0.02329  0.04412   0.806401 -0.0329729   0.406083 -3.19046e-05 -3.13082e-05  1.35653e-05  0.0281666 0.00256134 0.00168039   0.0233662 -0.00255784    -9.80897 
              24.522 -0.133051  -2.13367  0.209333    1.85158 -0.0429908    4.72546 0 0 0   -0.011 -0.02329  0.04412   0.742401 -0.0254832   0.350497 -6.72284e-05 -5.14594e-07  4.50856e-05   0.028278 0.00239377 0.00167318   0.0232814 -0.00245984    -9.80897 
              24.624 -0.214817  -2.38478  0.287775    1.91662 -0.0518788    4.74674 0 0 0   -0.011 -0.02329  0.04412   0.663438 -0.0371998   0.272703 -5.32739e-05 -1.20394e-05  1.02452e-06  0.0290839 0.00287809 0.00281108   0.0233364 -0.00273756    -9.80897 
              24.724 -0.270906  -2.62749  0.213228    1.99035 -0.0538992    4.77176 0 0 0   -0.011 -0.02329  0.04412   0.622483 -0.0279624   0.224093 -4.04722e-05 -2.92009e-06  6.23653e-05  0.0283676 0.00275855 0.00284772   0.0237811 -0.00261107    -9.80897 
               24.82 -0.295295   -2.8429  0.202003    2.05879 -0.0487631    4.80456 0 0 0   -0.011 -0.02329  0.04412     0.57499 -0.00406781    0.207264 -4.09568e-05  2.39122e-05  8.05656e-05  0.0272398 0.00223109 0.00164698   0.0236549 -0.00223061    -9.80897 
              24.927 -0.31634 -3.00966 0.267401    2.11182 -0.0609811    4.82903 0 0 0   -0.011 -0.02329  0.04412   0.493071 -0.0257125    0.17875 -3.35843e-05   4.7724e-05  4.13766e-05  0.0274024 0.00304912 0.00115871   0.0232912 -0.00275373    -9.80897 
              25.023 -0.324446  -3.14425  0.249308    2.14965 -0.0618699    4.85671 0 0 0   -0.011 -0.02329  0.04412   0.416352 -0.0194536   0.175822 -4.31763e-05  7.51554e-05  6.09487e-05    0.0271471   0.00301234 -0.000149046   0.0224153 -0.00271198    -9.80897 
              25.128 -0.356657  -3.18697  0.240831    2.18257 -0.0578056    4.86645 0 0 0   -0.011 -0.02329  0.04412    0.335431 -0.00234661    0.130971 -4.45378e-05  0.000103439  7.11333e-05   0.0278992  0.00259973 0.000526978   0.0225059 -0.00254248    -9.80897 
              25.223 -0.382415  -3.16845  0.287033    2.20747 -0.0532751    4.87238 0 0 0   -0.011 -0.02329  0.04412  0.268865 0.0125251 0.0948384 -3.93013e-05  0.000109898  4.25784e-05  0.0284145 0.00227141 0.00105072   0.0226425 -0.00240564    -9.80897 
              25.327 -0.396805  -3.13538  0.283757    2.23152 -0.0461174     4.8757 0 0 0   -0.011 -0.02329  0.04412  0.201474  0.030916 0.0561679 -2.82975e-05  0.000128034  4.38852e-05  0.0288007 0.00189067 0.00159685   0.0228869 -0.00222829    -9.80897 
              25.424 -0.401458  -3.05651  0.363809    2.24406 -0.0387264    4.87959 0 0 0   -0.011 -0.02329  0.04412  0.138558 0.0440448 0.0348855  -3.4488e-05  0.000121842 -1.27369e-05  0.0290496 0.00161451 0.00161784   0.0227368 -0.00209238    -9.80897 
              25.535 -0.388011  -2.98602  0.264207    2.25512 -0.0451532    4.87787 0 0 0   -0.011 -0.02329  0.04412  0.0763872  0.0241253 0.00513036 -3.85736e-05  0.000123932  5.12442e-05  0.0295255 0.00232422 0.00206744   0.0229832 -0.00258013    -9.80897 
              25.624 -0.400185  -2.86594  0.275024    2.26901 -0.0476978    4.87679 0 0 0   -0.011 -0.02329  0.04412   0.052005  0.0192872 -0.0110338 -2.19153e-05  0.000124278   3.9359e-05   0.029109 0.00263826 0.00224868   0.0234237 -0.00271799    -9.80897 
              25.721  -0.3941 -2.76365 0.311436    2.28203 -0.0424265    4.87757 0 0 0   -0.011 -0.02329  0.04412  0.0268193   0.032075 -0.0199263 -2.47602e-05  0.000147344  1.12155e-05  0.0283445 0.00244365 0.00207741   0.0236589 -0.00250348    -9.80897 
              25.821 -0.363701  -2.59174  0.279563    2.28495 -0.0419443    4.88182 0 0 0   -0.011 -0.02329  0.04412 -0.0104989  0.0301577 -0.0163079 -1.83129e-05  0.000159614  3.18705e-05   0.027849 0.00267038 0.00142553   0.0233535 -0.00255717    -9.80897 
              25.923 -0.327665  -2.39516  0.301428    2.27351 -0.0346986    4.87658 0 0 0   -0.011 -0.02329  0.04412 -0.0654531  0.0411795 -0.0306488 3.31946e-06 0.000163271 1.86874e-05  0.0284907 0.00239313 0.00166984   0.0231891 -0.00248346    -9.80897 
              26.021 -0.256232  -2.19316  0.286601   2.26596 -0.029597   4.87499 0 0 0   -0.011 -0.02329  0.04412 -0.0967964   0.046315 -0.0323822 -7.99973e-06  0.000160959  3.11113e-05  0.0283801 0.00233724 0.00151189   0.0231063 -0.00243273    -9.80897 
               26.12 -0.219245   -2.0163  0.276986    2.24677 -0.0232683    4.87483 0 0 0   -0.011 -0.02329  0.04412  -0.143323  0.0508483 -0.0285907 -1.26818e-05  0.000164096  3.86224e-05  0.0286994   0.002252 0.00113392   0.0226114 -0.00241548    -9.80897 
              26.225 -0.206397  -1.84508  0.257875    2.23447 -0.0224053    4.86914 0 0 0   -0.011 -0.02329  0.04412  -0.160748  0.0418332 -0.0368678 -2.88459e-05  0.000162648  5.04518e-05  0.0285817 0.00254144  0.0013966   0.0229143 -0.00257274    -9.80897 
              26.324 -0.212684  -1.66739  0.333364    2.20721 -0.0174685    4.86275 0 0 0   -0.011 -0.02329  0.04412 -0.203309 0.0426615 -0.043327 -2.23555e-05  0.000162828 -1.61182e-06  0.0293322 0.00247168 0.00158622   0.0226324 -0.00263063    -9.80897 
              26.425 -0.200702  -1.46311  0.285144    2.19464 -0.0224815    4.84574 0 0 0   -0.011 -0.02329  0.04412  -0.201963  0.0237943 -0.0711973 -4.08535e-06  0.000145385  3.31556e-05  0.0294356 0.00302887 0.00288209  0.0234964 -0.0029778   -9.80897 
              26.525 -0.119707  -1.27255  0.333278    2.17453 -0.0192954    4.83704 0 0 0   -0.011 -0.02329  0.04412  -0.214074  0.0265169 -0.0739987 -1.60486e-05  0.000148737 -4.03548e-07  0.0294647 0.00297028 0.00305088   0.0235754 -0.00294911    -9.80897 
              26.623   -0.107 -1.02446 0.329582     2.14125 -0.00798518     4.83502 0 0 0   -0.011 -0.02329  0.04412  -0.243462  0.0441236 -0.0600277 -9.34744e-06  0.000105997 -2.73865e-06  0.0298501 0.00243238  0.0024535   0.0229748 -0.00268942    -9.80897 
              26.726 -0.0835709  -0.908118   0.291167     2.12875 -0.00451316     4.83611 0 0 0   -0.011 -0.02329  0.04412  -0.225442  0.0443803 -0.0444422 -1.47702e-05  0.000171751   2.2697e-05  0.0289145 0.00250944 0.00188049   0.0232087 -0.00261432    -9.80897 
              26.825 -0.110856 -0.597461  0.288662     2.10979 -0.00943424     4.82139 0 0 0   -0.011 -0.02329  0.04412  -0.219961  0.0240724 -0.0637078 -1.13378e-05   0.00011448  2.61648e-05  0.0290818 0.00309238 0.00289275   0.0236216 -0.00295937    -9.80897 
              26.923 -0.134078 -0.437547  0.302921     2.08268 -0.00474145     4.82247 0 0 0   -0.011 -0.02329  0.04412  -0.232104  0.0284486 -0.0432241 -2.48719e-05  0.000134167  1.52088e-05  0.0292678 0.00294137 0.00218608   0.0232465 -0.00290475    -9.80897 
              27.026 -0.266756  -0.36986   0.30874  2.06322 -0.00314  4.82314 0 0 0   -0.011 -0.02329  0.04412  -0.222379  0.0290262 -0.0278533 5.27249e-05 0.000192834 8.16582e-06  0.0289564 0.00304896 0.00176866   0.0233003 -0.00292852    -9.80897 
              27.124    -0.2615 -0.0794269   0.297087      2.0413 -0.00150169     4.82152 0 0 0   -0.011 -0.02329  0.04412  -0.213389  0.0287527 -0.0194287 5.67778e-05 0.000110128 1.65885e-05  0.0289363 0.00314563 0.00168702   0.0233028 -0.00298047    -9.80897 
              27.224  -0.222698 -0.0178894   0.350995      2.01286 -0.000450904      4.82503 0 0 0   -0.011 -0.02329  0.04412   -0.222757   0.0255119 -0.00147977  3.32845e-05  0.000175795 -1.73792e-05  0.0293743 0.00325595 0.00117961   0.0229834 -0.00309412    -9.80897 
               27.32 -0.281023 0.0410774  0.313258     1.99992 -0.00641479     4.82453 0 0 0   -0.011 -0.02329  0.04412  -0.200434  0.0101833 0.00114603 6.91791e-05 0.000251745 8.14281e-06  0.0289719 0.00382064 0.00129431   0.0232815 -0.00336168    -9.80897 
              27.424 -0.234533  0.194699  0.272231     1.98358 -0.00380313      4.8189 0 0 0   -0.011 -0.02329  0.04412  -0.181797  0.0150735 -0.0062202 3.02626e-05 0.000262389 3.32242e-05  0.0287415 0.00371425 0.00183068   0.0234444 -0.00328667    -9.80897 
              27.519 -0.178018  0.498085  0.235424   1.96554 0.0034757   4.82209 0 0 0   -0.011 -0.02329  0.04412  -0.167389  0.0294899 0.00492191 -1.46024e-06  0.000140167  5.37601e-05  0.0287361 0.00335222 0.00149515    0.023388 -0.00307305    -9.80897 
              27.628 -0.227289  0.623651  0.238322     1.95164 0.000422969     4.82003 0 0 0   -0.011 -0.02329  0.04412  -0.142899   0.018456 0.00258623  2.8653e-05  0.00010038 4.77193e-05   0.028596 0.00375265 0.00176453   0.0235099 -0.00328961    -9.80897 
              27.722 -0.258899  0.650575  0.286603   1.93134 0.0134453   4.81208 0 0 0   -0.011 -0.02329  0.04412   -0.139843   0.0438955 -0.00991875 2.84177e-05 0.000123191 1.46647e-05  0.0289072 0.00302445 0.00242212   0.0232356 -0.00295529    -9.80897 
              27.823 -0.208473   0.71971  0.232295   1.91189 0.0193889   4.81594 0 0 0   -0.011 -0.02329  0.04412  -0.136309  0.0476478 0.00147268 -1.86228e-05  0.000115762  5.21604e-05  0.0292963 0.00293987 0.00197148    0.023058 -0.00292767    -9.80897 
              27.927 -0.179215   0.83244  0.187973   1.90322 0.0219687   4.81662 0 0 0   -0.011 -0.02329  0.04412    -0.1069  0.0440209 0.00330105 -4.63019e-05  7.81369e-05  8.38356e-05  0.0290328  0.0030979 0.00196086   0.0232164 -0.00298535    -9.80897 
              28.015 -0.28475 0.878001 0.230514   1.89864 0.0273202   4.80751 0 0 0   -0.011 -0.02329  0.04412 -0.0815573  0.0499038   -0.01577 1.29256e-05  8.5489e-05 5.99868e-05  0.0286505 0.00297861 0.00282098    0.023264 -0.00293393    -9.80897 
               28.12 -0.41095 0.692989  0.32496  1.87955 0.034974  4.81038 0 0 0   -0.011 -0.02329  0.04412  -0.0910294   0.0593178 -0.00430884 9.94574e-05 0.000219937 8.55555e-07  0.0293484 0.00286294 0.00238725   0.0229652 -0.00291218    -9.80897 
              28.225 -0.294706  0.808814  0.309766  1.87396 0.043717  4.81369 0 0 0   -0.011 -0.02329  0.04412 -0.0669072  0.0670042 0.00557431 2.10596e-05 0.000158602 1.25298e-05  0.0291935 0.00273228 0.00208584   0.0231034 -0.00280584    -9.80897 
              28.322 -0.284394   0.90158  0.279045  1.85897 0.047749  4.81261 0 0 0   -0.011 -0.02329  0.04412 -0.0691597   0.061226 0.00600046 1.43749e-05 0.000105422 3.00338e-05  0.0297386  0.0028908 0.00220381   0.0227986 -0.00295355    -9.80897 
              28.421 -0.207878  0.951583  0.252599   1.86074 0.0560754   4.80357 0 0 0   -0.011 -0.02329  0.04412 -0.0347743   0.068102 -0.0111226 -8.83841e-06  7.89907e-05  4.22168e-05   0.029094 0.00271442 0.00306075   0.0229103 -0.00286089    -9.80897 
              28.527 -0.25883 0.866183  0.31221   1.83609 0.0595915   4.80773 0 0 0   -0.011 -0.02329  0.04412 -0.0638635  0.0594189 0.00512976 4.80745e-05 0.000138519 1.81086e-06 0.0304598 0.0029678 0.0025472   0.0223417 -0.00309518    -9.80897 
              28.622 -0.177024   1.00206  0.278162    1.8332 0.0639228   4.81179 0 0 0   -0.011 -0.02329  0.04412 -0.0425766  0.0558503   0.014847 1.56437e-05 5.48813e-05 2.18913e-05   0.030389 0.00306817 0.00227437  0.0224644 -0.0031201   -9.80897 
              28.727 -0.0368429    1.27315   0.332216   1.82857 0.0785323    4.8036 0 0 0   -0.011 -0.02329  0.04412 0.00657607   0.134159  0.0035455  -3.8445e-05 -0.000128878 -1.81047e-05  0.0302245 0.00252922 0.00306982    0.022271 -0.00287556    -9.80897 
              28.821 -0.334319   1.10532  0.310082    1.8407 0.0979139   4.79544 0 0 0   -0.011 -0.02329  0.04412   0.112499   0.310523 -0.0621946 -7.04221e-05  7.54268e-05  3.66326e-05  0.0297125  0.0027044 0.00370142   0.0223789 -0.00295761    -9.80897 
              28.925 -5.59919  4.93202   2.2836  1.79305 0.104777  4.81949 0 0 0   -0.011 -0.02329  0.04412 -0.00977485    0.257858  -0.0882193  -0.00184987 -0.000285519  0.000418265    0.034123  0.00417898 0.000492381   0.0212603 -0.00397272    -9.80898 
              29.022 -11.5295  5.75587  8.64536  1.81128 0.164385  4.87237 0 0 0   -0.011 -0.02329  0.04412 0.0316802   0.41017 0.0534662 -0.00256162 0.000798485  0.00190221   0.0340721  0.00292115 -0.00476944  0.0228563 -0.0019343   -9.80897 
              29.121 -15.2334  8.15756  21.4302  1.83782 0.181173  4.81191 0 0 0   -0.011 -0.02329  0.04412  0.141221  0.577171 0.0472001 -0.000910875 -0.000305844   0.00170499 0.0311796  0.002367 0.0017874   0.0217739 -0.00578985    -9.80897 
              29.232 -13.2752  9.25698  37.9095   1.8632 0.276773  4.72643 0 0 0   -0.011 -0.02329  0.04412  0.148366  0.904291 -0.110078 0.000562105 -0.00107033  0.00178036   0.0238241 -0.00555984   0.0100108    0.01575 -0.0122852   -9.80898 
              29.321 -7.56659  8.60743  55.2579  1.89791 0.346544  4.74437 0 0 0   -0.011 -0.02329  0.04412   0.149483    1.03257 -0.0322109  0.00119253 -0.00128682  0.00175647  0.0301221 0.00268576 0.00736597    0.023631 -0.00610892    -9.80897 
              29.422 -3.43958  7.11782  65.6651  1.89393 0.438291  4.75494 0 0 0   -0.011 -0.02329  0.04412  0.0766498    1.09227 0.00567584 0.000752753 -0.00100703  0.00163957   0.0365829 8.80953e-05   0.0062534   0.0283426 -0.00995036    -9.80895 
              29.533 -0.748048   5.40781     73.56  1.93134 0.576728  4.75441 0 0 0   -0.011 -0.02329  0.04412    0.124313     1.15724 -0.00471675  5.36944e-05 -0.000650103    0.0019337  0.0340652  0.0118173 0.00615373  0.0280994 0.00201129   -9.80896 
              29.625 0.118141  4.00804  80.2013  1.95416 0.716367  4.76726 0 0 0   -0.011 -0.02329  0.04412  0.157241   1.24667 0.0164325 -0.000345671 -0.000418994   0.00160893  0.0189481  0.0312409 0.00428432 0.0147561 0.0231893  -9.80896 
              29.725 0.0233764   3.15308    83.805  1.95734 0.838146  4.78891 0 0 0   -0.011 -0.02329  0.04412  0.131351   1.24119 0.0524286 -0.000423475 -0.000329642    0.0011623  0.0193326  0.0254517 0.00240339 0.0141666   0.01763  -9.80897 
              29.826 -0.192371   2.52686   86.3975  1.95874 0.967112  4.82543 0 0 0   -0.011 -0.02329  0.04412 0.100393  1.22808 0.114682 -0.000442806 -0.000403352  0.000697407    0.0189719    0.0187512 -0.000415965 0.0128934 0.0112411  -9.80899 
               29.92 -0.43211  1.73375  88.1772  1.9679 1.09648 4.83959 0 0 0   -0.011 -0.02329  0.04412 0.0951631   1.24818  0.122332  -0.00037346 -0.000370685   0.00022269    0.0091592    0.0284225 -0.000876939 0.00372047  0.0214239   -9.80898 
              30.029 -0.525402   1.10483   88.8386 1.99613 1.23366 4.85092 0 0 0   -0.011 -0.02329  0.04412 0.126642  1.23276 0.121108 -0.000342143 -0.000384959  8.28821e-05    0.0136653    0.0435061 -0.000600142 0.00902589  0.0359165   -9.80893 
              30.122 -0.545182  0.376679   89.2267 2.01417 1.34958 4.85225 0 0 0   -0.011 -0.02329  0.04412 0.133057   1.1935 0.102601 -0.000316115  -0.00035455 -3.24728e-05   0.0172223    0.046351 0.000303351 0.0127176 0.0384772  -9.80892 
              30.225 -0.486709 -0.047611   89.3659 2.01681 1.44852 4.86073 0 0 0   -0.011 -0.02329  0.04412 0.0982867   1.10148 0.0997947 -0.000317736 -0.000425531 -8.73824e-05  0.0238536  0.0268665 0.00038687 0.0183657  0.019046  -9.80896 
              30.325 -0.431121 -0.640478   89.3988 2.02545 1.55991 4.86991 0 0 0   -0.011 -0.02329  0.04412 0.0928158   1.06147 0.0966764 -0.000312393 -0.000380615 -9.70967e-05   0.0209144   0.0293191 0.000420946 0.0155766 0.0215839  -9.80896 
              30.421 -0.389749  -1.09173   89.3665 2.04384 1.66036 4.88219 0 0 0   -0.011 -0.02329  0.04412  0.107213  0.999346 0.0971066 -0.000299982 -0.000388101 -7.09636e-05   0.0265231   0.0331695 0.000316557 0.0212301 0.0251144  -9.80894 
              30.522 -0.334135  -1.55688   89.4252 2.05443 1.75861 4.88615 0 0 0   -0.011 -0.02329  0.04412  0.104476  0.940072 0.0835409 -0.000285401 -0.000370662 -0.000101199   0.0260732   0.0340299 0.000709395 0.0208241 0.0259778  -9.80894 
               30.62 -0.280301  -2.01173    89.472 2.06584 1.84298 4.89464 0 0 0   -0.011 -0.02329  0.04412 0.105156 0.867113 0.078594 -0.000300687 -0.000340642 -0.000122756   0.0282858   0.0328475 0.000671197 0.0229476   0.02473  -9.80894 
              30.723 -0.315325  -2.32565    89.513 2.07661 1.93204 4.90318 0 0 0   -0.011 -0.02329  0.04412  0.103707  0.806077 0.0739472 -0.000267854 -0.000369082 -0.000135803   0.0265699   0.0350269 0.000628102 0.0213496 0.0269337  -9.80894 
              30.822 -0.28222 -2.70618  89.3996 2.08654 2.00617  4.9016 0 0 0   -0.011 -0.02329  0.04412 0.0993401  0.718495 0.0524878 -0.000288522 -0.000340848 -3.85837e-05  0.0288668   0.032078 0.00122764 0.0234809   0.02396  -9.80894 
              30.923 -0.328471  -3.02737   89.4281 2.10666 2.06584   4.918 0 0 0   -0.011 -0.02329  0.04412  0.113914  0.626863 0.0641723 -0.000289198 -0.000311499 -2.48446e-05   0.0352721   0.0327922 0.000421958 0.0297936 0.0244041  -9.80892 
              31.021 -0.393088  -3.31269   89.5724 2.09231 2.12755 4.93586 0 0 0   -0.011 -0.02329  0.04412 0.0597249  0.553769 0.0806397 -0.000311649 -0.000271264 -8.40479e-05    0.0249372    0.0233159 -0.000705449 0.0193111   0.01547  -9.80897 
              31.127 -0.478095  -3.53446    89.524 2.10704 2.17209 4.94918 0 0 0   -0.011 -0.02329  0.04412 0.0685565  0.452987 0.0819349  -0.00030887 -0.000254551  -1.8743e-05   0.0308234   0.0228967 -0.00110806 0.0250695 0.0148297  -9.80896 
              31.221 -0.56639 -3.71851  89.6264  2.0836 2.22696 4.94381 0 0 0   -0.011 -0.02329  0.04412 0.00660736   0.397551  0.0490822 -0.000306744 -0.000246724 -4.68195e-05    0.0178379    0.0165362 -0.000184909    0.01207 0.00909833   -9.80899 
              31.321 -0.668613  -3.85996   89.6502  2.0974 2.25306 4.94633 0 0 0   -0.011 -0.02329  0.04412 0.0231935    0.3047 0.0342334 -0.000307593 -0.000228642 -2.68921e-05    0.0249155    0.0179954 -2.57033e-05   0.01906 0.0102714  -9.80898 
              31.423 -0.764251   -3.9587   89.6719 2.10001  2.2805 4.94654 0 0 0   -0.011 -0.02329  0.04412 0.0157159  0.229644 0.0174503 -0.000304206 -0.000211414 -2.64762e-06   0.0250812    0.018386 0.000205218 0.0192316 0.0106567  -9.80898 
              31.524 -0.833851  -4.00239   89.7686 2.09077 2.29951 4.94895 0 0 0   -0.011 -0.02329  0.04412 -0.0137479   0.151078 0.00884929 -0.000300008 -0.000169757 -3.11712e-05  0.0224064   0.014309 4.9352e-05  0.0164477 0.00675532   -9.80898 
               31.62 -0.8854 -3.9632 89.8203 2.07495  2.3095 4.94261 0 0 0   -0.011 -0.02329  0.04412  -0.051781  0.0735541 -0.0139358  -0.00028019  -0.00016132 -3.50238e-05   0.0196449  0.00868373 0.000508486  0.0134964 0.00136696   -9.80899 
              31.726 -0.882224  -3.87017   89.9574 2.07728  2.3089 4.94238 0 0 0   -0.011 -0.02329  0.04412 -0.0477701 -0.0045136 -0.0212226 -0.000263106 -0.000143865 -9.66571e-05   0.0230696  0.00980145 0.000375949  0.0169025 0.00232399   -9.80899 
              31.822 -0.85182 -3.72851  89.9064 2.06112 2.31168 4.93622 0 0 0   -0.011 -0.02329  0.04412 -0.0760692  -0.054226 -0.0381127 -0.000255517 -0.000121287 -3.46584e-05   0.0188366   0.0079936 0.000656425   0.0126711 0.000732311    -9.80899 
              31.928 -0.797032  -3.57295   90.0121 2.04796 2.31439 4.93201 0 0 0   -0.011 -0.02329  0.04412 -0.0893518 -0.0909849 -0.0461074 -0.000258907 -0.000114725 -7.61946e-05   0.0147209    0.010153 0.000694835  0.0087258 0.00301042     -9.809 
              32.021 -0.725554  -3.37204   90.0854 2.02797 2.30551 4.92581 0 0 0   -0.011 -0.02329  0.04412  -0.116421  -0.138345 -0.0544178 -0.000241295 -0.000104388 -9.04676e-05  0.0117711 0.00725046 0.00077836  0.00571363 0.000291753      -9.809 
              32.123 -0.609385  -3.15107   90.1592 2.02115 2.29534 4.91291 0 0 0   -0.011 -0.02329  0.04412  -0.108778   -0.16922 -0.0729797 -0.000231469 -0.000109126 -0.000108192  0.0115456  0.0106395 0.00143398 0.00561122 0.00364986     -9.809 
              32.228 -0.473683  -2.88773   90.2024  2.0058 2.26218 4.90059 0 0 0   -0.011 -0.02329  0.04412  -0.121406  -0.240649 -0.0842034  -0.00022579 -9.20777e-05 -0.000107854  0.0141946 0.00545006 0.00168899  0.00798091 -0.00152044      -9.809 
              32.345 -0.326601  -2.60037    90.199 1.98425 2.24546 4.89236 0 0 0   -0.011 -0.02329  0.04412  -0.130824  -0.254473 -0.0830339  -0.00023464 -8.16549e-05 -7.37735e-05 0.00961985 0.00704187 0.00162119  0.00357066 0.000217392      -9.809 
              32.426 -0.188117   -2.2579   90.2488 1.98411 2.22048 4.88227 0 0 0   -0.011 -0.02329  0.04412   -0.10773  -0.279716 -0.0899163 -0.000204534 -8.49589e-05 -7.22515e-05  0.0124319 0.00954162 0.00189313 0.00641797 0.00255768     -9.809 
               32.52 -0.0554802   -2.01371    90.3192 1.97132 2.19122 4.87586 0 0 0   -0.011 -0.02329  0.04412  -0.109644  -0.306776 -0.0848841 -0.000214321 -9.00476e-05 -8.88333e-05  0.0123478 0.00799538 0.00172104 0.00627584 0.00104322     -9.809 
              32.624 0.0636745   -1.7164    90.274 1.95699 2.14631 4.85956 0 0 0   -0.011 -0.02329  0.04412  -0.112807  -0.351007 -0.0955271 -0.000219062 -0.000126887 -2.90455e-05  0.0146452 0.00367308 0.00224837  0.00832768 -0.00325188      -9.809 
              32.723 0.108862 -1.52716  90.3681 1.95485 2.10658 4.84462 0 0 0   -0.011 -0.02329  0.04412 -0.0892878  -0.371849  -0.103043 -0.000182222 -8.48794e-05 -5.28356e-05  0.0174795 0.00468537 0.00271277   0.0111284 -0.00236379    -9.80899 
              32.825 0.263223 -1.15114   90.434 1.95963  2.0678 4.83433 0 0 0   -0.011 -0.02329  0.04412 -0.0521898   -0.37678   -0.09877 -0.000223024 -0.000153805 -5.72292e-05  0.0201964 0.00788996 0.00277195   0.0139153 0.000652572    -9.80899 
              32.922  0.450619 -0.816083   90.5582 1.96418 2.02864 4.82691 0 0 0   -0.011 -0.02329  0.04412 -0.0202643  -0.376891 -0.0889688 -0.000282986 -0.000181257 -9.87953e-05  0.0220365 0.00996967 0.00263173  0.0158033 0.00260007   -9.80899 
              33.023  0.429164 -0.606416   90.5978 1.95029 1.99028 4.81872 0 0 0   -0.011 -0.02329  0.04412 -0.0344276  -0.379703 -0.0805031 -0.000227779 -0.000129227 -8.89672e-05  0.0199789  0.0066717 0.00256019    0.0136556 -0.000530289     -9.80899 
              33.124  0.478976 -0.267034   90.5965 1.93565 1.95547 4.81635 0 0 0   -0.011 -0.02329  0.04412 -0.0463725   -0.36897 -0.0611149 -0.000241019 -0.000153396 -5.66212e-05   0.017228 0.00440401 0.00213216   0.0108833 -0.00263252    -9.80899 
               33.22   0.555752 0.00409888    90.5849 1.94271 1.92075  4.8184 0 0 0   -0.011 -0.02329  0.04412 -0.0123076  -0.355072 -0.0382196 -0.000289881 -0.000141816 -2.36809e-05  0.0190597 0.00694987 0.00161026    0.0127867 -0.000236832     -9.80899 
              33.329 0.53981 0.27347 90.6361 1.94909 1.87186 4.81967 0 0 0   -0.011 -0.02329  0.04412  0.0133489   -0.35561 -0.0190438 -0.000300173 -0.000137577 -3.62499e-05  0.0220787 0.00633789 0.00125541    0.0157088 -0.000965283     -9.80899 
              33.421 0.432367 0.522083  90.6919  1.9386 1.85036 4.81917 0 0 0   -0.011 -0.02329  0.04412 -0.000800742    -0.320228  -0.00829296 -0.000273538 -9.38756e-05  -5.1999e-05  0.0178453 0.00587846 0.00115827   0.0115656 -0.00123193    -9.80899 
              33.528 0.324839 0.555784  90.6025 1.91943 1.82987 4.83413 0 0 0   -0.011 -0.02329  0.04412 -0.0312692  -0.277996  0.0303117 -0.00024701  1.5691e-05 1.02827e-05    0.0119572   0.00421422 -1.75815e-05  0.00577172 -0.00260107      -9.809 
              33.623 0.332481 0.997381  90.6942 1.91088  1.8057  4.8385 0 0 0   -0.011 -0.02329  0.04412 -0.0361105  -0.252072  0.0387689 -0.000294297 -0.000114423 -3.71085e-05     0.010817   0.00300793 -0.000124924 0.00461015 -0.0037252     -9.809 
              33.721 0.241279  1.25677  90.6763 1.92956 1.78294  4.8409 0 0 0   -0.011 -0.02329  0.04412 0.0156766 -0.213789 0.0385453 -0.000273111 -0.000153418 -2.29724e-05   0.0140674   0.0080856 3.15768e-05 0.00799353 0.00107113     -9.809 
              33.822 0.192249  1.30959  90.8135 1.92384 1.78295 4.85046 0 0 0   -0.011 -0.02329  0.04412  0.010028  -0.14644 0.0521983  -0.00025477 -6.23971e-05 -0.000105071  0.00935406   0.0106406 -0.00042124 0.00352371 0.00376433     -9.809 
               33.92 0.219906  1.45481  90.7114 1.91094 1.75779 4.85367 0 0 0   -0.011 -0.02329  0.04412 -0.0162348  -0.146705   0.049765  -0.00027651 -7.99759e-05 -2.93654e-05   0.00933261    0.0052453 -0.000282686  0.00325998 -0.00147682      -9.809 
              34.028 0.16687  1.6042 90.7823 1.89714 1.74688 4.85183 0 0 0   -0.011 -0.02329  0.04412 -0.0355662  -0.109718  0.0358706 -0.000244062 -0.000123806 -6.10066e-05  0.00706713  0.00349437 0.000217006 0.000981767  -0.0030826      -9.809 
              34.123 0.0542077   1.66215   90.7696 1.90609 1.72645 4.86299 0 0 0   -0.011 -0.02329  0.04412 -0.0120787   -0.10307  0.0480207 -0.000188008 -0.000113635 -4.17133e-05    0.0107912   0.00366144 -0.000337279  0.00460227 -0.00307821      -9.809 
              34.222 0.138756  1.70534  90.8275  1.9007 1.72076  4.8648 0 0 0   -0.011 -0.02329  0.04412 -0.0163395 -0.0664437  0.0382014 -0.000233514 -0.000124278 -6.80591e-05   0.00958382   0.00352269 -0.000132811  0.00342594 -0.00316191      -9.809 
              34.321 0.153623  1.80384  90.8014   1.887 1.71265   4.856 0 0 0   -0.011 -0.02329  0.04412 -0.0369077 -0.0456251 0.00989909 -0.000235602 -0.000200164 -4.14875e-05  0.00831275  0.00071271 0.000821559  0.00207529 -0.00584429      -9.809 
               34.42 0.186216  1.70461   90.841 1.89709 1.70671 4.84671 0 0 0   -0.011 -0.02329  0.04412 -0.0073983  -0.021527 -0.0142891 -0.000241172 -0.000167474 -5.98766e-05  0.0105417 0.00273656 0.00164183  0.00433994 -0.00399807      -9.809 
              34.531 0.178888  1.66597  90.8482 1.91365 1.70624 4.83988 0 0 0   -0.011 -0.02329  0.04412  0.0301893  0.0110987 -0.0280797 -0.000220128 -0.000164674 -5.98054e-05  0.0126884 0.00588482 0.00204418  0.00657211 -0.00105472      -9.809 
               34.62 0.223144   1.5859    90.85 1.90301 1.71173 4.84439 0 0 0   -0.011 -0.02329  0.04412 0.00878194  0.0371676 -0.0153977 -0.000238512 -0.000145655 -6.03133e-05  0.0103481 0.00405069 0.00146598  0.00421072 -0.00271048      -9.809 
              34.722 0.261204  1.56361  90.8383 1.90961 1.71432 4.83697 0 0 0   -0.011 -0.02329  0.04412   0.024607  0.0569192 -0.0291431 -0.000234863 -0.000174259 -5.35236e-05  0.0113632 0.00463439 0.00190996  0.00522765 -0.00220147      -9.809 
              34.826 0.23765 1.58479  90.818 1.91675 1.72272 4.83065 0 0 0   -0.011 -0.02329  0.04412  0.0370331  0.0837822 -0.0370123  -0.00018237 -0.000225943 -4.23067e-05  0.0117213 0.00565878 0.00215181  0.00562679 -0.00123274      -9.809 
              34.921 0.386626  1.42265  90.8435 1.91331  1.7404 4.82634 0 0 0   -0.011 -0.02329  0.04412  0.0310874   0.117357 -0.0375992 -0.000254725 -0.000157822 -6.12974e-05 0.00944432 0.00598852 0.00217671   0.00344232 -0.000806456       -9.809 
              35.024 0.305282   1.3917  90.7754 1.91179 1.75088 4.82325 0 0 0   -0.011 -0.02329  0.04412  0.0249122    0.12935 -0.0337051 -0.000206692 -0.000182393 -2.05788e-05 0.00925999 0.00463674 0.00212446  0.0031973 -0.0021015     -9.809 
               35.12 0.315692   1.2987  90.8889 1.90918 1.77066 4.82697 0 0 0   -0.011 -0.02329  0.04412  0.0219875   0.157401 -0.0173843 -0.000250686 -0.000182442  -9.1987e-05 0.00762546 0.00490902 0.00160549  0.00162586 -0.00175019      -9.809 
              35.259 0.233166  1.21626   90.881 1.89198 1.79677 4.82696 0 0 0   -0.011 -0.02329  0.04412  -0.0108379     0.17759 -0.00707228 -0.000218573 -0.000179308 -8.65372e-05 0.00491941  0.0022863 0.00145763 -0.00111778 -0.00414379      -9.809 
               35.32 0.0477864   1.31537    90.956 1.90077 1.79752 4.83288 0 0 0   -0.011 -0.02329  0.04412 0.00446209   0.169016 0.00888331 -0.000121254  -0.00031529  -0.00013466  0.00758409  0.00214623 0.000989573  0.00143848 -0.00440211      -9.809 
              35.422 0.18721 1.15424 90.8565   1.918 1.80891 4.82387 0 0 0   -0.011 -0.02329  0.04412    0.038176    0.170155 -0.00446914 -0.000219161 -0.000247944 -7.35406e-05  0.0103561 0.00361669 0.00175152 0.00419275 -0.0031359     -9.809 
              35.524 0.212076  1.02926  90.8504 1.92272 1.82237  4.8185 0 0 0   -0.011 -0.02329  0.04412   0.0432822    0.169864 -0.00903962 -0.000234421 -0.000236862  -7.3314e-05  0.0109684 0.00311446 0.00212419  0.00476067 -0.00365575      -9.809 
               35.62 0.176598 0.871566  90.7699  1.9296 1.84505 4.82082 0 0 0   -0.011 -0.02329  0.04412   0.0516802    0.188982 0.000371038 -0.000187991 -0.000213653 -2.64171e-05  0.0104292 0.00453051  0.0019047  0.00431288 -0.00226363      -9.809 
              35.752 0.128728 0.773265  90.8124 1.94067 1.87058 4.83501 0 0 0   -0.011 -0.02329  0.04412 0.0608968  0.196776 0.0300824 -0.000129524 -0.000228538 -6.52139e-05   0.0108598    0.005222 0.000987413  0.00475447 -0.00160899      -9.809 
              35.823 0.146659 0.722464  90.8311 1.92688  1.8817 4.84016 0 0 0   -0.011 -0.02329  0.04412 0.0232733  0.187312 0.0387563 -0.000134006 -0.000290951 -9.36631e-05  0.00930126  0.00170297 0.000781911  0.00306789 -0.00490337      -9.809 
              35.925 0.316636 0.384363  90.7015 1.92346  1.9131 4.83995 0 0 0   -0.011 -0.02329  0.04412 0.0210994  0.208097 0.0351008 -0.000251262 -0.000126023 -2.25334e-05 0.00705011 0.00265678 0.00105363 0.000959133 -0.00387367      -9.809 
              36.022 0.263578 0.472926  90.7757 1.92544 1.93561 4.83402 0 0 0   -0.011 -0.02329  0.04412 0.0242889  0.214109 0.0204028 -0.000222508 -0.000228897 -7.72869e-05 0.00670015  0.0030736 0.00171355 0.000650102 -0.00346215      -9.809 
              36.121 0.381447 0.246901  90.6705 1.93415 1.94133 4.83411 0 0 0   -0.011 -0.02329  0.04412 0.0385324  0.177466 0.0182866 -0.000307969 -0.000129616 -1.82797e-05   0.009254 0.00164798 0.00189723  0.00302178 -0.00496656      -9.809 
              36.223 0.290832 0.406772  90.8168 1.92129 1.97748 4.83226 0 0 0   -0.011 -0.02329  0.04412 0.0137208  0.210529 0.0135415 -0.000267371 -0.000272004 -0.000106888 0.00531783 0.00179224 0.00208068 -0.000740574  -0.00461665       -9.809 
              36.321 0.212127 0.210032   90.688 1.93419 1.98508 4.83471 0 0 0   -0.011 -0.02329  0.04412 0.0348783  0.181674 0.0141256 -0.000217068 -0.000204132  -2.4396e-05  0.0080063 0.00169446  0.0020613 0.00182748 -0.0048576     -9.809 
              36.428 0.271554 0.245805  90.7783 1.94439  2.0028 4.83791 0 0 0   -0.011 -0.02329  0.04412 0.0496242  0.177135 0.0158814 -0.000246976 -0.000293451 -7.73906e-05 0.00880702 0.00236716 0.00196055  0.00263143 -0.00425842      -9.809 
              36.523   0.398119 -0.0407611    90.6465 1.96915 2.01363 4.83719 0 0 0   -0.011 -0.02329  0.04412  0.0934935   0.159188 0.00881973 -0.000339357 -0.000187017  1.84595e-06  0.0114503 0.00417132 0.00217765  0.00526169 -0.00268464      -9.809 
              36.623   0.226791 -0.0616281    90.6763 1.98144 2.02913 4.84528 0 0 0   -0.011 -0.02329  0.04412 0.0995737  0.151828 0.0202443 -0.000224535 -0.000229778 -1.93742e-05  0.0117161 0.00455437 0.00170277 0.00553812 -0.0023323     -9.809 
              36.723  0.232607 -0.236591   90.6676 1.98127 2.04218 4.84977 0 0 0   -0.011 -0.02329  0.04412 0.0828766   0.13517 0.0249517 -0.000213046 -0.000171402 -2.00007e-05  0.0109208 0.00301799 0.00150301   0.0046888 -0.00375119      -9.809 
              36.821  0.201387 0.0381472   90.8007 1.97895 2.05945 4.85528 0 0 0   -0.011 -0.02329  0.04412 0.0652083  0.137381 0.0300395 -0.000185299 -0.000385342 -0.000108499 0.00951248 0.00215123 0.00128097 0.00329441 -0.0044947     -9.809 
              36.926  0.423272 -0.354626   90.6758 1.98484 2.06889 4.85474 0 0 0   -0.011 -0.02329  0.04412 0.0684298  0.112382 0.0236443 -0.000339554 -0.000187308 -4.35907e-05 0.00985625 0.00135007 0.00151406  0.00357306 -0.00527787      -9.809 
               37.02  0.222993 -0.386157   90.6674 1.98337 2.08241 4.85406 0 0 0   -0.011 -0.02329  0.04412 0.0550406  0.106421 0.0197144 -0.000245802 -0.000209411 -4.47013e-05  0.00875731 0.000785748  0.00168227  0.00249166 -0.00574927      -9.809 
              37.127  0.151891 -0.441933   90.6818 1.98251 2.09008 4.85827 0 0 0   -0.011 -0.02329  0.04412 0.0416206 0.0856095 0.0231302 -0.000242928 -0.000206187 -5.59435e-05   0.00846393 -0.000482637   0.00152148  0.00213559 -0.00693726      -9.809 
              37.222 0.0551351 -0.561369   90.6019 1.98688 2.10084 4.86128 0 0 0   -0.011 -0.02329  0.04412 0.0430161 0.0789648 0.0225976 -0.000228765 -0.000157866 -9.52217e-06  0.00812912 1.89343e-05  0.00146237  0.00184891 -0.00644083      -9.809 
              37.325 0.193728 -0.55658  90.6245 1.99028 2.11038 4.86416 0 0 0   -0.011 -0.02329  0.04412 0.0441976 0.0681779 0.0215389 -0.000344651 -0.000177374 -2.38854e-05  0.00780428 3.71417e-05  0.00142258  0.00154185 -0.00640367      -9.809 
              37.421 -0.252888 -0.380406   90.7487  1.9947  2.1104 4.87705 0 0 0   -0.011 -0.02329  0.04412 0.0339112  0.047528 0.0388631 -8.44776e-05 -0.000296832 -9.97023e-05   0.00853833 -0.000662829  0.000684317  0.00219955 -0.00711662      -9.809 
              37.524 -0.0760738  -0.614632    90.6756 1.98731 2.13175 4.87977 0 0 0   -0.011 -0.02329  0.04412 0.0116844 0.0765855 -0.258143 -0.000204533 -0.000158548 -5.69502e-05   0.00581078 -3.43772e-06  0.000295418 -0.000340916  -0.00632305       -9.809 
              37.624 -0.264777 -0.433395   91.0706 1.99858 2.14718 4.82615 0 0 0   -0.011 -0.02329  0.04412 0.0366036  0.119765  -0.72448 -0.000188664 -0.000251543   7.0118e-06  0.00599564   0.0020354 0.000710573 -3.69006e-05  -0.00440247       -9.809 
               37.72 -0.324381 -0.640269   93.6089 2.01007 2.16499 4.70914 0 0 0   -0.011 -0.02329  0.04412 0.0683737  0.146539  -1.05132 -0.000466773   0.00017647  0.000725203 0.00610355 0.00363027 0.00272024 0.000153409 -0.00288523      -9.809 
              37.825 -0.622198  0.414432   102.122 2.05354 2.16014 4.57928 0 0 0   -0.011 -0.02329  0.04412 0.125583 0.108355 -1.34018 -0.000410701  3.07326e-05   0.00115468  0.0115152 0.00570061  0.0032919  0.00539844 -0.00126328      -9.809 
              37.923 -0.705634   0.44402   115.488 2.04779 2.14699 4.46582 0 0 0   -0.011 -0.02329  0.04412  0.070335 0.0489437  -1.49607  -0.00029438 -8.22428e-05   0.00190754   0.0123468 0.000669917  0.00158959  0.00593742 -0.00608476      -9.809 
              38.023 -0.460004 0.0277721   130.946 2.03891 2.17447 4.28343 0 0 0   -0.011 -0.02329  0.04412 0.0270202 0.0914991  -1.64137  -0.00048976 -0.000503643   0.00186324 0.00877982 0.00165905 0.00279932  0.00256666 -0.00498175      -9.809 
              38.124 -0.416934 -0.875202   146.129 2.02131 2.15832 4.13617 0 0 0   -0.011 -0.02329  0.04412 -0.0302993  0.0111079    -1.6217 -0.000399249 -0.000571769   0.00183035  0.00882379 -0.00410187  0.00154498 0.00268499 -0.0105102   -9.80899 
               38.22 -0.513144  -1.19321    157.59 2.03981 2.12707 4.03614 0 0 0   -0.011 -0.02329  0.04412 0.00626465 -0.0873613   -1.44838 -0.000223063 -0.000405493   0.00174298    0.013106 -0.00648878 -0.00184767 0.00701467 -0.0128336   -9.80899 
              38.326 -0.533853  -1.03031   165.015 2.02749 2.10472 3.89829 0 0 0   -0.011 -0.02329  0.04412 -0.00104644   -0.150248      -1.292 -0.000249318 -0.000176847   0.00186254   0.0116738  -0.0100605 -0.00244323 0.00606142 -0.0164077   -9.80898 
              38.423 -0.702543 -0.514398   171.329 2.04281 2.09338 3.78493 0 0 0   -0.011 -0.02329  0.04412 0.0486839 -0.159603  -1.11867 -0.000310988 -8.64901e-05   0.00134954   0.0137318 -0.00766563 -0.00324536 0.00763065 -0.0138635   -9.80899 
              38.522  -0.987283 -0.0531267    175.169 2.05345 2.07908 3.68264 0 0 0   -0.011 -0.02329  0.04412 0.0673366 -0.170745 -0.977599 -0.000327622  -0.00015766  0.000921412   0.0147294 -0.00679788  -0.0033033 0.00839125 -0.0128668   -9.80899 
              38.623 -1.18783 0.126593  177.601 2.06243 2.08703 3.59206 0 0 0   -0.011 -0.02329  0.04412 0.0770798 -0.131022 -0.845338 -0.000272888 -0.000234402  0.000486308   0.0152006 -0.00113793 -0.00337716  0.00743354 -0.00740638    -9.80899 
              38.721 -1.22019 0.142161  178.911 2.06313 2.08243 3.50649 0 0 0   -0.011 -0.02329  0.04412 0.0634974   -0.1301 -0.752793 -0.000192648 -0.000279499  0.000267349   0.0139948 0.000573253 -0.00267814 0.00585267 -0.0060843     -9.809 
              38.826  -1.08595 0.0943346   179.752 2.05982 2.05435 3.40804 0 0 0   -0.011 -0.02329  0.04412  0.040285 -0.177342 -0.693475 -0.000152296 -0.000293323  4.41883e-05     0.011601  -0.00273967 -0.000924108  0.00463059 -0.00971924    -9.80899 
              38.922 -0.843287 0.0406774  -179.959 2.06676 2.04618 3.32999 0 0 0   -0.011 -0.02329  0.04412 0.0492101 -0.166697 -0.653072 -0.000136773  -0.00027415  2.62227e-06    0.0127287 -0.000701002  0.000536389  0.00502049 -0.00752302      -9.809 
              39.027 -0.620144 0.0222552   -179.82 2.06978 2.03864 3.24969 0 0 0   -0.011 -0.02329  0.04412 0.0473305 -0.148999 -0.617743 -0.000144438  -0.00025526 -2.79807e-05  0.0127827 0.00149081 0.00200891  0.00438676 -0.00550903      -9.809 
              39.125 -0.388356  0.036942  -179.769 2.07604 2.03737  3.1825 0 0 0   -0.011 -0.02329  0.04412 0.0546835 -0.119502 -0.582395 -0.000165555 -0.000244297 -3.04436e-05  0.0138799 0.00439986 0.00300646  0.00444065 -0.00255624      -9.809 
               39.22 -0.215912 0.0613656   -179.72 2.07668 2.02463 3.12381 0 0 0   -0.011 -0.02329  0.04412 0.0449294 -0.120893 -0.534002 -0.000158119 -0.000255457 -4.69976e-05  0.0128213 0.00424458 0.00333945  0.00355599 -0.00302021      -9.809 
              39.325 -0.045595 0.0596634  -179.757 2.09133  2.0143 3.07597 0 0 0   -0.011 -0.02329  0.04412 0.0658304 -0.109849 -0.466414 -0.000167579 -0.000259353 -1.68894e-05   0.014962 0.00448525 0.00287559   0.0053663 -0.00213331      -9.809 
              39.423  0.100529 0.0525395  -179.771 2.11534 1.99408 3.03806 0 0 0   -0.011 -0.02329  0.04412  0.101488 -0.121936   -0.4043 -0.000171177 -0.000261439  2.66693e-06  0.0180569 0.00209591 0.00235527  0.00885812 -0.00326274      -9.809 
              39.522  0.237618 0.0473035  -179.676  2.1082 1.99057 2.99887 0 0 0   -0.011 -0.02329  0.04412   0.067196 -0.0988827  -0.362927 -0.000186889 -0.000243209 -4.40947e-05  0.0149998  0.0040764 0.00254147  0.00552718 -0.00249384      -9.809 
              39.629  0.324951 0.0807799   -179.66 2.10285 1.97374 2.96758 0 0 0   -0.011 -0.02329  0.04412 0.0387033 -0.104717 -0.295585 -0.000183908 -0.000237374 -4.68512e-05  0.0122147 0.00313678 0.00186539   0.0033647 -0.00422191      -9.809 
               39.72 0.398856 0.141139 -179.724 2.08791 1.95572 2.94483 0 0 0   -0.011 -0.02329  0.04412 -0.00356454   -0.118177   -0.251813 -0.000204643 -0.000233597 -1.80803e-06 0.00816808 0.00182383 0.00160629 0.000203733 -0.00668331      -9.809 
              39.823 0.416031  0.17533 -179.575 2.09329 1.94927 2.91987 0 0 0   -0.011 -0.02329  0.04412 0.00688302 -0.0953583  -0.215286 -0.000213546 -0.000225074  -8.5419e-05 0.00951729 0.00265679 0.00174114  0.00113267 -0.00551505      -9.809 
              39.923 0.431732 0.245433 -179.557 2.07886 1.94234 2.89677 0 0 0   -0.011 -0.02329  0.04412 -0.0286753 -0.0831221  -0.190217 -0.000220105 -0.000235939 -8.27161e-05 0.00677946 0.00334723 0.00211481 -0.00150927 -0.00578122      -9.809 
               40.02 0.422288 0.299145 -179.507 2.06143 1.94261 2.88389 0 0 0   -0.011 -0.02329  0.04412 -0.0628612 -0.0577709  -0.145542 -0.000205671 -0.000226545 -0.000101703 0.00444193 0.00517224 0.00159421 -0.00415872 -0.00491311      -9.809 
              40.123  0.45142 0.358075 -179.466 2.05755 1.93324 2.86789 0 0 0   -0.011 -0.02329  0.04412 -0.0621621 -0.0568239  -0.125096 -0.000208895 -0.000232007 -0.000112732 0.00477586 0.00437251  0.0018704   -0.003609 -0.00551374      -9.809 
              40.221 0.459139 0.384539 -179.551 2.05739 1.92764 2.85742 0 0 0   -0.011 -0.02329  0.04412 -0.0539783 -0.0480223  -0.100926 -0.000207154 -0.000241061 -5.17737e-05  0.0058737 0.00415914 0.00181212 -0.00257121 -0.00535518      -9.809 
              40.321  0.45771 0.378225  -179.46  2.0551 1.90985 2.84877 0 0 0   -0.011 -0.02329  0.04412 -0.0517988 -0.0676787 -0.0773438 -0.000218244 -0.000250446 -9.90366e-05 0.00592857 0.00169621 0.00173041 -0.00174488 -0.00750948      -9.809 
              40.423 0.428155 0.333355 -179.501 2.05657 1.92548 2.84812 0 0 0   -0.011 -0.02329  0.04412   -0.036459 -0.00736184  -0.0402687 -0.000215912 -0.000263081 -7.09244e-05 0.00817294 0.00560683 0.00105289 -0.00100342 -0.00335738      -9.809 
              40.524 0.421489 0.256847 -179.416 2.05811 1.93006 2.84021 0 0 0   -0.011 -0.02329  0.04412 -0.0256679  0.0130452 -0.0387785 -0.000223425 -0.000275056 -0.000116388 0.00935691 0.00641989 0.00156965 -0.000213174  -0.00227225       -9.809 
               40.62 0.398698  0.16771 -179.479 2.04981 1.92797 2.83598 0 0 0   -0.011 -0.02329  0.04412 -0.0393303    0.01051 -0.0301734 -0.000212344 -0.000273269 -7.22662e-05 0.00817432 0.00587265  0.0016812 -0.00108174 -0.00312325      -9.809 
              40.723  0.386793 0.0821094  -179.519 2.03655 1.91769 2.83402 0 0 0   -0.011 -0.02329  0.04412   -0.05971 -0.0095762 -0.0170955 -0.000214681 -0.000264903 -4.17926e-05 0.00611721 0.00399788 0.00158958  -0.0023022 -0.00541249      -9.809 
              40.825    0.361541 -0.00684424    -179.502 2.02651 1.91939 2.83171 0 0 0   -0.011 -0.02329  0.04412  -0.0664127 0.000890119  -0.0111121 -0.000219231  -0.00025964 -4.27808e-05 0.00553189  0.0044605  0.0016927 -0.00296116 -0.00518874      -9.809 
               40.92    0.32118 -0.0578494    -179.39 2.02073 1.92861 2.83304 0 0 0   -0.011 -0.02329  0.04412 -0.0616249   0.026659 0.00106546 -0.000208832  -0.00026283 -0.000102058 0.00598987 0.00598594 0.00145613 -0.00303816 -0.00370779      -9.809 
              41.027  0.307196 -0.111881  -179.532 2.01777 1.92235 2.83054 0 0 0   -0.011 -0.02329  0.04412  -0.0517146   0.0121476 -0.00288834  -0.00022136  -0.00024543 -1.18421e-05 0.00613163 0.00443448 0.00177075 -0.00242787 -0.00502414      -9.809 
              41.124  0.274972 -0.139778  -179.323  2.0142 1.92814 2.83326 0 0 0   -0.011 -0.02329  0.04412 -0.0433196   0.025778 0.00920684 -0.000220057 -0.000243027 -0.000128965 0.00652275 0.00511795 0.00146275  -0.0022993 -0.00430407      -9.809 
              41.221 0.223949 -0.17572 -179.334 2.00356  1.9386 2.83618 0 0 0   -0.011 -0.02329  0.04412 -0.0513317   0.045786  0.0177274 -0.000220779  -0.00024527 -0.000114022 0.00579622 0.00645685 0.00124414 -0.00335225 -0.00335788      -9.809 
              41.326  0.168301 -0.216248   -179.35 2.01201 1.93237 2.84033 0 0 0   -0.011 -0.02329  0.04412 -0.0198195  0.0265473  0.0269924 -0.000224765  -0.00025253  -9.7425e-05  0.0073937 0.00457811 0.00101973 -0.00137187 -0.00450492      -9.809 
              41.427  0.117237 -0.263833  -179.335 2.00638 1.93737 2.84281 0 0 0   -0.011 -0.02329  0.04412 -0.0219404   0.031448   0.028777 -0.000212493 -0.000254524 -9.74491e-05 0.00690628  0.0049816 0.00105651 -0.00192264 -0.00430342      -9.809 
              41.521 0.0772181 -0.313794   -179.38 1.99848 1.93571 2.84533 0 0 0   -0.011 -0.02329  0.04412 -0.0290752  0.0206341  0.0282465 -0.000219571 -0.000243749 -6.70612e-05 0.00584413 0.00435202 0.00109372 -0.00265274 -0.00517929      -9.809 
              41.624 0.0130597 -0.332289  -179.446 1.99518 1.94199 2.84505 0 0 0   -0.011 -0.02329  0.04412 -0.0235859  0.0300647  0.0182381 -0.000229517 -0.000242651 -2.53354e-05 0.00591288 0.00496462 0.00142896 -0.00278344 -0.00462517      -9.809 
              41.723 -0.0480853  -0.335785    -179.34 1.98676 1.93871 2.84921 0 0 0   -0.011 -0.02329  0.04412 -0.0316677  0.0142657  0.0253019 -0.000213796 -0.000232311 -8.68929e-05 0.00478422 0.00414753 0.00116908 -0.00351119 -0.00568214      -9.809 
              41.824 -0.0745422  -0.326355    -179.35 1.99922 1.94033 2.85074 0 0 0   -0.011 -0.02329  0.04412 0.00653524  0.0157206  0.0228883 -0.000208384 -0.000222503 -8.16138e-05 0.00691626 0.00398797 0.00127971 -0.00161078 -0.00516633      -9.809 
              41.922 -0.0861009  -0.316388   -179.384 2.00131 1.94052 2.85357 0 0 0   -0.011 -0.02329  0.04412 -0.0250953  0.0102801   0.050492 -0.000204601 -0.000231221 -6.03787e-05 0.00706544 0.00378415 0.00124466 -0.00141843 -0.00529738      -9.809 
              42.021  -0.106596 -0.0943438    -179.45 1.99385 1.93479 2.86651 0 0 0   -0.011 -0.02329  0.04412   -0.225305 -0.00989355    0.146559 -0.000202009 -0.000227637 -1.70058e-05 0.00776087 0.00279237 0.00102044 -0.000509965   -0.0059439       -9.809 
              42.121 -0.168479   4.60332  -179.298 1.95216 1.93073 2.87919 0 0 0   -0.011 -0.02329  0.04412  -0.265271 -0.0205417   0.109344 -0.000196679   0.00181438 -0.000101553 0.00491347 0.00260879 0.00118342 -0.00291698 -0.00697084      -9.809 
              42.228 -0.211089   11.7606  -179.284 1.94879 1.90892 2.93501 0 0 0   -0.011 -0.02329  0.04412  -0.286827 -0.0626305    0.20535 -0.000198935    0.0022905 -0.000107206   0.00775035 -0.000294948  -0.00363222 0.000350851 -0.00864217      -9.809 
              42.322 -0.240518   16.1776  -179.376 1.90745 1.90616 2.92162 0 0 0   -0.011 -0.02329  0.04412   -0.48451 -0.0610484  0.0760178 -0.000204184  0.000382505 -5.08423e-05   0.00696972  0.000179164 -0.000476906 -0.000319273  -0.00843423       -9.809 
              42.423 -0.240386   15.8014  -179.163 1.84291 1.91555 2.91337 0 0 0   -0.011 -0.02329  0.04412   -0.717326  -0.0339747 -0.00337735  -0.00016118  -0.00103871 -0.000163237  0.00666706  0.00233372 0.000954144 -0.00111115  -0.0066429      -9.809 
              42.522 -0.17585  12.4892 -179.201 1.74314 1.93897 2.86042 0 0 0   -0.011 -0.02329  0.04412 -0.933773 0.0161253 -0.178688 -0.000165483  -0.00137575 -0.000125856  0.0040878 0.00603262 0.00630313 -0.00376027 -0.00410019      -9.809 
               42.62 -0.0958393    9.21578   -179.372 1.64291 1.92259 2.86976 0 0 0   -0.011 -0.02329  0.04412   -1.06833 -0.0240779  -0.104783 -0.000174281  -0.00125986 -1.82581e-05 0.00375609 0.00375277 0.00335234  -0.0037816 -0.00624486      -9.809 
              42.723 0.00389165    6.81528   -179.303 1.54319 1.91255 2.87686 0 0 0   -0.011 -0.02329  0.04412     -1.116 -0.0407849 -0.0554215 -0.000161372 -0.000876752 -5.79453e-05 0.00564616  0.0026017 0.00170925 -0.00206024 -0.00671054      -9.809 
              42.823 0.0853187   5.22079  -179.244 1.42043 1.90764 2.87396 0 0 0   -0.011 -0.02329  0.04412   -1.17796 -0.0439475 -0.0492861 -0.000165059 -0.000589857 -9.46878e-05 0.00415998  0.0026196 0.00128766 -0.00338428 -0.00715198      -9.809 
              42.921 0.122265  4.20531  -179.23 1.28502 1.90682 2.87139 0 0 0   -0.011 -0.02329  0.04412   -1.22851 -0.0362849  -0.041929 -0.000176722  -0.00051082 -0.000102906 0.00253385 0.00323827 0.00087455  -0.0050013 -0.00711927      -9.809 
              43.026 0.147347  3.28663 -179.249 1.15383 1.89753 2.87543 0 0 0   -0.011 -0.02329  0.04412   -1.24444 -0.0459422 -0.0183157 -0.000187193 -0.000510413 -9.27208e-05  0.00205918  0.00254206 6.48723e-05 -0.00526811 -0.00786999      -9.809 
              43.127 0.165556  2.39774 -179.241 1.01823 1.88988 2.87932 0 0 0   -0.011 -0.02329  0.04412      -1.2644   -0.0523737 -0.000958993 -0.000180594 -0.000520122 -9.69265e-05  0.000582067   0.00226241 -0.000568069 -0.00648631 -0.00855895    -9.80899 
              43.214 0.198549  1.55363 -179.149 0.901682  1.88876  2.87341 0 0 0   -0.011 -0.02329  0.04412   -1.26753 -0.0429985 -0.0152614 -0.000170177 -0.000481171  -0.00015083 -0.000467472   0.00278123 -8.17214e-05 -0.00751163 -0.00842644    -9.80899 
              43.321  0.24284 0.913343 -179.263 0.786857  1.87974  2.86706 0 0 0   -0.011 -0.02329  0.04412   -1.20042 -0.0455762 -0.0268613 -0.000173978 -0.000441643 -8.54173e-05  0.00148706  0.00201738 0.000510755 -0.00559708 -0.00848899    -9.80899 
               43.42 0.287779  0.25843 -179.216 0.676844  1.88246  2.86544 0 0 0   -0.011 -0.02329  0.04412   -1.14915  -0.024249 -0.0235526  -0.00016262 -0.000405073 -0.000122749  0.00237798  0.00283136 0.000439454  -0.0050858 -0.00753261      -9.809 
              43.531  0.343621 -0.274802  -179.219 0.539213  1.89057  2.86134 0 0 0   -0.011 -0.02329  0.04412   -1.11067 0.00324631 -0.0275988 -0.000164401  -0.00039124 -0.000129837 0.00176075 0.00417342 0.00053964 -0.00601093 -0.00657789      -9.809 
              43.621  0.386655 -0.837262  -179.374 0.453869  1.88347  2.85566 0 0 0   -0.011 -0.02329  0.04412    -1.04182 -0.00526134   -0.037764 -0.000175728 -0.000385427 -5.53661e-05  0.00288968  0.00310978 0.000918109 -0.00473567 -0.00714421      -9.809 
              43.725 0.409589 -1.23234 -179.338 0.348923  1.88722  2.85342 0 0 0   -0.011 -0.02329  0.04412  -0.983149  0.0104999 -0.0327719 -0.000180446 -0.000361017 -9.48083e-05  0.00292444  0.00358407 0.000744645 -0.00484707 -0.00673246      -9.809 
              43.825 0.427828 -1.63374 -179.318 0.262551  1.89776  2.85379 0 0 0   -0.011 -0.02329  0.04412  -0.903508  0.0390646 -0.0213703 -0.000164145 -0.000335598 -0.000127456 0.00410916 0.00461776 0.00037165 -0.00415015 -0.00550903      -9.809 
              43.921 0.480256 -1.96774 -179.468 0.177438  1.89696  2.85065 0 0 0   -0.011 -0.02329  0.04412  -0.847022  0.0346866 -0.0228853 -0.000168892 -0.000318962 -6.23045e-05  0.00370522  0.00405298 0.000499715 -0.00432528 -0.00610452      -9.809 
              44.048 0.498829 -2.26035 -179.448 0.0742752   1.90471   2.85069 0 0 0   -0.011 -0.02329  0.04412  -0.756928  0.0497619 -0.0119707 -0.000168879 -0.000314039 -9.09971e-05   0.0039009  0.00435321 0.000234256 -0.00424435 -0.00579284      -9.809 
              44.125 0.492625 -2.58985 -179.595 0.0201362   1.89786   2.84804 0 0 0   -0.011 -0.02329  0.04412  -0.703601  0.0293676 -0.0158801 -0.000179586 -0.000300544 -2.25733e-05  0.00376025  0.00297097 0.000432874 -0.00396073 -0.00699676      -9.809 
               44.22 0.480729 -2.75533   -179.6 -0.0392253    1.90532    2.84647 0 0 0   -0.011 -0.02329  0.04412 -0.628957 0.0469103 -0.014718 -0.000188801 -0.000279241 -3.15577e-05  0.00431178  0.00346662 0.000431873  -0.0036431 -0.00642008      -9.809 
              44.322 0.447281 -2.90093   -179.5 -0.0880834    1.90135    2.84461 0 0 0   -0.011 -0.02329  0.04412  -0.525062  0.0325933 -0.0138821 -0.000184716 -0.000258133 -0.000102025  0.00565526  0.00221292 0.000439678 -0.00215084 -0.00708055      -9.809 
              44.424 0.395692 -3.01264 -179.718 -0.134599   1.91067   2.84289 0 0 0   -0.011 -0.02329  0.04412  -0.446965  0.0515904 -0.0132062 -0.000182427 -0.000248255  1.59185e-05   0.0061596  0.00288983 0.000465868 -0.00192668 -0.00636862      -9.809 
               44.52 0.344834 -3.10423 -179.533 -0.18691  1.90831  2.84452 0 0 0   -0.011 -0.02329  0.04412    -0.41007   0.0368132 -0.00399741 -0.000193976 -0.000241221  -9.8853e-05  0.00456195    0.002134 0.000229148 -0.00303451 -0.00745873      -9.809 
               44.62 0.294807  -3.1554  -179.57 -0.227524   1.92159   2.84137 0 0 0   -0.011 -0.02329  0.04412  -0.350692  0.0612933 -0.0109539 -0.000186745 -0.000233908 -7.94505e-05  0.00449622  0.00328729 0.000518131 -0.00343351 -0.00651819      -9.809 
              44.721 0.272493 -3.16639 -179.538 -0.268594   1.93814   2.83743 0 0 0   -0.011 -0.02329  0.04412  -0.297178   0.085251 -0.0169127 -0.000185862 -0.000212183 -0.000101093  0.00397282  0.00452629 0.000823138 -0.00423831 -0.00563888      -9.809 
              44.821 0.227173 -3.12078 -179.632 -0.295236   1.93744   2.83789 0 0 0   -0.011 -0.02329  0.04412   -0.238596   0.0650733 -0.00877217 -0.000187061 -0.000194312 -5.05182e-05 0.00370657 0.00344089 0.00063137  -0.0041403 -0.00661582      -9.809 
              44.924 0.173372 -3.04094 -179.628 -0.318176    1.9335    2.8378 0 0 0   -0.011 -0.02329  0.04412   -0.184686   0.0409515 -0.00421429 -0.000184819 -0.000188585 -5.50222e-05  0.00328378  0.00224353 0.000576065 -0.00414564 -0.00772996      -9.809 
               45.02 0.120234 -2.94341 -179.566 -0.340562   1.93581   2.83741 0 0 0   -0.011 -0.02329  0.04412  -0.144097  0.0356272 -0.0018636 -0.000185863 -0.000176022 -9.57848e-05  0.00257079  0.00210493 0.000614712 -0.00469853 -0.00804785      -9.809 
              45.121 0.0760555  -2.81718  -179.569 -0.358152   1.93438   2.83777 0 0 0   -0.011 -0.02329  0.04412  -0.106081  0.0224758 0.00120488 -0.000186844 -0.000175069 -9.39401e-05   0.0018615  0.00160747 0.000599491 -0.00514291 -0.00866055    -9.80899 
              45.225 0.0320924   -2.7052  -179.488 -0.370455   1.95549   2.83385 0 0 0   -0.011 -0.02329  0.04412  -0.0640442   0.0635797 -0.00965394 -0.000187136 -0.000175957 -0.000142197 0.00197792 0.00375016 0.00101283 -0.00567231 -0.00685985      -9.809 
              45.322 -0.0112522   -2.58415   -179.524 -0.383227   1.96053   2.83507 0 0 0   -0.011 -0.02329  0.04412  -0.0408661   0.0584139 -0.00278137 -0.000185778 -0.000176286  -0.00012376   0.0010263  0.00371771 0.000835151 -0.00644165 -0.00715406      -9.809 
               45.42 -0.0326855   -2.48947    -179.61 -0.371088   1.95712   2.83349 0 0 0   -0.011 -0.02329  0.04412   0.0285399   0.0370293 -0.00621996  -0.00017938 -0.000187796 -7.56704e-05   0.0022886  0.00257253 0.000911806 -0.00507994 -0.00774204      -9.809 
              45.523 -0.0429904   -2.40842   -179.591 -0.352936   1.95903   2.83241 0 0 0   -0.011 -0.02329  0.04412   0.0934828   0.0315199 -0.00727038 -0.000173849 -0.000189585 -8.95669e-05  0.00361401  0.00226833 0.000906083 -0.00390386 -0.00761979      -9.809 
               45.62 -0.0567688    -2.3238   -179.491 -0.347723   1.96943   2.83168 0 0 0   -0.011 -0.02329  0.04412    0.116475   0.0452832 -0.00706861 -0.000178925 -0.000193392 -0.000147079  0.00328458  0.00313936 0.000927761 -0.00442076 -0.00699752      -9.809 
              45.722 -0.0845709   -2.24188   -179.507 -0.344676   1.98723   2.83128 0 0 0   -0.011 -0.02329  0.04412    0.129022   0.0717948 -0.00547969 -0.000185737 -0.000175142 -0.000133192  0.00258794  0.00467633 0.000926788 -0.00542415 -0.00593331      -9.809 
              45.832 -0.126545  -2.11915  -179.654 -0.317728    1.9862   2.83272 0 0 0   -0.011 -0.02329  0.04412   0.180994  0.0491286 0.00264745  -0.00017702 -0.000179154 -3.89922e-05  0.00340702  0.00364918 0.000697587 -0.00445929 -0.00654461      -9.809 
               45.92 -0.158442  -1.96057   -179.62 -0.288496   1.97672   2.83254 0 0 0   -0.011 -0.02329  0.04412   0.228464    0.01558 0.00214721 -0.000178459 -0.000167791  -5.0742e-05  0.00438257  0.00206262 0.000702154 -0.00321899 -0.00756826      -9.809 
              46.021 -0.187592  -1.82565  -179.527 -0.273517   1.98037    2.8321 0 0 0   -0.011 -0.02329  0.04412  0.231814 0.0154433 0.0012998 -0.000179966 -0.000159893  -0.00010313 0.00356679 0.00237584 0.00080117  -0.0039741 -0.00753927      -9.809 
              46.127 -0.217395  -1.65519  -179.516 -0.244138   1.98929   2.83713 0 0 0   -0.011 -0.02329  0.04412  0.260449 0.0279335 0.0167934 -0.000175603 -0.000157103 -0.000110546  0.00413986  0.00313545 0.000311427 -0.00370691 -0.00676319      -9.809 
              46.224 -0.245387  -1.46153  -179.575 -0.207145   1.98785   2.83726 0 0 0   -0.011 -0.02329  0.04412  0.295089  0.015409 0.0133923 -0.000169587 -0.000152491 -8.21553e-05  0.00501992  0.00264227 0.000446359 -0.00285828 -0.00692101      -9.809 
              46.326 -0.253139   -1.2642   -179.56 -0.162731   1.98672   2.83682 0 0 0   -0.011 -0.02329  0.04412   0.335624 0.00779173 0.00954003 -0.000174816  -0.00014395 -9.82753e-05  0.00631939  0.00229174 0.000596706 -0.00171059 -0.00684784      -9.809 
              46.424 -0.264046  -1.05915   -179.65 -0.130427   1.97403   2.83603 0 0 0   -0.011 -0.02329  0.04412    0.33902 -0.0282158 0.00503636 -0.000169093 -0.000146048 -5.58442e-05  0.00596137 0.000957885 0.000772723 -0.00163535 -0.00802432      -9.809 
              46.521 -0.281372  -0.85427  -179.707 -0.0995525    1.98031    2.83526 0 0 0   -0.011 -0.02329  0.04412   0.336655 -0.0116297 0.00108275 -0.000167558 -0.000153846 -3.00532e-05  0.00585079  0.00192545 0.000913295 -0.00199371 -0.00727327      -9.809 
              46.623 -0.281797  -0.66419  -179.722 -0.0651817    1.97388    2.83742 0 0 0   -0.011 -0.02329  0.04412   0.336136   -0.02815 0.00816209 -0.000171363 -0.000138635 -2.84873e-05  0.00577709  0.00141937 0.000710453 -0.00191126 -0.00770164      -9.809 
              46.721 -0.289634 -0.423663  -179.708 -0.047417   1.97376   2.84015 0 0 0   -0.011 -0.02329  0.04412   0.301767 -0.0285313  0.0148732 -0.000160584 -0.000133557 -4.10972e-05  0.00448974  0.00181418 0.000540688 -0.00305381 -0.00773423      -9.809 
              46.823  -0.26994 -0.171639  -179.744 -0.0168761    1.96986    2.84545 0 0 0   -0.011 -0.02329  0.04412   0.295044 -0.0345071  0.0261052 -0.000153103 -0.000123218 -2.38293e-05  0.00451079  0.00173025 0.000152419 -0.00301027 -0.00779745      -9.809 
              46.925 -0.234181  0.107267  -179.742 0.0137028   1.96303    2.8444 0 0 0   -0.011 -0.02329  0.04412   0.281474 -0.0446686  0.0145926  -0.00015441 -0.000123882 -2.87408e-05   0.0044309  0.00143685 0.000536735 -0.00299732  -0.0080523      -9.809 
              47.022 -0.193104   0.36991   -179.69 0.0350802   1.97141   2.84214 0 0 0   -0.011 -0.02329  0.04412   0.258489 -0.0187822 0.00321661 -0.000144075 -0.000121862 -5.57472e-05  0.00425633  0.00272306 0.000917028 -0.00348638 -0.00706891      -9.809 
              47.127 -0.136874  0.597371  -179.611 0.0489458    1.9738     2.846 0 0 0   -0.011 -0.02329  0.04412   0.214626 -0.0122363  0.0131972 -0.000141442 -0.000137336 -9.49014e-05  0.00324688  0.00323667 0.000552055 -0.00443133 -0.00693059      -9.809 
              47.221 -0.0788553   0.792431   -179.664 0.0376595   1.99559   2.84702 0 0 0   -0.011 -0.02329  0.04412  0.133648 0.0350252 0.0125029 -0.000146736 -0.000147633 -5.59306e-05 0.000953682  0.00565623 0.000585408 -0.00691049 -0.00561385      -9.809 
              47.321 -0.0415003   0.931626   -179.618 0.0541528   1.99766   2.84643 0 0 0   -0.011 -0.02329  0.04412   0.116992   0.032289 0.00740725 -0.000144703 -0.000151011 -7.72719e-05  0.00125254  0.00548254 0.000780672 -0.00662498 -0.00567166      -9.809 
              47.422 0.00173702    1.07486    -179.59 0.0646569   1.99504   2.84857 0 0 0   -0.011 -0.02329  0.04412 0.0923039 0.0195975 0.0116571  -0.00014754 -0.000158003 -8.76276e-05  0.00111791  0.00492763 0.000637378 -0.00658476 -0.00614836      -9.809 
              47.521 0.0283406   1.18911  -179.555 0.0682096   1.98892   2.84959 0 0 0   -0.011 -0.02329  0.04412   0.0582658 0.000812428   0.0113548 -0.000145301 -0.000168327 -0.000103252 0.000533643  0.00418878 0.000643957 -0.00685071 -0.00688794      -9.809 
              47.624 0.0476979    1.2333   -179.52 0.0772183   1.98608   2.84921 0 0 0   -0.011 -0.02329  0.04412    0.042363 -0.00450936  0.00663308 -0.000150771 -0.000184316 -0.000117886 0.000848002  0.00388236 0.000801276 -0.00651854 -0.00704657      -9.809 
              47.735 0.0364945   1.23401  -179.545 0.093236  1.98336  2.84998 0 0 0   -0.011 -0.02329  0.04412  0.0412303   -0.00672 0.00581755 -0.000160615 -0.000205304 -9.70361e-05  0.00186211  0.00361122 0.000815444 -0.00564566 -0.00699353      -9.809 
              47.825 0.00101825    1.15625   -179.568 0.104019  1.98549  2.85089 0 0 0   -0.011 -0.02329  0.04412  0.0398654 0.00172544 0.00592914 -0.000165316 -0.000215607 -8.20198e-05 0.00261872 0.00382344 0.00078399 -0.00510651 -0.00662807      -9.809 
               47.92 -0.0276906     1.0794   -179.556 0.111015   1.9744  2.85268 0 0 0   -0.011 -0.02329  0.04412  0.0287287  -0.024299 0.00791106 -0.000173554 -0.000221304 -9.20712e-05  0.0027233 0.00275182 0.00065897  -0.0047428 -0.00744268      -9.809 
              48.025 -0.0828878   0.981826   -179.591 0.114201  1.97764  2.85416 0 0 0   -0.011 -0.02329  0.04412   0.014013 -0.0118558  0.0090463 -0.000169493 -0.000224029 -7.87529e-05 0.00293812 0.00328818 0.00059335 -0.00471675 -0.00696652      -9.809 
               48.12 -0.134423  0.870674  -179.587 0.11506 1.97443 2.85546 0 0 0   -0.011 -0.02329  0.04412 -0.000352007   -0.0172475    0.0108624 -0.000175461  -0.00021703  -8.9535e-05  0.00290946  0.00309404 0.000547879 -0.00468879 -0.00712597      -9.809 
              48.223 -0.168271  0.807865  -179.623 0.118875  1.97441  2.85259 0 0 0   -0.011 -0.02329  0.04412  -0.00349147   -0.0146151 -0.000360438 -0.000166886 -0.000214384 -6.99443e-05  0.00332897  0.00323576 0.000955071 -0.00439297 -0.00690466      -9.809 
              48.322 -0.185085  0.742392   -179.61 0.105821  1.95989  2.85585 0 0 0   -0.011 -0.02329  0.04412  -0.042279 -0.0480961  0.0086827 -0.000154831 -0.000203107 -7.42275e-05  0.00200033  0.00212774 0.000594576  -0.0051436 -0.00811326      -9.809 
              48.421 -0.182041  0.699258  -179.605 0.109523  1.94951  2.85741 0 0 0   -0.011 -0.02329  0.04412 -0.0363188 -0.0605756  0.0101554 -0.000152746 -0.000205992 -7.34947e-05  0.00260895  0.00161637 0.000537867 -0.00453727 -0.00835395      -9.809 
              48.528 -0.160214  0.650075  -179.554 0.0970955    1.9394   2.85645 0 0 0   -0.011 -0.02329  0.04412 -0.0632108  -0.072352 0.00415781 -0.000148375 -0.000206769 -0.000100116  0.00186675  0.00134032 0.000730869  -0.0050403 -0.00875796    -9.80899 
              48.627 -0.141422  0.600786  -179.599 0.0899089   1.94683   2.85711 0 0 0   -0.011 -0.02329  0.04412  -0.100958 -0.0892015 0.00552965 -0.000145833 -0.000199523 -7.20467e-05 0.00213862 0.00265855 0.00070467 -0.00517097 -0.00766826      -9.809 
               48.72 -0.446465  0.774141  -179.481 0.0684518   1.93143   2.85751 0 0 0   -0.011 -0.02329  0.04412   -0.24887  -0.271787 -0.0448796 -0.000148826 -0.000197602 -0.000114979  0.00176508  0.00292682 0.000520675 -0.00553046 -0.00755741      -9.809 
              48.828 -5.11107  3.83171 -177.568 0.00885022    1.83575    2.86867 0 0 0   -0.011 -0.02329  0.04412   -0.28691  -0.475606 -0.0958378  -0.0015803 0.000740661 6.91833e-05 -0.00219278 -0.00227527 -0.00167661 -0.00726434  -0.0125914    -9.80899 
              48.925 -11.8106  7.98137 -168.213 -0.0174831    1.79069    2.94402 0 0 0   -0.011 -0.02329  0.04412 -0.261998 -0.569857   0.14537 -0.00230093  0.00134231 4.99816e-05 -0.00200227 -0.00172994 -0.00984867 -0.0073845 -0.0123152   -9.80899 
              49.022 -15.4358  10.6959 -156.414 -0.0574482    1.73056    2.87844 0 0 0   -0.011 -0.02329  0.04412  -0.34076 -0.792893 0.0694156   -0.0015846 -0.000484046  0.000676996 -0.00309146 -0.00168643 -0.00206058 -0.00801708  -0.0121464    -9.80899 
              49.121 -14.9628  10.6787 -139.786 -0.093226   1.66951   2.83899 0 0 0   -0.011 -0.02329  0.04412  -0.364523   -1.00939 -0.0217938 -0.000674303  -0.00183625   0.00084651 -0.00279567 6.87771e-05   0.0029445 -0.00810337  -0.0101373    -9.80899 
               49.22 -11.2846  8.58439 -121.886 -0.102747   1.54197   2.76522 0 0 0   -0.011 -0.02329  0.04412 -0.259054  -1.28006 -0.239492 4.29016e-05 -0.00220701  0.00148592 -0.00249309  -0.0030881   0.0101991 -0.00643093  -0.0111955    -9.80899 
              49.322 -7.11377  6.43956 -103.554 -0.117304   1.39469   2.78035 0 0 0   -0.011 -0.02329  0.04412 -0.113594  -1.43634 -0.126239 0.000596728 -0.00184695  0.00188668 -0.00156351 -0.00252625  0.00624499 -0.00613484  -0.0111759    -9.80899 
              49.425 -3.09717  4.61035 -83.4257 -0.10728  1.23636  2.80431 0 0 0   -0.011 -0.02329  0.04412  0.0285433   -1.49097 -0.0265222 0.000620255 -0.00109258  0.00205459 -0.000498116  -0.00292276   0.00274021 -0.00522702  -0.0116348    -9.80899 
               49.52 -0.702547   3.31381  -64.5114 -0.0694759    1.11017     2.8156 0 0 0   -0.011 -0.02329  0.04412  0.155251  -1.44273 0.0172791  0.000352403 -0.000592038    0.0023206  0.00239564 -0.00362356  0.00173942 -0.00312746  -0.0104339    -9.80899 
              49.621 0.391652  2.35157   -47.57 -0.00390411    0.992238     2.82614 0 0 0   -0.011 -0.02329  0.04412 0.292485 -1.34393 0.048176   0.00014721 -0.000398929   0.00220396  0.00636138 -0.00544513   0.0012896 2.26206e-05 -0.00851722      -9.809 
              49.724 0.672228  1.51383 -32.5138 0.0661869  0.866238   2.83867 0 0 0   -0.011 -0.02329  0.04412  0.393992  -1.26392 0.0707105   5.5054e-05 -0.000310229   0.00200304  0.00831707 -0.00779717 0.000646006  0.00253344 -0.00785268      -9.809 
              49.821 0.332565 0.907801 -21.6085 0.114225 0.775568  2.85295 0 0 0   -0.011 -0.02329  0.04412  0.425554  -1.12618 0.0829331 -6.24361e-05 -0.000199086   0.00210379   0.0108237 -0.00873965   0.0002554  0.00348612 -0.00556473      -9.809 
              49.924 -0.461071  0.649486  -13.2853 0.104988 0.694813  2.86144 0 0 0   -0.011 -0.02329  0.04412  0.328154  -1.00422 0.0714382 -0.000156891  -0.00011837   0.00160135   0.0128442 -0.00590185 0.000579041 0.000807368 -0.00345578      -9.809 
              50.021 -1.45026 0.549968 -7.75326 0.0950844  0.626759   2.86517 0 0 0   -0.011 -0.02329  0.04412  0.245741 -0.888556 0.0519942 -0.000177013 -8.89379e-05   0.00109978   0.0150865 -0.00413455  0.00108564 -0.00122263 -0.00169214      -9.809 
              50.123 -2.31826  0.45133 -4.20273 0.0923947  0.552057   2.87364 0 0 0   -0.011 -0.02329  0.04412  0.189031 -0.791567 0.0521475    -0.000145 -0.000134034  0.000523549   0.0165994   -0.003006 0.000833528   -0.0025805 -0.000849138       -9.809 
              50.227 -3.04556 0.144258 -2.12407 0.0814038  0.467852   2.87211 0 0 0   -0.011 -0.02329  0.04412  0.118747 -0.726882 0.0243169  -6.0611e-05 -0.000193022  0.000138068    0.0179269 -0.000998363   0.00156149  -0.00432981 -0.000950185       -9.809 
              50.319 -3.47229 -0.35327 -1.09495 0.0563844  0.385596   2.87198 0 0 0   -0.011 -0.02329  0.04412 0.0276265  -0.68557 0.0120769  3.14585e-05 -0.000223309 -0.000110244  0.0197868 0.00162149 0.00189152 -0.00649058 -0.00144563      -9.809 
              50.421  -3.59754  -0.86094 -0.571514 0.0159128  0.329445   2.86806 0 0 0   -0.011 -0.02329  0.04412  -0.0795814   -0.587188 -0.00471005  0.000108361 -0.000214723 -0.000334783  0.0227755  0.0025714 0.00239249  -0.00849122 -0.000635808       -9.809 
              50.523  -3.52762  -1.34332 -0.450073 -0.0112412   0.257282    2.87287 0 0 0   -0.011 -0.02329  0.04412  -0.145219  -0.544531 0.00532896  0.000163026 -0.000170104 -0.000447048  0.0237885 0.00423387 0.00203292 -0.00960603 -0.00130296      -9.809 
              50.625  -3.34618  -1.68004 -0.524621 -0.047954   0.20035   2.87722 0 0 0   -0.011 -0.02329  0.04412 -0.217744 -0.484348 0.0129987  0.000194843 -0.000125155 -0.000495618  0.0251814 0.00510914 0.00173911   -0.010668 -0.00141088    -9.80899 
              50.723  -3.08254   -1.8588 -0.775596 -0.0689454   0.128172    2.87821 0 0 0   -0.011 -0.02329  0.04412 -0.244514 -0.470716 0.0108591  0.000199332 -8.84864e-05 -0.000446742  0.0247997 0.00683343 0.00189232 -0.0108909 -0.0026489   -9.80899 
               50.82  -2.80577   -1.8758 -0.881099 -0.085064 0.0794236   2.87417 0 0 0   -0.011 -0.02329  0.04412   -0.251933   -0.424858 -0.00385345   0.00019838 -2.85147e-05 -0.000459108  0.0241718 0.00712162 0.00237388  -0.0105702 -0.00301279    -9.80899 
              50.927  -2.54658  -1.73189 -0.952203 -0.103287 0.0450801    2.8722 0 0 0   -0.011 -0.02329  0.04412  -0.254043  -0.347488 -0.0100446  0.000197704  1.99518e-05 -0.000461861  0.0235605 0.00646336 0.00247739 -0.0100257 -0.0027228   -9.80899 
              51.024 -2.27196 -1.41084 -1.01307 -0.113218 0.0212161   2.87301 0 0 0   -0.011 -0.02329  0.04412   -0.237362   -0.281323 -0.00773568  0.000191186  6.26638e-05 -0.000443463  0.0225769  0.0057772 0.00231233 -0.00923375 -0.00247481      -9.809 
              51.121  -2.0457 -1.03428 -1.04822   -0.12839 -0.0116423    2.87197 0 0 0   -0.011 -0.02329  0.04412  -0.229183  -0.249642 -0.0114951  0.000179898  8.43321e-05 -0.000417759  0.0219223 0.00611347 0.00237426 -0.00888457 -0.00283762      -9.809 
              51.224  -1.84598 -0.580301  -1.02984   -0.14493 -0.0312977    2.87007 0 0 0   -0.011 -0.02329  0.04412  -0.218173  -0.200489 -0.0153857  0.000169709  8.51731e-05 -0.000409269   0.021494 0.00576206 0.00243522 -0.00851606 -0.00270275      -9.809 
               51.32  -1.67142 -0.144745 -0.926205  -0.156004 -0.0451002    2.87303 0 0 0   -0.011 -0.02329  0.04412   -0.195071   -0.157355 -0.00384952 0.000157024 8.14795e-05 -0.00043938  0.0209019 0.00540683 0.00203061 -0.00804269 -0.00258546      -9.809 
              51.428  -1.53841  0.234501 -0.885449  -0.172268 -0.0671999    2.87524 0 0 0   -0.011 -0.02329  0.04412  -0.178633  -0.138171 0.00418526 0.000161931 7.06231e-05 -0.00043177  0.0206122 0.00582044 0.00181464 -0.00795246 -0.00291589      -9.809 
              51.523  -1.38595  0.611569 -0.911574  -0.182568 -0.0999519    2.87527 0 0 0   -0.011 -0.02329  0.04412  -0.154804  -0.153306 0.00287173  0.000155024  5.57609e-05 -0.000385092  0.0201061 0.00706035 0.00192011 -0.00791775 -0.00385132      -9.809 
               51.62  -1.27186  0.913276 -0.581706 -0.204051 -0.121615   2.87369 0 0 0   -0.011 -0.02329  0.04412   -0.154711   -0.148781 -0.00250041 0.000150661 3.83108e-05  -0.0005518  0.0205126 0.00769828 0.00211985 -0.00834557 -0.00417768      -9.809 
              51.724  -1.16077   1.14604 -0.652918 -0.207731 -0.139088   2.87066 0 0 0   -0.011 -0.02329  0.04412   -0.11087  -0.131011 -0.0101216  0.000145172  2.49502e-05 -0.000493851  0.0198173 0.00774819 0.00240177 -0.00789779  -0.0043851      -9.809 
              51.821  -1.06079   1.34955 -0.777212 -0.198821 -0.144299   2.86714 0 0 0   -0.011 -0.02329  0.04412 -0.0494157 -0.0932887 -0.0185048 0.000137304 1.15563e-05 -0.00041189  0.0187167 0.00702835 0.00262406 -0.00699665 -0.00418633      -9.809 
              51.923 -0.998794   1.49208 -0.753362 -0.194478 -0.159641   2.86611 0 0 0   -0.011 -0.02329  0.04412 -0.00726037  -0.0863509  -0.0162623  0.000125484 -2.77854e-06  -0.00042546  0.0181857 0.00732374 0.00254408 -0.00671703 -0.00450838      -9.809 
              52.024 -0.960003   1.60081 -0.772099 -0.182337   -0.1827   2.86708 0 0 0   -0.011 -0.02329  0.04412    0.039434    -0.10143 -0.00946387  0.000116582 -2.26968e-05 -0.000415301  0.0173873 0.00816943 0.00231273 -0.00639243 -0.00525319      -9.809 
              52.122 -0.948083   1.65037 -0.676093 -0.172912 -0.191408   2.86525 0 0 0   -0.011 -0.02329  0.04412  0.0718081 -0.0840918 -0.0126362  0.000104153 -3.39768e-05 -0.000468116  0.0170973 0.00806925 0.00239052 -0.00618086  -0.0052597      -9.809 
              52.221 -0.966873   1.63847 -0.759412 -0.162978 -0.198659    2.8667 0 0 0   -0.011 -0.02329  0.04412   0.0982667  -0.0657124 -0.00512248  0.000107419 -5.40724e-05 -0.000418201  0.0170235 0.00801531 0.00212152 -0.00611325 -0.00523967      -9.809 
               52.32 -0.992003   1.56092 -0.792001 -0.160414 -0.206155   2.86652 0 0 0   -0.011 -0.02329  0.04412    0.100317  -0.0561401 -0.00450725  9.60982e-05 -8.13281e-05  -0.00039415  0.0175139 0.00824594  0.0021081 -0.00648536  -0.0052703      -9.809 
              52.425  -1.01354   1.41678 -0.869074 -0.151693 -0.210434   2.86744 0 0 0   -0.011 -0.02329  0.04412     0.113106   -0.0374136 -0.000266731  0.000104859 -9.79006e-05 -0.000339665  0.0176783 0.00824229 0.00198256  -0.0065874 -0.00522703      -9.809 
              52.522 -1.05009  1.22201 -0.80702 -0.152438 -0.212521    2.8669 0 0 0   -0.011 -0.02329  0.04412     0.100334   -0.0233379 -0.000493111  9.80857e-05 -0.000107489 -0.000363029  0.0184212 0.00835793 0.00206474   -0.007095 -0.00512419      -9.809 
               52.62  -1.07858   1.02185 -0.834341  -0.14751 -0.206077   2.86419 0 0 0   -0.011 -0.02329  0.04412    0.100099  0.00911931 -0.00526748  9.26958e-05 -0.000110825 -0.000334199  0.0188059 0.00791842 0.00232776 -0.00724512  -0.0047528      -9.809 
               52.72  -1.11257  0.816684 -0.647101 -0.126075 -0.201063   2.85956 0 0 0   -0.011 -0.02329  0.04412   0.130157  0.0336412 -0.0149015   0.00010475 -0.000104337 -0.000428372  0.0181351 0.00752985  0.0027007 -0.00673305  -0.0046679      -9.809 
               52.82  -1.12083   0.62508 -0.682159 -0.114034 -0.193641   2.85969 0 0 0   -0.011 -0.02329  0.04412    0.131604   0.0552258 -0.00991663  0.000105103 -9.38705e-05 -0.000395536  0.0182093 0.00732686 0.00254855 -0.00673012 -0.00451886      -9.809 
              52.923  -1.10478  0.453582 -0.699164 -0.102162 -0.181133   2.85957 0 0 0   -0.011 -0.02329  0.04412    0.130207    0.082534 -0.00644832  0.000116099 -9.81988e-05 -0.000369149  0.0183334 0.00696458 0.00245867  -0.0067236 -0.00425781      -9.809 
              53.024  -1.06117  0.291008 -0.742826 -0.0951397  -0.174955    2.85857 0 0 0   -0.011 -0.02329  0.04412    0.113272   0.0883633 -0.00640235  0.000120989 -8.67408e-05 -0.000324831  0.0187165 0.00725289 0.00250776 -0.00703374 -0.00435195      -9.809 
               53.12 -0.999987  0.157542  -0.42016 -0.100181 -0.149504   2.85701 0 0 0   -0.011 -0.02329  0.04412   0.0780911    0.132651 -0.00776496  0.000122627  -7.3487e-05 -0.000489818  0.0197435 0.00640077 0.00260657 -0.00748868 -0.00357567      -9.809 
              53.223 -0.935954 0.0589894 -0.579392 -0.0921841  -0.126818    2.85771 0 0 0   -0.011 -0.02329  0.04412     0.074246     0.162418 -0.000786959  0.000126013 -6.97063e-05 -0.000378004  0.0197659 0.00584443 0.00246862 -0.00737475 -0.00321749      -9.809 
              53.321  -0.855383 -0.0277074   -0.60192 -0.0746245  -0.110715    2.85857 0 0 0   -0.011 -0.02329  0.04412   0.090549   0.172097 0.00406817  0.000140428 -6.37864e-05 -0.000345879  0.0191208 0.00569273 0.00238567 -0.00693408 -0.00326885      -9.809 
               53.42 -0.743219 -0.079638 -0.494524 -0.0629767  -0.091572    2.85927 0 0 0   -0.011 -0.02329  0.04412  0.0890481   0.180347 0.00762252  0.000129327 -5.61552e-05  -0.00039285  0.0189674  0.0055873 0.00237175 -0.00681401 -0.00323744      -9.809 
              53.527 -0.624922 -0.105668 -0.448614 -0.0629361 -0.0777013    2.86443 0 0 0   -0.011 -0.02329  0.04412 0.0610383   0.17095 0.0221293  0.000143269 -4.15539e-05 -0.000407748  0.0194802 0.00604962 0.00196446 -0.00723814 -0.00340564      -9.809 
               53.62  -0.469114 -0.0990048  -0.526046 -0.0572817 -0.0777961    2.86483 0 0 0   -0.011 -0.02329  0.04412 0.0520009   0.13616 0.0191538  0.000148667 -2.81946e-05 -0.000354843  0.0193823 0.00704641 0.00214339 -0.00739861 -0.00405184      -9.809 
              53.722  -0.310383 -0.0739137  -0.437234  -0.045922 -0.0643912    2.86813 0 0 0   -0.011 -0.02329  0.04412 0.0587644  0.134651 0.0257045  0.000152305 -3.40677e-05 -0.000400318  0.0189934 0.00697646  0.0020214 -0.00714129 -0.00409396      -9.809 
              53.821 -0.128148 -0.055824 -0.426529 -0.0258042 -0.0497935    2.87135 0 0 0   -0.011 -0.02329  0.04412 0.0849751   0.13668 0.0299183  0.000165609 -3.82234e-05 -0.000401638  0.0181229  0.0066905 0.00196466  -0.0065384 -0.00410918      -9.809 
              53.922  0.0561868 -0.0323895  -0.458713 -0.0210168 -0.0412442     2.8725 0 0 0   -0.011 -0.02329  0.04412 0.0690721  0.117102 0.0252498  0.000154689 -2.99354e-05  -0.00038133  0.0183235 0.00708549 0.00217098 -0.00674824  -0.0043104      -9.809 
              54.024    0.206325 -0.00572889   -0.561404 -0.0129019 -0.0209946    2.87416 0 0 0   -0.011 -0.02329  0.04412 0.0675619  0.127692 0.0224128  0.000142312 -3.30088e-05 -0.000322453  0.0182821 0.00650452  0.0022563 -0.00659644 -0.00396114      -9.809 
               54.12    0.311654 -0.00355633   -0.397359 -0.00525008   -0.012139     2.87457 0 0 0   -0.011 -0.02329  0.04412 0.0654864  0.111332 0.0180962  0.000125004 -3.66263e-05 -0.000413944   0.018183 0.00666057 0.00243438 -0.00656867 -0.00407872      -9.809 
              54.225     0.387884 -1.49881e-05    -0.433533   0.0120271 -0.00759634     2.87746 0 0 0   -0.011 -0.02329  0.04412 0.0815711 0.0877033 0.0214151  0.000118598 -4.66692e-05 -0.000391042  0.0175288 0.00692999  0.0023384 -0.00622533 -0.00438654      -9.809 
              54.323   0.435806 -0.0249549  -0.400581   0.0146142 -0.00580505     2.87828 0 0 0   -0.011 -0.02329  0.04412 0.0637159 0.0603546 0.0183538  0.000116434 -3.97478e-05 -0.000406193  0.0178336 0.00741682 0.00247797 -0.00651552 -0.00461769      -9.809 
               54.42   0.476331 -0.0267211  -0.435709  0.0326131 0.00116438    2.87901 0 0 0   -0.011 -0.02329  0.04412 0.0847946 0.0545214 0.0157402  0.000103301 -4.63849e-05 -0.000381785  0.0171154 0.00715192 0.00258666 -0.00602079 -0.00461003      -9.809 
              54.524   0.489003 -0.0462402  -0.439556  0.0291526 0.00642754    2.88303 0 0 0   -0.011 -0.02329  0.04412 0.0537114 0.0407553 0.0235758  0.000104943 -3.62195e-05 -0.000372628  0.0177989 0.00728466 0.00235172  -0.0064654 -0.00454604      -9.809 
               54.62   0.516232 -0.0604263  -0.398886 0.0289393 0.0150172   2.88667 0 0 0   -0.011 -0.02329  0.04412  0.037388 0.0404346 0.0280663  0.000102452 -4.87394e-05 -0.000385621  0.0181146  0.0070227 0.00221075 -0.00660207  -0.0043211      -9.809 
              54.722  0.519821 -0.122848 -0.403047 0.0316022 0.0248775   2.88554 0 0 0   -0.011 -0.02329  0.04412 0.0295763 0.0426903 0.0170379  0.000106717 -6.22981e-05 -0.000376767  0.0181967 0.00666996 0.00261061 -0.00657643 -0.00408691      -9.809 
              54.821  0.520228 -0.218221 -0.397267  0.044542 0.0278785   2.88865 0 0 0   -0.011 -0.02329  0.04412  0.043442 0.0321788 0.0218914   9.2614e-05 -6.13778e-05  -0.00037386  0.0175954 0.00657739 0.00248192  -0.0061951 -0.00415935      -9.809 
               54.92  0.493523 -0.283294 -0.351209 0.0422163 0.0300635   2.89261 0 0 0   -0.011 -0.02329  0.04412 0.0224544 0.0199754 0.0262345  8.09433e-05 -5.88094e-05 -0.000395262  0.0179488 0.00668637  0.0022957 -0.00643101 -0.00415217      -9.809 
              55.022  0.448168 -0.338151 -0.328691 0.0535173 0.0389886   2.89624 0 0 0   -0.011 -0.02329  0.04412 0.0396817 0.0174903 0.0150651  9.22181e-05 -5.60874e-05 -0.000399403  0.0174356 0.00609642  0.0022016  -0.0060021 -0.00390704      -9.809 
              55.123  0.656474  -0.19714 -0.985846 0.0536383 0.0500699   2.89388 0 0 0   -0.011 -0.02329  0.04412  0.0135579  0.0579643 -0.0460201  9.46696e-05 -4.18876e-05 -0.000359149  0.0176469 0.00562572 0.00230853   -0.006031 -0.00358111      -9.809 
              55.223 0.829434 0.454535 -6.31226   0.03238 0.0271169   2.89409 0 0 0   -0.011 -0.02329  0.04412  -0.071973  0.0189393 -0.0705815 0.000285777 0.000283914 -0.00143468   0.018689 0.00774426 0.00173959 -0.00709233 -0.00462816      -9.809 
              55.331 0.848658  0.90101 -17.3738 -0.00294367   0.0309321     2.87846 0 0 0   -0.011 -0.02329  0.04412 -0.112795 0.0227529 -0.255747 8.89297e-05 9.96163e-05 -0.00232781  0.0203089 0.00801189 0.00170206 -0.00811118 -0.00442912      -9.809 
              55.421 0.112311 0.560724 -31.2965 -0.00442241    0.039476     2.84339 0 0 0   -0.011 -0.02329  0.04412 -0.0666259    0.01664  -0.452021  4.03371e-05 -0.000413657  -0.00254881  0.0199813 0.00744876 0.00222603 -0.0077743 -0.0041822     -9.809 
              55.521 -0.474853 -0.369531  -40.4657 -0.0209624  0.0770449    2.79882 0 0 0   -0.011 -0.02329  0.04412 -0.0720712  0.0624359  -0.580028  1.89322e-06 -0.000408937  -0.00274124   0.020967 0.00542164 0.00124302 -0.00770697 -0.00278025      -9.809 
              55.621 -0.763141  -1.07946  -46.8853  0.010077 0.0580917     2.747 0 0 0   -0.011 -0.02329  0.04412 -0.00426336  0.00686544   -0.632469  5.75231e-05 -0.000172594  -0.00319841  0.0186382 0.00584624 0.00032376  -0.0065568 -0.00390916      -9.809 
               55.72 -0.626929  -1.11818  -49.8135  0.011001 0.0611985   2.68984 0 0 0   -0.011 -0.02329  0.04412 -0.00775737   0.0162108   -0.642131 0.000208062 6.59698e-05 -0.00317668    0.0186225   0.00566017 -0.000289698 -0.00644833 -0.00383996      -9.809 
              55.822  -0.18745 -0.696701   -50.025 0.0467449 0.0440832   2.63071 0 0 0   -0.011 -0.02329  0.04412  0.0595437 -0.0104998  -0.606991 0.000286772 0.000164791 -0.00293006    0.0165016   0.00519746 -0.000766275 -0.00522498 -0.00485836      -9.809 
              55.923  0.304017 -0.158023  -48.2093 0.0501673 0.0354181   2.55854 0 0 0   -0.011 -0.02329  0.04412  0.0480369 -0.0288092  -0.611556 0.000252972 0.000133688 -0.00254741   0.0162434   0.0057281 0.000167459 -0.00549192 -0.00515307      -9.809 
               56.02 0.592877 0.189575 -44.7101 0.0374516 0.0259778   2.48542 0 0 0   -0.011 -0.02329  0.04412 0.00523959 -0.0561163  -0.658019 0.000128054 8.81113e-05 -0.00221118  0.0163884 0.00694092 0.00179408 -0.00637714 -0.00530675      -9.809 
              56.123 0.631038 0.320316 -40.7853 0.0600588 0.0092342    2.4108 0 0 0   -0.011 -0.02329  0.04412  0.0421543 -0.0832048  -0.675874 7.41557e-05 1.57235e-05 -0.00200589 0.0153091  0.006244 0.0021704 -0.00563175 -0.00587683      -9.809 
              56.226 0.579676 0.282752 -36.0724 0.0846813 -0.011025   2.33762 0 0 0   -0.011 -0.02329  0.04412 0.0770492 -0.111074 -0.696046  6.12838e-05 -1.94558e-05  -0.00173275  0.0142011 0.00565634 0.00255548 -0.00500338 -0.00649668      -9.809 
              56.324 0.515941 0.201804 -31.1575   0.0932919 0.000296812      2.2694 0 0 0   -0.011 -0.02329  0.04412  0.0834539 -0.0685657  -0.705994  6.81852e-05 -1.18326e-05   -0.0016935  0.0154094 0.00453144 0.00262253 -0.00447535 -0.00554603      -9.809 
              56.423 0.476852 0.140298 -26.8273  0.0970157 -0.0270615    2.20011 0 0 0   -0.011 -0.02329  0.04412 0.0673512 -0.117877 -0.713114  6.36627e-05 -7.22931e-06   -0.0014988  0.0144475 0.00575563 0.00261526 -0.00508497 -0.00638708      -9.809 
              56.522  0.385245 0.0791143  -22.2823   0.118065 -0.0246204    2.13468 0 0 0   -0.011 -0.02329  0.04412  0.0986215 -0.0853138  -0.703707  6.02899e-05 -1.46194e-05  -0.00144605   0.014668 0.00420294 0.00212844 -0.00417495 -0.00590338      -9.809 
              56.622     0.283478 -0.000547305     -17.9391   0.122055 -0.0504263     2.0627 0 0 0   -0.011 -0.02329  0.04412 0.0784433  -0.12591  -0.70141  4.54346e-05 -2.26712e-05  -0.00132175  0.0141309 0.00540101 0.00194767 -0.00474696 -0.00657431      -9.809 
              56.721  0.137082 -0.119546  -13.1486    0.13165 -0.0641724    1.99665 0 0 0   -0.011 -0.02329  0.04412 0.0788113 -0.127932 -0.695222  4.13086e-05 -3.49788e-05  -0.00132531  0.0139879 0.00536481 0.00166372 -0.00468852 -0.00665269      -9.809 
              56.821 -0.00872586   -0.253934    -8.86866   0.142325 -0.0755103    1.92351 0 0 0   -0.011 -0.02329  0.04412 0.0810575  -0.12057 -0.711541  3.61305e-05 -4.34139e-05  -0.00124844  0.0138829 0.00515372 0.00215391 -0.00454698 -0.00662837      -9.809 
              56.924  -0.18637 -0.373305  -4.01983   0.166985 -0.0992569    1.85132 0 0 0   -0.011 -0.02329  0.04412  0.105862 -0.135869 -0.711806   3.3711e-05 -3.89827e-05   -0.0014854  0.0127621 0.00507362 0.00212566 -0.00409638 -0.00720678      -9.809 
               57.02 -0.394581  -0.47137  0.457322 0.177808 -0.10399  1.78247 0 0 0   -0.011 -0.02329  0.04412  0.100334 -0.108479 -0.701752   3.8008e-05 -3.59758e-05  -0.00144451  0.0129022 0.00456408 0.00184825 -0.00395668 -0.00687933      -9.809 
              57.121 -0.591162 -0.538564    4.8266 0.194582 -0.10177  1.71515 0 0 0   -0.011 -0.02329  0.04412   0.104202 -0.0699276  -0.684353  3.31946e-05 -3.25403e-05  -0.00139129  0.0126888 0.00359058 0.00160305 -0.00354363 -0.00643303      -9.809 
              57.222 -0.671445 -0.573228   8.81101   0.19497 -0.124324   1.64302 0 0 0   -0.011 -0.02329  0.04412  0.0618322 -0.0944732  -0.693635  7.24624e-05 -2.80906e-05  -0.00151782  0.0130579 0.00477202 0.00205948 -0.00402356 -0.00699882      -9.809 
              57.321 -0.690565 -0.625232   10.5161  0.211008 -0.144444   1.57493 0 0 0   -0.011 -0.02329  0.04412 0.0632737 -0.102433 -0.692888  0.000118305 -3.75626e-05  -0.00132293  0.0123869  0.0052911 0.00211462 -0.00376142 -0.00747606      -9.809 
              57.421 -0.745864   -0.6983   10.7308  0.235194 -0.163318   1.50343 0 0 0   -0.011 -0.02329  0.04412 0.0820577 -0.105013 -0.691349  6.93475e-05 -4.08008e-05  -0.00123166  0.0113195 0.00561703 0.00205522 -0.00322162 -0.00784557      -9.809 
              57.522 -0.990822 -0.793023   9.65752  0.210904 -0.137566   1.43378 0 0 0   -0.011 -0.02329  0.04412 0.00567785 -0.0152641  -0.693589  5.88318e-06 -5.35222e-05  -0.00108782  0.0129489  0.0036842 0.00208567 -0.00401156 -0.00652599      -9.809 
              57.621  -1.31373 -0.911847   8.06409  0.174507 -0.107581   1.36407 0 0 0   -0.011 -0.02329  0.04412 -0.0796965  0.0632377  -0.699878 -6.51214e-06 -6.61644e-05 -0.000970655  0.0147683 0.00198664 0.00226553  -0.0049747 -0.00544159      -9.809 
              57.727 -1.60796 -1.05101  6.36681   0.135288 -0.0732981    1.29038 0 0 0   -0.011 -0.02329  0.04412 -0.153137  0.135155 -0.699259  1.49523e-05 -5.96966e-05 -0.000861904   0.0161685 0.000511301  0.00229209 -0.00574649 -0.00456607      -9.809 
               57.82 -1.80334 -1.16398  4.66989  0.0926435 -0.0334067    1.22836 0 0 0   -0.011 -0.02329  0.04412 -0.221673  0.207735 -0.689407  6.16835e-05 -5.57225e-05 -0.000752005   0.0174452 -0.00103552  0.00202753 -0.00647603 -0.00368956      -9.809 
               57.92 -1.82367 -1.23463  3.28784  0.0402147 0.00397891    1.15768 0 0 0   -0.011 -0.02329  0.04412 -0.294195  0.256963 -0.680339  0.000109949 -5.14944e-05 -0.000593513   0.0188755 -0.00189498  0.00187904 -0.00728405 -0.00322544      -9.809 
              58.033 -1.71378 -1.25114  2.05735 -0.00523725   0.0369851     1.08245 0 0 0   -0.011 -0.02329  0.04412 -0.333759  0.282909  -0.67287  0.000155994 -2.62321e-05 -0.000456205   0.0194948 -0.00208364  0.00181999  -0.0076343 -0.00312363      -9.809 
              58.122 -1.46271 -1.13879  1.14412 -0.0448745   0.077135    1.02241 0 0 0   -0.011 -0.02329  0.04412 -0.363157  0.328063 -0.672786  0.000182707   6.5794e-06 -0.000372777   0.0199341 -0.00299247  0.00192847 -0.00786115 -0.00262255      -9.809 
              58.222   -1.2049 -0.967445  0.812391 -0.0828782  0.0994842   0.954285 0 0 0   -0.011 -0.02329  0.04412 -0.376731  0.314114  -0.67647  0.000197607    3.138e-05 -0.000424958   0.0201141 -0.00235204   0.0021728 -0.00798836 -0.00297088      -9.809 
              58.321 -0.858982 -0.699626  0.474729 -0.127033  0.133657  0.886539 0 0 0   -0.011 -0.02329  0.04412 -0.390208  0.320927 -0.668449  0.000216369  6.04129e-05 -0.000423983   0.0203736 -0.00241428  0.00192619 -0.00813787 -0.00291794      -9.809 
               58.42 -0.445923 -0.322587  0.115855 -0.172916  0.161902  0.821986 0 0 0   -0.011 -0.02329  0.04412 -0.404618   0.31125 -0.666538  0.000218766  7.86598e-05 -0.000348619   0.0208187 -0.00218367  0.00183974 -0.00841376  -0.0030062      -9.809 
              58.528 -0.0477994   0.109608  -0.067774 -0.218736  0.187215  0.751876 0 0 0   -0.011 -0.02329  0.04412 -0.403298  0.286233 -0.664429  0.000226335   9.2857e-05 -0.000321842   0.0209985 -0.00170753  0.00173434 -0.00856628 -0.00324327      -9.809 
              58.623  0.379092  0.600972 -0.105849 -0.236562  0.190073  0.690707 0 0 0   -0.011 -0.02329  0.04412 -0.349975  0.223441 -0.663203  0.000227055   0.00010731 -0.000352609    0.019891 -0.00041238  0.00166624  -0.0081004 -0.00406492      -9.809 
               58.72  0.757117   1.04659 -0.369746 -0.24163  0.19739 0.623287 0 0 0   -0.011 -0.02329  0.04412 -0.266947   0.17574 -0.667255  0.000208749  0.000100301 -0.000230361    0.018227 0.000230372  0.00171789 -0.00726172 -0.00461873      -9.809 
              58.826   1.12274   1.50236 -0.366992 -0.245954  0.196988  0.554704 0 0 0   -0.011 -0.02329  0.04412  -0.19256  0.114983 -0.664108   0.00020637  9.46986e-05 -0.000249095  0.0169616 0.00113032 0.00158549  -0.0066901 -0.00527176      -9.809 
               58.92   1.43636   1.95211 -0.316079 -0.237305  0.213176  0.492131 0 0 0   -0.011 -0.02329  0.04412  -0.10679  0.109207 -0.669496  0.000185743  8.91456e-05 -0.000287564    0.015534 0.000488262  0.00169996 -0.00582684 -0.00512836      -9.809 
              59.023   1.65425   2.30468 -0.330356 -0.213384   0.21176  0.422424 0 0 0   -0.011 -0.02329  0.04412 -0.00162491   0.0596378   -0.676623 0.000148676 7.34861e-05 -0.00028899   0.0136667 0.000848284  0.00188072 -0.00487684 -0.00558613      -9.809 
              59.111   1.77366   2.62587 -0.392198 -0.206962  0.206911  0.360975 0 0 0   -0.011 -0.02329  0.04412 0.0447518 0.0114006  -0.67385  0.000123676   4.3577e-05 -0.000267269  0.0133821 0.00137944 0.00174066  -0.0047977 -0.00591401      -9.809 
              59.224   1.81209   2.83256 -0.331848 -0.190786    0.2028  0.284077 0 0 0   -0.011 -0.02329  0.04412   0.107402 -0.0287627  -0.682493  0.000101308  9.61092e-06 -0.000313174  0.0128916 0.00151218 0.00190861  -0.0045615 -0.00605153      -9.809 
              59.323   1.79097   2.92108 -0.472067 -0.17024 0.190705 0.218997 0 0 0   -0.011 -0.02329  0.04412   0.162438 -0.0721223  -0.679471  8.81523e-05 -2.04308e-05 -0.000248612  0.0124337 0.00191807 0.00168482 -0.00436982 -0.00634107      -9.809 
               59.42   1.73454   2.89018 -0.464976 -0.144109  0.180764   0.15402 0 0 0   -0.011 -0.02329  0.04412  0.217294 -0.100295 -0.682725   7.3289e-05 -5.85254e-05  -0.00026372  0.0119363 0.00193651 0.00163908  -0.0041087 -0.00642522      -9.809 
              59.528   1.64084    2.7393 -0.532677 -0.124184  0.176098 0.0760849 0 0 0   -0.011 -0.02329  0.04412  0.243922 -0.109806 -0.690323   6.3526e-05 -8.85268e-05 -0.000236769   0.012288 0.00153617 0.00178545 -0.00424172 -0.00615829      -9.809 
              59.621   1.48782   2.45766 -0.553288 -0.135212  0.170009 0.0271911 0 0 0   -0.011 -0.02329  0.04412    0.13101 0.00962346   0.227299  5.64726e-05  -0.00011565 -0.000237898  0.0134298 0.00198199  0.0019391 -0.00490883 -0.00622138      -9.809 
              59.726  0.551391  0.267158 -0.274868 -0.0890619   0.164249  0.0514899 0 0 0   -0.011 -0.02329  0.04412   0.207746 -0.0306368   0.210083 -0.000259131 -0.000359462 -0.000375487  0.0117396 0.00193034 0.00173462 -0.00401207 -0.00644516      -9.809 
              59.822   0.108075 0.00372889  -0.428104 -0.0792059   0.160182  0.0271744 0 0 0   -0.011 -0.02329  0.04412   0.182564 -0.0289849  0.0553011 -4.33279e-05 -0.000200557 -0.000308808  0.0120363 0.00229508 0.00710765 -0.00435238 -0.00647869      -9.809 
               59.92  -0.109939 0.00285769  -0.578291 -0.0798332   0.157077 0.00623926 0 0 0   -0.011 -0.02329  0.04412   0.141493 -0.0314688 -0.0397291   8.4429e-05 -0.000194743 -0.000222621 0.0129877 0.0025555 0.0102147  -0.0049217 -0.00643769      -9.809 
              60.023  -0.0973758 -0.00211798   -0.551293  -0.0854298     0.15272 -0.00694889 0 0 0   -0.011 -0.02329  0.04412  0.0990361 -0.0375177  -0.073335   7.7356e-05 -0.000190435  -0.00023751  0.0140305 0.00281744  0.0113166 -0.00550191 -0.00641864      -9.809 
              60.122 -0.0788977 0.00489064   -0.59999 -0.0869779   0.151997 -0.0106182 0 0 0   -0.011 -0.02329  0.04412  0.0752775 -0.0328473 -0.0616971   6.6987e-05 -0.000193453 -0.000210106  0.0146304 0.00274278  0.0109227 -0.00580236  -0.0062955      -9.809 
               60.22 -0.0940714 -0.0108527  -0.582172   -0.101814    0.148377 -0.00916176 0 0 0   -0.011 -0.02329  0.04412  0.0273413 -0.0364587 -0.0351386  7.51894e-05 -0.000183283  -0.00021994   0.015815 0.00295726  0.0100544 -0.00644492 -0.00623784      -9.809 
              60.325 -0.0805254  -0.012445   -0.69435   -0.108877    0.150384 -0.00551857 0 0 0   -0.011 -0.02329  0.04412 0.00598848 -0.0253573 -0.0103239  6.75297e-05 -0.000181642 -0.000156342  0.0163513 0.00271203 0.00922647 -0.00668886 -0.00603569      -9.809 
               60.42  -0.0701377 0.000110741   -0.663665    -0.11503    0.143058 -0.00209508 0 0 0   -0.011 -0.02329  0.04412 -0.00997715  -0.0377087  0.00487072  6.13901e-05 -0.000187873  -0.00017318  0.0167017 0.00306081 0.00871158 -0.00691728 -0.00616398      -9.809 
              60.528  -0.0669476 -0.00585047   -0.691729   -0.117863     0.14364 0.000872826 0 0 0   -0.011 -0.02329  0.04412 -0.0145996  -0.028181  0.0128253  5.93539e-05 -0.000183886 -0.000156504  0.0167998 0.00280276 0.00842587 -0.00693243 -0.00601885      -9.809 
              60.622  -0.0846518 -0.00483098   -0.600558  -0.116848   0.144863 0.00190195 0 0 0   -0.011 -0.02329  0.04412 -0.0103769 -0.0187957  0.0114543  6.91422e-05 -0.000183708 -0.000207913  0.0166703 0.00253748 0.00844639 -0.00683016 -0.00590262      -9.809 
               60.72  -0.0822442 -0.00232993   -0.797707  -0.115198   0.144715 0.00141784 0 0 0   -0.011 -0.02329  0.04412 -0.0059095 -0.0148292 0.00516024  6.75336e-05 -0.000184672  -9.5463e-05   0.016523 0.00240962 0.00863041 -0.00673778 -0.00585868      -9.809 
              60.824 -0.0816478 0.00868784  -0.614124    -0.124296      0.15234 -0.000221033 0 0 0   -0.011 -0.02329  0.04412  -0.0231367  0.00425857 -0.00292496  6.70096e-05 -0.000190179 -0.000198462  0.0169941  0.0019389 0.00886817 -0.00691082 -0.00555651      -9.809 
              60.923 -0.0742626 0.00424459  -0.613568    -0.123207     0.149701 -0.000584702 0 0 0   -0.011 -0.02329  0.04412  -0.0181627 -0.00256108 -0.00392911  6.26336e-05   -0.0001871 -0.000198107  0.0168054 0.00209477 0.00887691 -0.00683714  -0.0056608      -9.809 
               61.02 -0.0834977 -0.0100463   -0.61476    -0.137136     0.161159 -0.000993596 0 0 0   -0.011 -0.02329  0.04412  -0.0425589   0.0224299 -0.00445057  6.79467e-05 -0.000178375 -0.000196846  0.0174676 0.00148977 0.00886433 -0.00708693 -0.00526701      -9.809 
              61.123 -0.0914286 0.00563208  -0.579335   -0.12222   0.163815 -0.0017661 0 0 0   -0.011 -0.02329  0.04412 -0.00227174   0.0240026 -0.00635893  7.22512e-05 -0.000187059 -0.000215899  0.0164248  0.0012929 0.00889752 -0.00653936 -0.00531243      -9.809 
               61.22 -0.0851445  0.0195729  -0.621823    -0.11874    0.160356 -0.00263512 0 0 0   -0.011 -0.02329  0.04412  0.00175334   0.0135761 -0.00794945  7.33936e-05 -0.000189226 -0.000191673  0.0161987 0.00161014 0.00893017 -0.00646943 -0.00550089      -9.809 
              61.323 -0.0760176  0.0213947  -0.571487    -0.118901     0.152537 -0.000223809 0 0 0   -0.011 -0.02329  0.04412 -0.00208571 -0.00643141  0.00269272  8.83766e-05 -0.000169192 -0.000219607  0.0161895 0.00216143  0.0085638 -0.00653906 -0.00577483      -9.809 
              61.421 -0.0363836  0.0447269   -0.58644    -0.121388     0.158105 -0.000966729 0 0 0   -0.011 -0.02329  0.04412 -0.00706112  0.00685656 -0.00147847   6.5726e-05 -0.000181781 -0.000210422  0.0163205 0.00180911 0.00867314 -0.00655692 -0.00558334      -9.809 
              61.527 -0.0213801  0.0401601  -0.716649   -0.116208     0.15654 -0.00227426 0 0 0   -0.011 -0.02329  0.04412 0.00309932 0.00233961 -0.0062063  5.70756e-05 -0.000178744 -0.000137222  0.0159996 0.00188394 0.00880113 -0.00640854 -0.00566336      -9.809 
              61.627 -0.0404688  0.0435788    -0.5185   -0.114595    0.149526 -0.00149658 0 0 0   -0.011 -0.02329  0.04412  0.00336013  -0.0133914 -0.00202619  6.77245e-05 -0.000180026  -0.00024846  0.0159166 0.00229459 0.00864181 -0.00642176 -0.00587577      -9.809 
               61.72 -0.0221107  0.0431963  -0.697255     -0.12553      0.15101 -0.000375392 0 0 0   -0.011 -0.02329  0.04412  -0.0206415 -0.00944668  0.00218121   5.6894e-05 -0.000179487 -0.000144991  0.0165223 0.00223501 0.00848154 -0.00671066 -0.00576601      -9.809 
              61.821 -0.0389432  0.0444662  -0.679761    -0.123898     0.154687 -0.000573929 0 0 0   -0.011 -0.02329  0.04412 -0.0136617 0.00141183 7.6695e-05  6.62054e-05 -0.000179541  -0.00015459  0.0163235 0.00192595 0.00852442 -0.00657345 -0.00564189      -9.809 
              61.927 -0.0467155  0.0282877  -0.586203   -0.125461    0.154641 -0.00214508 0 0 0   -0.011 -0.02329  0.04412  -0.0157213  0.00105387 -0.00610619  7.03912e-05 -0.000169795 -0.000206716  0.0163243 0.00193868 0.00870323 -0.00657537 -0.00564788      -9.809 
               62.02 -0.0447692   0.051829  -0.622237   -0.125187     0.15353 -0.00132582 0 0 0   -0.011 -0.02329  0.04412  -0.0134047 -0.00135918 -0.00175528  6.90402e-05 -0.000182503 -0.000185712  0.0162293  0.0019939 0.00853744 -0.00653655 -0.00568715      -9.809 
              62.124 -0.0419458  0.0532607  -0.571319    -0.121689     0.148377 -0.000448487 0 0 0   -0.011 -0.02329  0.04412 -0.00534919   -0.011778  0.00127558  6.72369e-05 -0.000182748 -0.000214212  0.0159546  0.0022445 0.00841272 -0.00643621 -0.00584392      -9.809 
               62.22 -0.0467443  0.0415053  -0.616186 -0.128725  0.161864 -0.001171 0 0 0   -0.011 -0.02329  0.04412  -0.0182313   0.0195587 -0.00210813  7.00588e-05 -0.000175616 -0.000188782  0.0163336 0.00144178 0.00850017 -0.00651585 -0.00540886      -9.809 
              62.321 -0.0416308  0.0474402  -0.483303   -0.122612    0.161583 -0.00178645 0 0 0   -0.011 -0.02329  0.04412 -0.00336141   0.0158043 -0.00417228  6.70121e-05 -0.000178657 -0.000262613  0.0158926 0.00149946 0.00854115 -0.00631154 -0.00549373      -9.809 
              62.426 -0.0326132   0.053674  -0.631285    -0.12898    0.165911 -0.00171099 0 0 0   -0.011 -0.02329  0.04412  -0.0164385   0.0205106 -0.00304543  6.17596e-05 -0.000181389  -0.00017911  0.0162168 0.00139911 0.00847936 -0.00645392   -0.005404      -9.809 
               62.52 -0.0358217  0.0380801  -0.669573   -0.134384    0.163901 -0.00102551 0 0 0   -0.011 -0.02329  0.04412  -0.0266256    0.011247 -0.00020145  6.30906e-05 -0.000171892 -0.000157143  0.0164203 0.00166294 0.00836609 -0.00658419 -0.00550345      -9.809 
              62.627 -0.0449155  0.0525142  -0.611938     -0.13355     0.169716 -0.000175416 0 0 0   -0.011 -0.02329  0.04412 -0.0196258  0.0219637 0.00229099  6.82058e-05 -0.000179698 -0.000189675  0.0162275 0.00136439  0.0082597  -0.0064553 -0.00538651      -9.809 
              62.725 -0.039458 0.0497142 -0.530973   -0.141235    0.175991 0.000656872 0 0 0   -0.011 -0.02329  0.04412 -0.0316508    0.02975 0.00377914  6.49816e-05 -0.000177416 -0.000234758  0.0165246 0.00118446 0.00818688 -0.00657363 -0.00526371      -9.809 
              62.823 -0.0504234  0.0532676  -0.592095   -0.139464    0.167061 6.98761e-05 0 0 0   -0.011 -0.02329  0.04412  -0.0250621  0.00484922 -0.00037275  7.08995e-05 -0.000178934 -0.000199407  0.0162581 0.00182766 0.00830057 -0.00652756 -0.00560029      -9.809 
              62.926 -0.0443151  0.0488586  -0.596585   -0.134158    0.160338 -0.00109632 0 0 0   -0.011 -0.02329  0.04412  -0.0116682 -0.00954873 -0.00509506  6.71925e-05  -0.00017595 -0.000196289  0.0158341 0.00216927 0.00843142 -0.00637016 -0.00581403      -9.809 
              63.023 -0.0385541  0.0474836  -0.583063   -0.135723    0.157777 -0.00166153 0 0 0   -0.011 -0.02329  0.04412  -0.0140886  -0.0133821 -0.00599424  6.37405e-05 -0.000174605 -0.000203188  0.0158546 0.00226807 0.00843774 -0.00639187 -0.00585769      -9.809 
              63.121 -0.0428391  0.0426221  -0.561096   -0.131982    0.164352 -0.00113412 0 0 0   -0.011 -0.02329  0.04412 -0.00353892  0.00445558 -0.00245145  6.59861e-05 -0.000171342 -0.000214926  0.0155795 0.00176846 0.00829689 -0.00620237 -0.00565901      -9.809 
              63.226 -0.0420888  0.0512775  -0.656947   -0.128674    0.156293 -0.00145407 0 0 0   -0.011 -0.02329  0.04412  0.00127341  -0.0132809 -0.00339939  6.51776e-05 -0.000175668 -0.000160989  0.0153796 0.00221938 0.00830357 -0.00616409  -0.0058934      -9.809 
              63.322 -0.0350688  0.0432774  -0.561793   -0.130223    0.146677 -0.00160995 0 0 0   -0.011 -0.02329  0.04412 -0.00504048  -0.0322507 -0.00350224  6.09217e-05 -0.000170523  -0.00021368  0.0154656 0.00272132 0.00828537 -0.00626473 -0.00611521      -9.809 
               63.42 -0.0369054  0.0537859  -0.631659   -0.128183    0.152739 -0.00252227 0 0 0   -0.011 -0.02329  0.04412 0.000739971  -0.0117786  -0.0060657  6.16833e-05 -0.000175964 -0.000173409  0.0153342 0.00216279 0.00834481 -0.00613657  -0.0058736      -9.809 
              63.522 -0.0479167  0.0498098  -0.620479   -0.130914    0.150774 -0.00179126 0 0 0   -0.011 -0.02329  0.04412 -0.00629051  -0.0136865   -0.001896 6.77431e-05 -0.00017318 -0.00017919   0.015478 0.00222887 0.00818463 -0.00621092  -0.0058864      -9.809 
               63.62 -0.0435207  0.0581323  -0.630834    -0.128591     0.152603 -0.000927715 0 0 0   -0.011 -0.02329  0.04412 -0.000600764  -0.00615191   0.00130604  6.49804e-05 -0.000177274 -0.000172699  0.0153199  0.0020124 0.00805701 -0.00611251 -0.00580656      -9.809 
              63.721 -0.0359643  0.0454995  -0.539927  -0.130456   0.158627 -0.0019674 0 0 0   -0.011 -0.02329  0.04412 -0.00439849  0.00796519 -0.00335331  6.06147e-05 -0.000169631 -0.000223111  0.0154155 0.00164178 0.00818555   -0.006112 -0.00562564      -9.809 
              63.825 -0.0312513  0.0344831   -0.58738   -0.127987    0.162146 -0.00162166 0 0 0   -0.011 -0.02329  0.04412 0.000611842   0.0141612  -0.0014972  5.77991e-05 -0.000162971  -0.00019572   0.015256 0.00145739 0.00810089 -0.00601741 -0.00556104      -9.809 
              63.922 -0.039701 0.0534074 -0.505632   -0.127948     0.16624 -0.00123026 0 0 0   -0.011 -0.02329  0.04412  3.27725e-05    0.0199915 -0.000137664  6.24252e-05 -0.000172954 -0.000240502  0.0152575 0.00130458 0.00803321 -0.00600006 -0.00549155      -9.809 
              64.025 -0.0419765   0.047015   -0.57014   -0.141538     0.17279 -0.00157571 0 0 0   -0.011 -0.02329  0.04412  -0.0281931   0.0279818 -0.00189319  6.35675e-05 -0.000168433 -0.000203943  0.0159771 0.00116096  0.0080676 -0.00630928 -0.00534036      -9.809 
               64.12 -0.0347691  0.0573104  -0.539797    -0.143038     0.176584 -8.80492e-05 0 0 0   -0.011 -0.02329  0.04412 -0.0266251  0.0307742 0.00364808  5.93836e-05 -0.000173686 -0.000220254  0.0159159 0.00107976 0.00786814 -0.00627231 -0.00531111      -9.809 
               64.22 -0.0478889  0.0529197  -0.570578    -0.144817     0.179456 -0.000185242 0 0 0   -0.011 -0.02329  0.04412 -0.0258722  0.0304377 0.00135141  6.66187e-05 -0.000170704  -0.00020213  0.0158599 0.00109105 0.00791897 -0.00624838 -0.00532281      -9.809 
              64.323 -0.0368448  0.0380009  -0.639012  -0.149691   0.182598 -0.0010146 0 0 0   -0.011 -0.02329  0.04412  -0.0320091   0.0301257 -0.00265588  6.01913e-05 -0.000161815 -0.000163103  0.0159762 0.00110688 0.00802654 -0.00630226  -0.0053162      -9.809 
               64.42 -0.031879 0.0486015 -0.627599   -0.152779    0.168608 -0.00190612 0 0 0   -0.011 -0.02329  0.04412  -0.0356834 -0.00755902 -0.00582073  5.68297e-05 -0.000167105 -0.000168863  0.0159567 0.00208874 0.00810836 -0.00640627 -0.00575645      -9.809 
              64.522 -0.0318322  0.0329213  -0.634939   -0.151658    0.167646 -0.00204821 0 0 0   -0.011 -0.02329  0.04412  -0.0273848 -0.00753113 -0.00485917  5.66236e-05 -0.000157859 -0.000164213  0.0156964 0.00205886 0.00805423 -0.00628693 -0.00577355      -9.809 
               64.62 -0.0456359  0.0583179  -0.532712   -0.139851    0.160204 -0.00080638 0 0 0   -0.011 -0.02329  0.04412  0.00151534  -0.0201437 0.000580402  6.42789e-05 -0.000171721 -0.000221764   0.014892 0.00232017 0.00785463 -0.00595994 -0.00598288      -9.809 
               64.72 -0.030943 0.0430401 -0.762011    -0.124787      0.14991 -0.000847184 0 0 0   -0.011 -0.02329  0.04412    0.0308169   -0.0369779 -0.000465612   5.5676e-05 -0.000162945 -9.35843e-05  0.0140566 0.00267707  0.0078664  -0.0056311 -0.00623715      -9.809 
              64.825 -0.0385457   0.057137  -0.621304   -0.120252    0.144058 -0.00149654 0 0 0   -0.011 -0.02329  0.04412   0.0326133  -0.0415069 -0.00321878  5.97081e-05 -0.000170236 -0.000171168  0.0139779  0.0027837 0.00793225 -0.00560847  -0.0062931      -9.809 
               64.92 -0.0377331  0.0496637  -0.583342   -0.115424    0.144531 5.91311e-05 0 0 0   -0.011 -0.02329  0.04412  0.0359398  -0.031382 0.00301376  5.92303e-05 -0.000165561 -0.000191805  0.0138872 0.00250426 0.00771068  -0.0055371 -0.00618122      -9.809 
              65.022 -0.0503335  0.0466267  -0.528462    -0.117166      0.14969 -4.64136e-05 0 0 0   -0.011 -0.02329  0.04412  0.0245374 -0.0130535  0.0010388  6.63549e-05 -0.000163243  -0.00022228  0.0141925 0.00205419 0.00775107 -0.00561996 -0.00594964      -9.809 
              65.124 -0.0418537  0.0527894  -0.612423    -0.10629    0.146904 -0.00129223 0 0 0   -0.011 -0.02329  0.04412   0.0408911  -0.0153395 -0.00429998  6.12678e-05 -0.000166259 -0.000174144  0.0137373 0.00206968  0.0079021 -0.00542304 -0.00600839      -9.809 
               65.22 -0.0409206  0.0498076  -0.616463  -0.0981476    0.151515 -0.00134146 0 0 0   -0.011 -0.02329  0.04412   0.0496585  -0.0014548 -0.00343222  6.05817e-05 -0.000164097 -0.000171299  0.0135147 0.00168314 0.00785194  -0.0052831 -0.00586602      -9.809 
              65.324 -0.0471003  0.0485308  -0.519134   -0.0995857     0.147966 -0.000802411 0 0 0   -0.011 -0.02329  0.04412    0.0348116  -0.00956477 -0.000882132   6.3969e-05 -0.000162827 -0.000225911  0.0138562 0.00192835 0.00774682 -0.00545838 -0.00593344      -9.809 
              65.421 -0.0380625  0.0501931  -0.571909   -0.100801    0.150229 -0.00161759 0 0 0   -0.011 -0.02329  0.04412   0.0246621 -0.00335664 -0.00395754  5.87642e-05 -0.000163195  -0.00019579   0.014108 0.00178158 0.00782486 -0.00555089 -0.00584181      -9.809 
               65.52 -0.0283518  0.0384763  -0.629761   -0.102451    0.149258 -0.00230081 0 0 0   -0.011 -0.02329  0.04412   0.0151323 -0.00576574 -0.00560452  5.31529e-05 -0.000156113 -0.000163347  0.0143172 0.00185382 0.00785673 -0.00564882  -0.0058494      -9.809 
              65.624 -0.0303323  0.0414242  -0.584948    -0.104242     0.142204 -0.000969661 0 0 0   -0.011 -0.02329  0.04412  0.00632162  -0.0204378 0.000439199  5.38135e-05 -0.000157099 -0.000187659  0.0144824 0.00224551 0.00764179 -0.00576259 -0.00599877      -9.809 
              65.721 -0.017327 0.0374548 -0.773138    -0.124674     0.146999 -0.000189543 0 0 0   -0.011 -0.02329  0.04412  -0.0364895 -0.00937242   0.0027134  4.64997e-05 -0.000153862 -8.25042e-05  0.0155813 0.00203501 0.00754963 -0.00620975 -0.00578707      -9.809 
              65.821 -0.0409291  0.0455524  -0.656339    -0.12527    0.155725 0.000180932 0 0 0   -0.011 -0.02329  0.04412 -0.0297964  0.0126338 0.00256487  5.97734e-05 -0.000157958 -0.000147851  0.0154214 0.00145196 0.00753187 -0.00607846 -0.00555692      -9.809 
              65.925 -0.0496154  0.0295193  -0.611549    -0.13629    0.156643 -0.00179378 0 0 0   -0.011 -0.02329  0.04412  -0.0474189   0.0107963 -0.00586453  6.44759e-05 -0.000148413 -0.000172378  0.0158266 0.00154039  0.0077824 -0.00625994 -0.00554956      -9.809 
               66.02 -0.0454803   0.046732  -0.644968   -0.133401    0.157059 -0.00167054 0 0 0   -0.011 -0.02329  0.04412  -0.0335044   0.0104204 -0.00401105  6.19084e-05  -0.00015763 -0.000153081  0.0154374  0.0015179 0.00770204 -0.00609287 -0.00558288      -9.809 
              66.122 -0.0355506  0.0457254  -0.669379   -0.134815    0.152096 -0.00102744 0 0 0   -0.011 -0.02329  0.04412   -0.0314185  -0.00263427 -0.000936029  5.61725e-05 -0.000156597 -0.000138715  0.0153213  0.0018439 0.00758094 -0.00607911 -0.00573272      -9.809 
              66.221 -0.0439535  0.0406303  -0.631854   -0.138711    0.166238 -0.00206904 0 0 0   -0.011 -0.02329  0.04412  -0.0323717    0.028781 -0.00465012  6.05341e-05   -0.0001532 -0.000159357  0.0153767 0.00102872  0.0076799 -0.00601491 -0.00538496      -9.809 
              66.324 -0.0483864  0.0496839  -0.533508   -0.129672    0.164311 -0.00206061 0 0 0   -0.011 -0.02329  0.04412 -0.00852175   0.0201645 -0.00349606  6.29081e-05 -0.000157764 -0.000214458  0.0147055 0.00120231 0.00761885 -0.00575253 -0.00553057      -9.809 
              66.422 -0.0401386  0.0378245  -0.600975   -0.133484    0.167434 -0.00146265 0 0 0   -0.011 -0.02329  0.04412   -0.0158523    0.0222817 -0.000704231  5.79876e-05 -0.000150539 -0.000175468  0.0148647 0.00115934 0.00750711 -0.00581444 -0.00549546      -9.809 
              66.521 -0.0330636   0.037396  -0.678268    -0.134148     0.163258 -0.000527253 0 0 0   -0.011 -0.02329  0.04412 -0.0162153 0.00835148 0.00223617  5.37351e-05 -0.000149849 -0.000131846    0.01481  0.0015177 0.00739093  -0.0058296 -0.00565006      -9.809 
              66.621 -0.0458941  0.0539143  -0.642493     -0.13439     0.164489 -6.59251e-05 0 0 0   -0.011 -0.02329  0.04412 -0.0141926  0.0096023 0.00258365  6.07446e-05 -0.000158608  -0.00015131  0.0147352 0.00148284 0.00735935 -0.00579494 -0.00564366      -9.809 
              66.726 -0.0400951  0.0493826  -0.536934  -0.140303   0.165221 0.00113459 0 0 0   -0.011 -0.02329  0.04412 -0.0242163 0.00824482 0.00518156  5.72962e-05 -0.000155389 -0.000210728  0.0149584 0.00153679  0.0072537 -0.00589284 -0.00564211      -9.809 
              66.821 -0.0464336  0.0422248  -0.640793    -0.146791     0.162377 -0.000170929 0 0 0   -0.011 -0.02329  0.04412   -0.0346875 -0.000412392  -0.00181519  6.10127e-05 -0.000150362 -0.000151018  0.0151792 0.00178607 0.00746212  -0.0060095 -0.00572101      -9.809 
              66.927 -0.0363204   0.053018  -0.588974   -0.141602    0.157421 -0.00127923 0 0 0   -0.011 -0.02329  0.04412 -0.0187562 -0.0096822 -0.0056538   5.5079e-05 -0.000156107 -0.000179794  0.0147156 0.00198531 0.00756526 -0.00583984 -0.00585153      -9.809 
               67.02 -0.0406297  0.0490742  -0.623815 -0.142664  0.158863 -0.001504 0 0 0   -0.011 -0.02329  0.04412  -0.0179931 -0.00445586 -0.00506821  5.73673e-05  -0.00015343 -0.000159674   0.014678 0.00184385 0.00752656 -0.00580994 -0.00579777      -9.809 
               67.12 -0.0436504  0.0413836  -0.567202   -0.135554    0.164127 -0.00145321 0 0 0   -0.011 -0.02329  0.04412 -0.000270426   0.00920992  -0.00346339  5.90182e-05 -0.000148696 -0.000191426  0.0142076 0.00144638 0.00745149  -0.0055776 -0.00568529      -9.809 
              67.223 -0.0436089  0.0485111  -0.744011     -0.13459     0.157984 -0.000867335 0 0 0   -0.011 -0.02329  0.04412 -0.000391402  -0.00583222 -0.000780361  5.85716e-05 -0.000152272 -9.20477e-05  0.0141527 0.00183922 0.00734302 -0.00559537 -0.00585023      -9.809 
              67.323 -0.037556 0.0439462 -0.566795   -0.135638    0.150083 -0.00135056 0 0 0   -0.011 -0.02329  0.04412 -0.00488656  -0.0221012 -0.00284174  5.47279e-05 -0.000149095  -0.00018916   0.014206 0.00226629 0.00738994  -0.0056602 -0.00601719      -9.809 
               67.42 -0.0376353  0.0493614  -0.630654   -0.128524    0.154591 -0.00264294 0 0 0   -0.011 -0.02329  0.04412   0.0108446  -0.0065559 -0.00697466  5.50485e-05 -0.000152115 -0.000153532   0.013804 0.00182256  0.0075017 -0.00545315 -0.00588008      -9.809 
              67.524 -0.0511944  0.0463722   -0.63519   -0.125415     0.14917 -0.00188539 0 0 0   -0.011 -0.02329  0.04412   0.0130412  -0.0162367 -0.00230365  6.22431e-05 -0.000150053 -0.000150545  0.0136964 0.00207114 0.00733165 -0.00543504 -0.00599086      -9.809 
               67.62 -0.0414394  0.0488491  -0.590071   -0.126128    0.151642 -0.00492463 0 0 0   -0.011 -0.02329  0.04412  0.00877508 -0.00764563   0.0158352  5.65436e-05 -0.000150874 -0.000175504  0.0137993 0.00185226 0.00718779 -0.00545437 -0.00589292      -9.809 
              67.729 -0.043394 0.0403214 -0.520589   -0.129887    0.159238 0.000748425 0 0 0   -0.011 -0.02329  0.04412 -0.000608291   0.00990265    0.0290819  5.73986e-05 -0.000145528  -0.00021407  0.0140409 0.00141705 0.00673775 -0.00550755 -0.00569506      -9.809 
              67.822 -0.0289227  0.0540636   0.161841  -0.102979  0.0790294 0.00138418 0 0 0   -0.011 -0.02329  0.04412 0.0412976 -0.165733 0.0199752  5.05566e-05 -0.000152737  -0.00059733  0.0125854 0.00584331 0.00702039 -0.00536814 -0.00759903      -9.809 
              67.921 -0.0340775  0.0444603  0.0644659  -0.098709  0.0194028 0.00102685 0 0 0   -0.011 -0.02329  0.04412 0.0335049 -0.258356  0.010148  5.43242e-05 -0.000147067 -0.000540631  0.0125759 0.00822597 0.00732312 -0.00559774   -0.008543    -9.80899 
              68.029 -0.0478909   0.054649  0.0441029   -0.0803621    -0.035199 -0.000320458 0 0 0   -0.011 -0.02329  0.04412   0.0575895     -0.3158 0.000635434  6.17314e-05 -0.000152169 -0.000527482   0.011826 0.00963899  0.0076124 -0.00543646  -0.0091748    -9.80899 
              68.125 -0.0320879  0.0495894   0.124496  -0.0623392  -0.0730043 -0.00124881 0 0 0   -0.011 -0.02329  0.04412   0.0813183    -0.33218 -0.00367803  5.26482e-05 -0.000148903 -0.000570632  0.0111637 0.00997831 0.00773091 -0.00520735  -0.0093719    -9.80899 
              68.221 -0.0416192  0.0506293  0.0319847  -0.0475857  -0.0953935 -0.00135294 0 0 0   -0.011 -0.02329  0.04412   0.0957944   -0.308427 -0.00318135  5.78981e-05 -0.000149185 -0.000517404  0.0108122 0.00930607 0.00769202 -0.00500837 -0.00914051    -9.80899 
              68.322 -0.0392004  0.0377063  0.0433334  -0.0261564   -0.104964 -0.00133695 0 0 0   -0.011 -0.02329  0.04412    0.123046   -0.261159 -0.00222072  5.73288e-05 -0.000142283 -0.000522157  0.0101613 0.00800616 0.00763816 -0.00463854 -0.00869036      -9.809 
              68.426  -0.0354291   0.0395678 -0.00155476   -0.0217498    -0.109875 -0.000463446 0 0 0   -0.011 -0.02329  0.04412   0.108665  -0.215461 0.00154106   5.5992e-05 -0.000142774 -0.000496295  0.0105864 0.00682628 0.00749694 -0.00470173  -0.0081914      -9.809 
              68.522 -0.0374305   0.047898 -0.0279691   -0.0137482    -0.108149 -0.000551847 0 0 0   -0.011 -0.02329  0.04412     0.10638   -0.167493 0.000592672  5.74565e-05 -0.000146962 -0.000480232   0.010707 0.00558248  0.0075065 -0.00464181  -0.0076966      -9.809 
              68.623 -0.0390871  0.0477086  -0.115869 -0.00948093  -0.0977911 0.000124164 0 0 0   -0.011 -0.02329  0.04412 0.0956611 -0.108728  0.002558  5.77133e-05 -0.000146339 -0.000428848  0.0110544 0.00408045 0.00742149 -0.00464873 -0.00708363      -9.809 
              68.722 -0.0465288  0.0571812 -0.0469688   -0.0104379   -0.0920726 -0.000887948 0 0 0   -0.011 -0.02329  0.04412    0.076655   -0.074824 -0.00228739  6.12575e-05 -0.000151255 -0.000466002  0.0115809 0.00323575 0.00755646 -0.00478078 -0.00671154      -9.809 
               68.82 -0.0240102  0.0374604 -0.0343178  -0.00983703   -0.0884361 -0.000712498 0 0 0   -0.011 -0.02329  0.04412   0.0632185   -0.052439 -0.00122029  4.83293e-05 -0.000139941 -0.000471532  0.0119332 0.00266199 0.00750121  -0.0048681 -0.00646034      -9.809 
              68.929  -0.031699  0.0517189 -0.0658651  -0.0175213  -0.0792793 -0.00194778 0 0 0   -0.011 -0.02329  0.04412   0.0350547  -0.0224815 -0.00524105  5.22784e-05 -0.000147584 -0.000452483  0.0126843 0.00192872 0.00760749 -0.00509469 -0.00611453      -9.809 
               69.02 -0.0351846  0.0556964  -0.128498  -0.0142001  -0.0620051 -0.00166634 0 0 0   -0.011 -0.02329  0.04412   0.0368709   0.0208286 -0.00267799  5.35048e-05  -0.00014929 -0.000415339   0.0126849 0.000804091  0.00750378 -0.00500015 -0.00568526      -9.809 
               69.12  -0.036384  0.0515914 -0.0885892 -0.0252692 -0.0481743 -0.0018057 0 0 0   -0.011 -0.02329  0.04412  0.00811845   0.0446203 -0.00258417   5.3841e-05 -0.000146785 -0.000436371   0.0134392 0.000235308  0.00748011 -0.00524021 -0.00540408      -9.809 
              69.224 -0.0330553  0.0464394  0.0113147   -0.0291122   -0.0464351 -0.000934083 0 0 0   -0.011 -0.02329  0.04412 -0.00268099   0.0376811 0.000884952  5.18349e-05 -0.000143418 -0.000489899  0.0136773 0.00043026 0.00734821 -0.00534725 -0.00545756      -9.809 
               69.32 -0.0270335  0.0542244  -0.128397  -0.0280432  -0.0423698 -0.00118786 0 0 0   -0.011 -0.02329  0.04412 -0.000708653    0.0388785 -0.000841741  4.82823e-05 -0.000147322    -0.000411  0.0136065 0.00039036 0.00738404 -0.00531706 -0.00544855      -9.809 
               69.42 -0.0332594  0.0315934  -0.110005  -0.0359167  -0.0414246 -0.00108002 0 0 0   -0.011 -0.02329  0.04412   -0.0180369    0.0309178 -0.000769587  5.15958e-05 -0.000134094 -0.000420169   0.0139989 0.000621968  0.00736123 -0.00548467 -0.00550223      -9.809 
              69.522 -0.044195 0.0618008 -0.149836  -0.0314418  -0.0390989 -0.00127815 0 0 0   -0.011 -0.02329  0.04412 -0.00644457   0.0304346 -0.00176517  5.74678e-05  -0.00015045 -0.000396691   0.0136825 0.000620159   0.0073724 -0.00536538 -0.00552852      -9.809 
               69.62 -0.042521 0.0357031 0.0246975  -0.0503105  -0.0256822 -0.00158724 0 0 0   -0.011 -0.02329  0.04412   -0.042174   0.0504498 -0.00261352  5.67397e-05 -0.000135232 -0.000490718   0.0145941 0.000163947  0.00738016 -0.00566943 -0.00528042      -9.809 
              69.723 -0.0268139   0.047672 -0.0655826  -0.0482363  -0.0215424 -0.00184785 0 0 0   -0.011 -0.02329  0.04412 -0.0304459  0.0490626 -0.0031337  4.77844e-05 -0.000141653  -0.00043899   0.0142626 0.000173623  0.00737588 -0.00554639  -0.0053121      -9.809 
              69.824 -0.0408994  0.0475443  0.0731536  -0.0534185  -0.0271914 -0.00196302 0 0 0   -0.011 -0.02329  0.04412  -0.0376067    0.025564 -0.00317428  5.54282e-05 -0.000141046 -0.000514973   0.0143791 0.000792284  0.00735777 -0.00564068 -0.00553198      -9.809 
               69.92 -0.0404685  0.0528983  0.0876356  -0.0512363  -0.0320958 -0.00274791 0 0 0   -0.011 -0.02329  0.04412  -0.0279144    0.010332 -0.00544513  5.48939e-05 -0.000143643 -0.000521394  0.0140802 0.00116672    0.00741 -0.00556038 -0.00569561      -9.809 
              70.023 -0.0373209  0.0512533   0.111078  -0.0454359  -0.0441193 -0.00220559 0 0 0   -0.011 -0.02329  0.04412  -0.0142819  -0.0164444 -0.00229814  5.27323e-05 -0.000142398 -0.000532758  0.0136622 0.00182743 0.00728937 -0.00545934 -0.00597422      -9.809 
              70.122 -0.031061  0.040374  0.138305  -0.0386096  -0.0511724 -0.00216258 0 0 0   -0.011 -0.02329  0.04412 0.000506508  -0.0272135  -0.0019785  4.89957e-05 -0.000136173 -0.000546027  0.0132348  0.0020708 0.00725957 -0.00532146 -0.00609884      -9.809 
              70.224 -0.0372737  0.0605692   0.161279  -0.0459768  -0.0505885 -0.00144636 0 0 0   -0.011 -0.02329  0.04412  -0.0148532  -0.0214088 0.000824996  5.23694e-05   -0.0001467 -0.000557046  0.0136194 0.00194128 0.00715119 -0.00545233 -0.00602013      -9.809 
              70.327 -0.0551459  0.0558552  0.0325338   -0.039781  -0.0580072 -0.00203709 0 0 0   -0.011 -0.02329  0.04412 -0.000960995    -0.030691  -0.00209648  6.19592e-05 -0.000143808 -0.000483805  0.0132234 0.00216353 0.00722283  -0.0053249 -0.00613318      -9.809 
              70.422 -0.0414336  0.0454935 -0.0484025   -0.0493416   -0.0563669 -0.000305126 0 0 0   -0.011 -0.02329  0.04412 -0.0205583 -0.0227889 0.00434865  5.40892e-05 -0.000137472 -0.000436849  0.0137077 0.00198413  0.0069998 -0.00548757 -0.00602933      -9.809 
              70.525 -0.0209938  0.0369043 -0.0768468   -0.0443489   -0.0577201 -0.000985744 0 0 0   -0.011 -0.02329  0.04412  -0.00722185   -0.0198952 -0.000142811  4.24876e-05 -0.000132274 -0.000419719  0.0133359 0.00187243 0.00712394 -0.00534388 -0.00601821      -9.809 
              70.603 -0.0323795  0.0561053 -0.0349333  -0.0378841  -0.0505076 -0.00106091 0 0 0   -0.011 -0.02329  0.04412   0.00921545   0.00183606 -0.000661159  4.87587e-05 -0.000142497 -0.000441443  0.0129307 0.00128679 0.00712449 -0.00515224 -0.00583856      -9.809 
              70.739  -0.042496  0.0535603 -0.0560635  -0.0385621   -0.054187 -0.00284796 0 0 0   -0.011 -0.02329  0.04412  0.00366403  -0.0064516 -0.00682669  5.42984e-05 -0.000140721 -0.000428527  0.0130289 0.00150792 0.00729361 -0.00520461 -0.00591043      -9.809 
              70.821 -0.0378404   0.051661 -0.0295671  -0.0526498   -0.051828 -0.00130277 0 0 0   -0.011 -0.02329  0.04412  -0.0267499 -0.00328106 0.000340174  5.15258e-05  -0.00013892 -0.000441111  0.0137916  0.0014687 0.00704945 -0.00547586  -0.0058362      -9.809 
              70.924 -0.0338042  0.0604552  0.0323648  -0.0508786  -0.0489288 -0.00204601 0 0 0   -0.011 -0.02329  0.04412   -0.017739  0.00441544 -0.00291473  4.92018e-05 -0.000143488 -0.000474554  0.0135518 0.00125323 0.00713328 -0.00537332  -0.0057781      -9.809 
              71.022 -0.0319516  0.0459619 -0.0904084 -0.0493493 -0.0458466 -0.0014387 0 0 0   -0.011 -0.02329  0.04412   -0.0116296    0.0107714 -0.000149258  4.80422e-05 -0.000135194 -0.000405692  0.0133757 0.00107659 0.00702592 -0.00529689  -0.0057291      -9.809 
               71.12 -0.043897 0.0468143 0.0154332 -0.0464995 -0.0472014 -0.0024618 0 0 0   -0.011 -0.02329  0.04412 -0.00493953  0.00636264 -0.00429005  5.45366e-05 -0.000135282 -0.000463313  0.0131715 0.00118118 0.00713744 -0.00523219 -0.00578223      -9.809 
              71.225 -0.0423792  0.0593236  0.0201887  -0.0525268  -0.0405724 -0.00167927 0 0 0   -0.011 -0.02329  0.04412   -0.0155302    0.0180216 -0.000462388  5.35987e-05 -0.000141719 -0.000464388  0.0134385 0.00089995 0.00699523 -0.00530543 -0.00566188      -9.809 
              71.321 -0.0390267  0.0506375  0.0444354  -0.0520051  -0.0404388 -0.00206318 0 0 0   -0.011 -0.02329  0.04412  -0.0127603   0.0150188 -0.00218546  5.15505e-05  -0.00013645 -0.000476347   0.0133376 0.000970141  0.00703192 -0.00527512 -0.00569448      -9.809 
              71.421 -0.0292653  0.0382475 -0.0802884  -0.0532154  -0.0384025 -0.00214316 0 0 0   -0.011 -0.02329  0.04412  -0.0137173   0.0160459 -0.00219194   4.5828e-05 -0.000129086 -0.000404553   0.0133312 0.000937461  0.00701311 -0.00527037 -0.00568351      -9.809 
              71.521 -0.0433738  0.0506761  0.0369874  -0.0521866   -0.036498 -0.00259182 0 0 0   -0.011 -0.02329  0.04412 -0.00966161   0.0170877 -0.00349569  5.36779e-05 -0.000135623 -0.000469455   0.0132043 0.000908133  0.00703471 -0.00522365 -0.00568302      -9.809 
              71.624 -0.0363291    0.04363  0.0860741  -0.0489567   -0.036375 -0.00154425 0 0 0   -0.011 -0.02329  0.04412 -0.00256755   0.0143103 0.000904122  4.96047e-05 -0.000131235 -0.000495204   0.0129878 0.000964889  0.00687253  -0.0051523 -0.00571946      -9.809 
              71.721 -0.0372829  0.0465998  0.0109453   -0.055992  -0.0304993 -0.00191899 0 0 0   -0.011 -0.02329  0.04412  -0.0165981   0.0229463 -0.00113842  5.00102e-05 -0.000132381  -0.00045208   0.0133372 0.000761059  0.00692012 -0.00525879 -0.00562196      -9.809 
              71.824 -0.0432289  0.0468932 -0.0529996  -0.0480909  -0.0233662 -0.00198784 0 0 0   -0.011 -0.02329  0.04412  0.00290438   0.0352329 -0.00147416   5.3233e-05  -0.00013229 -0.000414876   0.0128223 0.000416248  0.00691078  -0.0050547 -0.00554147      -9.809 
               71.92 -0.0440358  0.0326857  0.0560595   -0.043553  -0.0319405 -0.00188328 0 0 0   -0.011 -0.02329  0.04412  0.00823824  0.00992606 -0.00123718  5.33028e-05 -0.000123996 -0.000473692  0.0126151 0.00106537 0.00688473 -0.00503071 -0.00578124      -9.809 
              72.021  -0.0507757   0.0504745 -0.00702202  -0.0464902  -0.0232297 -0.00180214 0 0 0   -0.011 -0.02329  0.04412   0.00144055    0.0262141 -0.000863263  5.70952e-05  -0.00013326 -0.000437937   0.0127932 0.000659811  0.00685435 -0.00506248 -0.00562831      -9.809 
              72.125 -0.0334935  0.0464099  0.0687201  -0.0425055  -0.0336889 -0.00202515 0 0 0   -0.011 -0.02329  0.04412  0.00595556 -0.00155407 -0.00211285  4.68901e-05 -0.000130622 -0.000478425  0.0126119 0.00136081 0.00687527  -0.0050512 -0.00588224      -9.809 
               72.22 -0.0363024  0.0405705  0.0144645  -0.0473399  -0.0422615 -0.00184644 0 0 0   -0.011 -0.02329  0.04412 -0.00753772  -0.0207343 -0.00135362  4.79926e-05 -0.000126815 -0.000446974  0.0129038 0.00186898 0.00683362 -0.00518787 -0.00603423      -9.809 
               72.32 -0.0378467  0.0380928  0.0449904 -0.0429317 -0.0428956 -0.0021319 0 0 0   -0.011 -0.02329  0.04412  0.00230387  -0.0168794 -0.00234212  4.87782e-05 -0.000125268 -0.000462209  0.0126273  0.0017516 0.00684629 -0.00508515 -0.00601467      -9.809 
              72.421  -0.0344636   0.0446592 -0.00989221  -0.0465192  -0.0464838 -0.00203537 0 0 0   -0.011 -0.02329  0.04412 -0.00678292  -0.0218601 -0.00168515  4.66779e-05 -0.000128411 -0.000430499  0.0128285 0.00188467 0.00680772 -0.00516307 -0.00604505      -9.809 
               72.52 -0.0371881  0.0443541    0.11602  -0.0500614   -0.044727 -0.00139781 0 0 0   -0.011 -0.02329  0.04412  -0.0131014   -0.013755 0.000830091  4.81272e-05  -0.00012775 -0.000499503   0.012975 0.00168185 0.00671026 -0.00519825 -0.00596583      -9.809 
               72.62 -0.0405563  0.0527721 -0.0139656   -0.0530918   -0.0446125 -0.000754505 0 0 0   -0.011 -0.02329  0.04412 -0.0170466 -0.0106594 0.00232166  4.98018e-05 -0.000132152  -0.00042448  0.0130574 0.00160578 0.00664378 -0.00522072 -0.00593424      -9.809 
              72.722 -0.0423621  0.0622116 -0.0291172  -0.0453926  -0.0474824 -0.00156994 0 0 0   -0.011 -0.02329  0.04412  0.00110811  -0.0131804 -0.00187785  5.06086e-05 -0.000136943  -0.00041474  0.0125697 0.00164301 0.00676044 -0.00505926 -0.00598195      -9.809 
              72.821 -0.0297178  0.0418574 -0.0118252 -0.0439534 -0.0538913 -0.0021424 0 0 0   -0.011 -0.02329  0.04412  0.00203817  -0.0246454 -0.00380913   4.3412e-05 -0.000125449 -0.000422826  0.0125009 0.00192575 0.00680443 -0.00505604 -0.00608143      -9.809 
              72.921 -0.0244672  0.0497042  -0.026925  -0.0514715  -0.0548915 -0.00251929 0 0 0   -0.011 -0.02329  0.04412  -0.0145269  -0.0229347 -0.00418208  4.03879e-05 -0.000129159 -0.000413151  0.0129074 0.00189347 0.00679856 -0.00518954 -0.00604152      -9.809 
              73.022 -0.0369864   0.058012 -0.0865679  -0.0417447  -0.0443755 -0.00188658 0 0 0   -0.011 -0.02329  0.04412   0.00959831   0.00685396 -0.000740969    4.744e-05 -0.000133613 -0.000378247  0.0123075 0.00109175 0.00666903 -0.00493384 -0.00581831      -9.809 
              73.126 -0.0336437  0.0498511 -0.0573586  -0.0438989  -0.0403041 -0.00212758 0 0 0   -0.011 -0.02329  0.04412  0.00298461   0.0135942 -0.00176235   4.5437e-05 -0.000128568 -0.000393294   0.0124617 0.000922504  0.00668311 -0.00497318 -0.00575129      -9.809 
              73.228  -0.0394936   0.0515427 -0.00938159  -0.0427943  -0.0422445 -0.00122815 0 0 0   -0.011 -0.02329  0.04412  0.0032368 0.00663383 0.00152922  4.86026e-05 -0.000129094 -0.000419004  0.0124243 0.00110206 0.00655951 -0.00497337 -0.00581318      -9.809 
              73.325 -0.0275311  0.0542976  -0.130231  -0.0351135  -0.0472795 -0.00168193 0 0 0   -0.011 -0.02329  0.04412    0.016246 -0.00476455 -0.00118878  4.16412e-05 -0.000130236 -0.000349031  0.0120544 0.00136905 0.00663002  -0.0048701 -0.00592725      -9.809 
              73.422 -0.0372831  0.0312846 -0.0832393  -0.0357262  -0.0449349 -0.00210409 0 0 0   -0.011 -0.02329  0.04412    0.011065  0.00100556 -0.00268825 4.69694e-05 -0.00011698 -0.00037421  0.0121617 0.00122417 0.00666015 -0.00489525 -0.00587219      -9.809 
              73.524 -0.0407212  0.0556398   -0.06646  -0.0318047  -0.0400661 -0.00241335 0 0 0   -0.011 -0.02329  0.04412   0.0168257   0.0119048 -0.00325262  4.88277e-05 -0.000130125 -0.000382345   0.0120122 0.000931749  0.00665952 -0.00482601 -0.00578746      -9.809 
              73.625  -0.0455634    0.038309 -0.00857475  -0.0457258  -0.0356047 -0.00234593 0 0 0   -0.011 -0.02329  0.04412  -0.0141232    0.016304 -0.00229429  5.14145e-05 -0.000119876 -0.000413437   0.0127906 0.000864773  0.00661155 -0.00507519 -0.00571039      -9.809 
               73.72 -0.0285253  0.0406648 -0.0666189  -0.0455681  -0.0355814 -0.00232393 0 0 0   -0.011 -0.02329  0.04412  -0.0123014   0.0130647 -0.00189852  4.16665e-05 -0.000120843 -0.000379561   0.0127133 0.000937434  0.00658208 -0.00505511 -0.00573941      -9.809 
              73.821 -0.038078 0.0398348 0.0361445  -0.0467423  -0.0359536 -0.00279324 0 0 0   -0.011 -0.02329  0.04412  -0.0134886  0.00949401 -0.00340464  4.69991e-05 -0.000119987 -0.000436528  0.0127108 0.00103185 0.00661267 -0.00506079 -0.00577007      -9.809 
              73.923 -0.0390945  0.0498469    0.08369  -0.0454479  -0.0379547 -0.00258255 0 0 0   -0.011 -0.02329  0.04412 -0.00944229  0.00362308 -0.00192401  4.74866e-05 -0.000125244 -0.000462121  0.0125741 0.00117775 0.00654569  -0.0050267 -0.00582663      -9.809 
               74.02 -0.0357601  0.0485764   0.101968  -0.0383709   -0.046674 -0.00169941 0 0 0   -0.011 -0.02329  0.04412 0.00396812  -0.014461 0.00131728  4.55059e-05 -0.000124059 -0.000470809  0.0121767 0.00162758 0.00642354  -0.0049295 -0.00599865      -9.809 
              74.133 -0.0363134   0.045871   0.129245  -0.0336197  -0.0535145 -0.00263441 0 0 0   -0.011 -0.02329  0.04412   0.0106807  -0.0249398 -0.00298342  4.56339e-05 -0.000122183 -0.000484645  0.0119604 0.00188676 0.00654285 -0.00487757 -0.00609641      -9.809 
               74.22 -0.0386432  0.0588047   0.159451  -0.0398819  -0.0510498 -0.00173991 0 0 0   -0.011 -0.02329  0.04412 -0.00396413  -0.0160606 0.000961159  4.68905e-05 -0.000128726 -0.000499625  0.0123428 0.00167121  0.0064008 -0.00498529 -0.00600173      -9.809 
              74.322 -0.0529596  0.0529479  0.0428248  -0.0332594  -0.0584543 -0.00206209 0 0 0   -0.011 -0.02329  0.04412  0.00823616  -0.0266935 -0.00106106  5.45336e-05 -0.000125363 -0.000432861  0.0119872 0.00193704 0.00644696 -0.00488961  -0.0061102      -9.809 
              74.421 -0.0393708  0.0443138 -0.0486506   -0.0456318   -0.0561507 -0.000591139 0 0 0   -0.011 -0.02329  0.04412 -0.0183198 -0.0188294 0.00413538  4.68575e-05 -0.000119628 -0.000380361  0.0126638 0.00176029 0.00626394 -0.00509261 -0.00600908      -9.809 
               74.52 -0.0183549  0.0365015 -0.0986327 -0.0402405 -0.0589284 -0.0014319 0 0 0   -0.011 -0.02329  0.04412   -0.0049444   -0.0200607 -0.000795033  3.51256e-05 -0.000115397 -0.000351609  0.0122848 0.00175736 0.00640439  -0.0049727 -0.00603326      -9.809 
              74.626 -0.0317489  0.0544683 -0.0240137  -0.0338416  -0.0513644 -0.00143637 0 0 0   -0.011 -0.02329  0.04412    0.0102124    0.0022418 -0.000836856  4.31702e-05 -0.000125529 -0.000392219  0.0119021  0.0011553 0.00638682 -0.00481351 -0.00586936      -9.809 
              74.721 -0.0435019   0.051968 -0.0648159  -0.0377174  -0.0537701 -0.00302662 0 0 0   -0.011 -0.02329  0.04412 -0.00101014 -0.00435121 -0.00669472   4.9395e-05 -0.000123505 -0.000368225   0.012164 0.00134348 0.00655744 -0.00490774 -0.00591089      -9.809 
               74.82 -0.0379105  0.0560311 -0.0399876  -0.0494731  -0.0518136 -0.00189012 0 0 0   -0.011 -0.02329  0.04412  -0.0249476 -0.00161586 -0.00071808  4.62801e-05 -0.000124668 -0.000380537  0.0127689  0.0013006 0.00635052 -0.00509421 -0.00585752      -9.809 
              74.929 -0.0320723  0.0644602   0.019108  -0.0482521  -0.0494529 -0.00224647 0 0 0   -0.011 -0.02329  0.04412   -0.017192  0.00440146 -0.00215405  4.31218e-05 -0.000129142 -0.000411924  0.0125599 0.00112879 0.00637728 -0.00501801 -0.00581796      -9.809 
               75.02 -0.0344715  0.0423792  -0.127596   -0.051104  -0.0437531 -0.00188023 0 0 0   -0.011 -0.02329  0.04412   -0.0197856     0.015868 -0.000433106  4.43689e-05 -0.000116312 -0.000328183   0.0126128 0.000833853  0.00630749 -0.00501544 -0.00572318      -9.809 
              75.121 -0.0365051  0.0515789 0.00926544  -0.0462356  -0.0518256 -0.00280322 0 0 0   -0.011 -0.02329  0.04412 -0.00860501 -0.00344327  -0.0041129   4.5449e-05 -0.000121312 -0.000405507  0.0122784 0.00131495 0.00640732 -0.00494285 -0.00589373      -9.809 
              75.227 -0.0387379  0.0549924  0.0067511  -0.0555272  -0.0435145 -0.00173361 0 0 0   -0.011 -0.02329  0.04412  -0.0244655   0.0132631 0.000737815   4.6612e-05 -0.000122712 -0.000402755   0.0126897 0.000902015  0.00623242 -0.00504318 -0.00573969      -9.809 
              75.321 -0.0401823  0.0519901   0.051772  -0.0554636  -0.0405601 -0.00189972 0 0 0   -0.011 -0.02329  0.04412   -0.0201666    0.0174605 -0.000499295  4.73106e-05 -0.000120675 -0.000426434   0.0125619 0.000787219  0.00625623  -0.0049966 -0.00571288      -9.809 
               75.42 -0.0225768  0.0467676  -0.100406 -0.0532245 -0.0424701 -0.0020242 0 0 0   -0.011 -0.02329  0.04412  -0.0130072  0.00999422 -0.00129914  3.71299e-05 -0.000117436 -0.000339127   0.0123425 0.000960103  0.00626543 -0.00494043 -0.00577999      -9.809 
              75.523 -0.0434819  0.0493318  0.0344978  -0.0523558  -0.0395861 -0.00282493 0 0 0   -0.011 -0.02329  0.04412 -0.00909218   0.0143388 -0.00405611  4.88539e-05 -0.000118475 -0.000414144   0.0122219 0.000846861  0.00633558 -0.00489645 -0.00575331      -9.809 
              75.621 -0.0357157  0.0429216  0.0757127  -0.0463906  -0.0422804 -0.00183922 0 0 0   -0.011 -0.02329  0.04412 0.00320228 0.00650568  0.0003524  4.43265e-05 -0.000114465 -0.000435907  0.0118661 0.00103075 0.00617661 -0.00479996 -0.00583208      -9.809 
              75.722 -0.0367424  0.0433549  0.0263783  -0.0557204  -0.0326625 -0.00220643 0 0 0   -0.011 -0.02329  0.04412  -0.0156698   0.0242132 -0.00133451  4.48633e-05 -0.000114285 -0.000407267   0.0123569 0.000590624  0.00621439 -0.00492108 -0.00566751      -9.809 
              75.821 -0.0450747  0.0469767 -0.0576899  -0.0480826  -0.0244809 -0.00252208 0 0 0   -0.011 -0.02329  0.04412  0.00342646   0.0387471 -0.00240004  4.96046e-05 -0.000116361 -0.000359868   0.0118533 0.000190299  0.00623129 -0.00474428 -0.00557892      -9.809 
              75.921 -0.0441102  0.0342517  0.0616483   -0.044095  -0.0315812 -0.00225312 0 0 0   -0.011 -0.02329  0.04412   0.0078244   0.0156286 -0.00118536    4.854e-05 -0.000108894 -0.000425419   0.0116793 0.000789332  0.00617596  -0.0047289 -0.00576989      -9.809 
              76.022 -0.0508414  0.0493167   0.051542   -0.052474  -0.0246511 -0.00182641 0 0 0   -0.011 -0.02329  0.04412  -0.0102337   0.0258677 0.000420821  5.22538e-05 -0.000116656 -0.000418317   0.0121439 0.000552353  0.00610895 -0.00485369 -0.00566967      -9.809 
              76.122 -0.0329177  0.0393402  0.0598682  -0.0472056  -0.0344392 -0.00227197 0 0 0   -0.011 -0.02329  0.04412 -0.000520502  0.000313056  -0.00202452   4.1732e-05 -0.000110981 -0.000421663  0.0118333 0.00119678 0.00617088 -0.00480015 -0.00588138      -9.809 
              76.221 -0.0369263  0.0421863 0.00910554  -0.0502118  -0.0419004 -0.00188419 0 0 0   -0.011 -0.02329  0.04412  -0.00859285   -0.0161623 -0.000470559  4.35541e-05 -0.000112116  -0.00039212  0.0119985 0.00163109 0.00610542 -0.00487566 -0.00600024      -9.809 
               76.32    -0.037 0.0332961 0.0258552  -0.0452108  -0.0420003 -0.00251842 0 0 0   -0.011 -0.02329  0.04412  0.00270451  -0.0120536 -0.00295426  4.35193e-05 -0.000107039 -0.000400061  0.0116805 0.00150586 0.00616821 -0.00477382 -0.00598278      -9.809 
               76.43 -0.0329105  0.0405445 -0.0123763  -0.0482975  -0.0471807 -0.00223386 0 0 0   -0.011 -0.02329  0.04412 -0.00567576  -0.0210637  -0.0013928  4.09543e-05 -0.000110576 -0.000377811  0.0118619 0.00174192 0.00610151 -0.00484159 -0.00604131      -9.809 
              76.511 -0.0399309  0.0406863  0.0613509  -0.0539333  -0.0421262 -0.00143948 0 0 0   -0.011 -0.02329  0.04412  -0.0164226 -0.00646603   0.0018778  4.49183e-05 -0.000110127 -0.000417612  0.0121369 0.00137689 0.00598498 -0.00490084 -0.00591722      -9.809 
              76.621 -0.0406849   0.048714  -0.013768    -0.055646   -0.0425702 -0.000912175 0 0 0   -0.011 -0.02329  0.04412  -0.0168961 -0.00583199  0.00249286  4.51983e-05 -0.000114465 -0.000373594  0.0121259  0.0013591 0.00594722 -0.00489657 -0.00591268      -9.809 
              76.724 -0.0483581  0.0585565 -0.0301652  -0.0472884  -0.0457293 -0.00158424 0 0 0   -0.011 -0.02329  0.04412  0.00268194 -0.00976754  -0.0011928  4.92245e-05 -0.000119711 -0.000363308  0.0115971 0.00143999 0.00604928 -0.00474664 -0.00596839      -9.809 
              76.821  -0.032317  0.0389079 -0.0411589  -0.0423378  -0.0444094 -0.00267155 0 0 0   -0.011 -0.02329  0.04412   0.0118129 -0.00430724 -0.00510942  4.03254e-05 -0.000108685 -0.000356131  0.0113396 0.00127767 0.00615832 -0.00466192 -0.00593677      -9.809 
               76.92 -0.0260379  0.0518337 -0.0326436  -0.0514014  -0.0484373 -0.00228275 0 0 0   -0.011 -0.02329  0.04412   -0.010548  -0.0139901 -0.00228269  3.65736e-05 -0.000115297 -0.000359693  0.0118926  0.0015474 0.00605318 -0.00483851 -0.00598154      -9.809 
              77.025 -0.0400281  0.0513779 -0.0506574  -0.0457573  -0.0348634 -0.00187222 0 0 0   -0.011 -0.02329  0.04412   0.00457211    0.0195259 -0.000191896   4.4571e-05 -0.000114822 -0.000348461   0.0115173 0.000659207  0.00596777 -0.00467748 -0.00574768      -9.809 
              77.124 -0.0331421  0.0475519 -0.0426892   -0.046509  -0.0360101 -0.00231121 0 0 0   -0.011 -0.02329  0.04412 0.000926593   0.0124591 -0.00214171   4.0527e-05 -0.000112265 -0.000351739    0.011583 0.000843308  0.00601502 -0.00470727 -0.00579667      -9.809 
              77.219   -0.038364   0.0508866 -0.00503815  -0.0433535  -0.0427002 -0.00143686 0 0 0   -0.011 -0.02329  0.04412  0.00519255 -0.00434401  0.00126885  4.33387e-05 -0.000113818 -0.000371892  0.0114353 0.00127665 0.00589021 -0.00469032 -0.00592985      -9.809 
              77.322 -0.0323138  0.0514397  -0.108939  -0.0374476  -0.0471095 -0.00174547 0 0 0   -0.011 -0.02329  0.04412    0.0146323    -0.012322 -0.000783754  3.97136e-05 -0.000113869  -0.00031219  0.0111609 0.00146664 0.00594036 -0.00462281 -0.00600062      -9.809 
              77.421 -0.0355813  0.0322586 -0.0741867  -0.0387678  -0.0446913 -0.00215748 0 0 0   -0.011 -0.02329  0.04412  0.00852139 -0.00477924 -0.00231144  4.14792e-05 -0.000102705 -0.000330663  0.0112986 0.00127184 0.00597316 -0.00465072 -0.00593689      -9.809 
               77.53 -0.0456119  0.0511499  -0.123822  -0.0337201  -0.0418518 -0.00212279 0 0 0   -0.011 -0.02329  0.04412    0.016472  0.00322901 -0.00176232    4.703e-05 -0.000112987 -0.000302154  0.0110834   0.001054 0.00593788 -0.00457675 -0.00588796      -9.809 
              77.623 -0.0430061  0.0420783  0.0111194  -0.0445233  -0.0341761 -0.00253714 0 0 0   -0.011 -0.02329  0.04412 -0.00722834   0.0171995 -0.00296148  4.58007e-05 -0.000107116  -0.00037531   0.0116975 0.000717511  0.00596186 -0.00473132 -0.00575606      -9.809 
              77.721 -0.0276715  0.0386418 -0.0659857  -0.0450121  -0.0347343 -0.00259811 0 0 0   -0.011 -0.02329  0.04412 -0.00808067    0.012217 -0.00258424  3.71139e-05 -0.000104951 -0.000332037   0.0116892 0.000840233  0.00593491 -0.00473611 -0.00579116      -9.809 
              77.828 -0.037109 0.0436353 0.0377605  -0.0463018  -0.0353962 -0.00289475 0 0 0   -0.011 -0.02329  0.04412  -0.0101344  0.00797948 -0.00313801  4.21481e-05 -0.000107333 -0.000388315   0.0117141 0.000952649  0.00593605 -0.00474965 -0.00582126      -9.809 
              77.928 -0.0382081  0.0487594   0.084273 -0.0441663 -0.0377791 -0.0027537 0 0 0   -0.011 -0.02329  0.04412 -0.00509655  0.00172673  -0.0019583  4.25596e-05 -0.000109913  -0.00041307  0.0115556 0.00110723 0.00588261  -0.0047141 -0.00587394      -9.809 
               78.02 -0.040335 0.0503124  0.109264 -0.0351497 -0.0457609 -0.0017631 0 0 0   -0.011 -0.02329  0.04412  0.0118566 -0.0140626 0.00179454   4.3519e-05 -0.000110553 -0.000425744  0.0110802 0.00149566 0.00574926  -0.0046034 -0.00601029      -9.809 
              78.121 -0.0351544  0.0467344   0.134217  -0.0321072  -0.0518751 -0.00264204 0 0 0   -0.011 -0.02329  0.04412   0.0140391  -0.0241851 -0.00247594  4.05038e-05 -0.000108246 -0.000438581  0.0109921 0.00175023 0.00587107 -0.00459318 -0.00608621      -9.809 
              78.221 -0.0381553   0.054146   0.160651  -0.0385855  -0.0505776 -0.00188386 0 0 0   -0.011 -0.02329  0.04412 -0.00195878   -0.017684 0.000809915  4.21039e-05 -0.000112017 -0.000451982  0.0114021  0.0015964 0.00575025 -0.00469841 -0.00602007      -9.809 
              78.321 -0.0515676  0.0521916   0.035193   -0.03372 -0.0585528 -0.0020323 0 0 0   -0.011 -0.02329  0.04412   0.00633908   -0.0296896 -0.000483682  4.94378e-05 -0.000110655 -0.000379872  0.0111531 0.00190545 0.00577606 -0.00464648 -0.00611963      -9.809 
              78.421 -0.0411209   0.040401 -0.0643046   -0.0480804   -0.0563482 -0.000497258 0 0 0   -0.011 -0.02329  0.04412 -0.0236282 -0.0217325 0.00475708   4.3551e-05 -0.000103527 -0.000323792  0.0119216 0.00172767 0.00559249 -0.0048487 -0.0060276     -9.809 
               78.52  -0.025509  0.0409267 -0.0697978 -0.0434421 -0.0563489 -0.0014088 0 0 0   -0.011 -0.02329  0.04412  -0.00997419   -0.0161342 -0.000562898  3.51431e-05 -0.000103915 -0.000319829  0.0115467 0.00155211 0.00574645  -0.0047362 -0.00600024      -9.809 
              78.621 -0.0319406  0.0530795 -0.0188186  -0.0361278  -0.0511825 -0.00159013 0 0 0   -0.011 -0.02329  0.04412  0.00779369 0.000307806 -0.00130804  3.90935e-05 -0.000110826 -0.000347278  0.0110853 0.00109816 0.00575417 -0.00458535 -0.00590174      -9.809 
              78.732 -0.0481888   0.051293 -0.0551829  -0.0367219  -0.0568489 -0.00330369 0 0 0   -0.011 -0.02329  0.04412  0.00304522  -0.0117696 -0.00713491  4.79691e-05  -0.00010944 -0.000325663  0.0111753  0.0014246 0.00592188 -0.00462751 -0.00598564      -9.809 
               78.82 -0.0358662  0.0545778  -0.037332  -0.0477693  -0.0558463 -0.00186844 0 0 0   -0.011 -0.02329  0.04412   -0.0203698  -0.00991739 -1.68195e-05   4.1012e-05  -0.00011051 -0.000334214  0.0117748 0.00139793 0.00568109 -0.00478922 -0.00594507      -9.809 
              78.924  -0.0343451   0.0649589 -0.00339522  -0.0482812  -0.0517076 -0.00224668 0 0 0   -0.011 -0.02329  0.04412  -0.0165426  0.00129082 -0.00169186  4.03004e-05 -0.000116069 -0.000352145  0.0116754 0.00109677 0.00571879 -0.00474592 -0.00586916      -9.809 
              79.022 -0.0320959  0.0406662  -0.125151  -0.0505567  -0.0444557 -0.00180749 0 0 0   -0.011 -0.02329  0.04412  -0.0173986   0.0165341 0.000213437  3.92705e-05  -0.00010243 -0.000284074   0.0116862 0.000695322  0.00564322  -0.0047271 -0.00576042      -9.809 
               79.12 -0.0412927  0.0455036  -0.027016  -0.0481225  -0.0499474 -0.00283354 0 0 0   -0.011 -0.02329  0.04412  -0.0111002  0.00220143 -0.00400861  4.38908e-05 -0.000104929  -0.00033749  0.0114849  0.0010629 0.00576159 -0.00469279 -0.00587031      -9.809 
              79.234 -0.0402535  0.0527554 0.00969651  -0.0566048  -0.0426862 -0.00192782 0 0 0   -0.011 -0.02329  0.04412  -0.0247609   0.0154361 0.000234674  4.34969e-05 -0.000108295 -0.000356602    0.011836 0.000734105  0.00561043 -0.00476921 -0.00576283      -9.809 
              79.326 -0.0415583  0.0479413  0.0560047  -0.0548273  -0.0408434 -0.00197424 0 0 0   -0.011 -0.02329  0.04412   -0.0171829    0.0172345 -0.000360673  4.41211e-05 -0.000105463 -0.000380733   0.0116212 0.000679615  0.00561577 -0.00470885 -0.00576022      -9.809 
               79.42 -0.0270272  0.0432092  -0.109758  -0.0521271  -0.0428071 -0.00206311 0 0 0   -0.011 -0.02329  0.04412 -0.00966736  0.00999131 -0.00101647  3.56909e-05 -0.000102681 -0.000286797    0.011397 0.000850394  0.00562296 -0.00465834 -0.00581795      -9.809 
              79.525 -0.0452658  0.0518768  0.0472781  -0.0506419  -0.0401979 -0.00299849 0 0 0   -0.011 -0.02329  0.04412 -0.00504744   0.0137483 -0.00430113  4.59301e-05 -0.000107215 -0.000374666   0.0112631 0.000753653  0.00571097 -0.00461759 -0.00579965      -9.809 
              79.621 -0.0357006   0.044019  0.0745062  -0.0449471  -0.0430081 -0.00207851 0 0 0   -0.011 -0.02329  0.04412  0.00607726  0.00575052 2.07525e-05  4.04303e-05  -0.00010235 -0.000388687   0.0109435 0.000944903  0.00555802 -0.00454329 -0.00586757      -9.809 
              79.728 -0.0358735  0.0443861  0.0241472  -0.0547226  -0.0329725 -0.00229106 0 0 0   -0.011 -0.02329  0.04412   -0.0139633    0.0240313 -0.000955986  4.02854e-05 -0.000102344 -0.000359547    0.011465 0.000487985  0.00557395  -0.0046566 -0.00571911      -9.809 
              79.824  -0.042426  0.0444906 -0.0621268  -0.0474162  -0.0248788 -0.00248859 0 0 0   -0.011 -0.02329  0.04412  0.00420388   0.0385004 -0.00165862  4.37587e-05 -0.000102131  -0.00031048   0.0109842 9.12299e-05  0.00558172 -0.00450969  -0.0056409      -9.809 
               79.92 -0.0436134  0.0358149  0.0708339  -0.0440819  -0.0317064 -0.00223921 0 0 0   -0.011 -0.02329  0.04412   0.00739844    0.0161961 -0.000720084  4.43342e-05  -9.6956e-05 -0.000383362    0.010852 0.000675479  0.00553753 -0.00450546 -0.00580066      -9.809 
               80.03 -0.0468013  0.0528037 -0.0102687  -0.0465328  -0.0236714 -0.00166422 0 0 0   -0.011 -0.02329  0.04412 0.00163115  0.0291506 0.00125592  4.60571e-05 -0.000105877 -0.000338257   0.0110023 0.000347721  0.00545948 -0.00452776 -0.00570731      -9.809 
              80.121 -0.0321449  0.0358852  0.0689151  -0.0419062  -0.0338195 -0.00239009 0 0 0   -0.011 -0.02329  0.04412 0.00778869 0.00174757  -0.002437   3.7545e-05 -9.62185e-05 -0.000380744  0.0107882 0.00104866 0.00556283 -0.00450809  -0.0059005      -9.809 
               80.22 -0.0374779   0.039175 0.00857281  -0.0469871   -0.041504 -0.00210334 0 0 0   -0.011 -0.02329  0.04412 -0.00618391  -0.0161018 -0.00105321  4.05225e-05 -9.78771e-05 -0.000345544  0.0111113 0.00152677 0.00550517 -0.00461623 -0.00600722      -9.809 
              80.324 -0.0397636  0.0328227  0.0428057  -0.0426636  -0.0434934 -0.00263299 0 0 0   -0.011 -0.02329  0.04412 0.00295829 -0.0160594 -0.0029165  4.16563e-05 -9.40177e-05 -0.000363345   0.010845 0.00151287 0.00554957  -0.0045468 -0.00601751      -9.809 
              80.426 -0.0315091  0.0427568 -0.0118341  -0.0468995  -0.0481164 -0.00246491 0 0 0   -0.011 -0.02329  0.04412 -0.00753902  -0.0235911 -0.00172171  3.69069e-05  -9.9125e-05 -0.000332168  0.0110927 0.00171261 0.00549769 -0.00462061 -0.00605596      -9.809 
              80.521 -0.0410625  0.0349574  0.0559616  -0.0542418  -0.0435825 -0.00155091 0 0 0   -0.011 -0.02329  0.04412  -0.0212093 -0.00951363  0.00201526  4.21563e-05 -9.44224e-05 -0.000368885  0.0114384 0.00136017 0.00536608 -0.00469149   -0.005948      -9.809 
               80.62 -0.0380597  0.0487847 -0.0190626   -0.0562761   -0.0435053 -0.000837157 0 0 0   -0.011 -0.02329  0.04412  -0.0213759 -0.00727324  0.00344755  4.02888e-05 -0.000101963 -0.000325511  0.0114275 0.00129851 0.00530621 -0.00468563 -0.00593285      -9.809 
               80.72 -0.0487058  0.0573554 -0.0221021  -0.0485162  -0.0460415 -0.00152179 0 0 0   -0.011 -0.02329  0.04412  -0.00203052  -0.00960115 -0.000592105  4.60286e-05 -0.000106362 -0.000322849  0.0109049 0.00134212 0.00542155 -0.00455475 -0.00597066      -9.809 
              80.822  -0.026137  0.0448943 -0.0217936  -0.0440512  -0.0489045 -0.00277266 0 0 0   -0.011 -0.02329  0.04412  0.00653721  -0.0134659 -0.00527026  3.35125e-05  -9.9327e-05 -0.000322025  0.0106553 0.00142038 0.00555546 -0.0044953 -0.0060032     -9.809 
              80.903 -0.0292469  0.0489805 -0.0176835   -0.051357  -0.0501807 -0.00256076 0 0 0   -0.011 -0.02329  0.04412  -0.0109571     -0.0153 -0.00306411  3.50657e-05 -0.000101033 -0.000323248   0.011098 0.00148256 0.00547486 -0.00461028 -0.00599635      -9.809 
              81.033 -0.0413026  0.0478166 -0.0744512 -0.0421988 -0.0409385 -0.0023849 0 0 0   -0.011 -0.02329  0.04412   0.0104216  0.00947651 -0.00147468  4.20716e-05 -0.000100558 -0.000291054   0.0105402 0.000812707  0.00540494 -0.00443643 -0.00585629      -9.809 
               81.12 -0.0368614   0.050454 -0.0625807  -0.0448912   -0.038226 -0.00245031 0 0 0   -0.011 -0.02329  0.04412  0.00281528   0.0130866 -0.00156661   3.9501e-05 -0.000101499 -0.000296352   0.0107288 0.000724403  0.00539608  -0.0044794 -0.00582459      -9.809 
               81.22 -0.0344917  0.0526506  0.0477096   -0.038844  -0.0435421 -0.00173465 0 0 0   -0.011 -0.02329  0.04412     0.012721 -0.000349614   0.00109547  3.80727e-05 -0.000102485 -0.000357333  0.0104438 0.00105925 0.00529836 -0.00442468 -0.00592268      -9.809 
              81.323 -0.0310838  0.0514698  -0.132675  -0.0298092  -0.0482913 -0.00205069 0 0 0   -0.011 -0.02329  0.04412    0.0267427  -0.00941823 -0.000885933  3.59556e-05 -0.000101589 -0.000255907  0.0100561 0.00127307 0.00534721 -0.00433857 -0.00599554      -9.809 
               81.42 -0.0366118  0.0333871  -0.072914  -0.0311583  -0.0486243 -0.00211266 0 0 0   -0.011 -0.02329  0.04412    0.017944 -0.00873575 -0.00113931  3.89428e-05 -9.12313e-05 -0.000288205  0.0102593 0.00126235 0.00534145 -0.00438852 -0.00598261      -9.809 
              81.522 -0.0439463  0.0463235  -0.141142  -0.0269238  -0.0443711 -0.00156369 0 0 0   -0.011 -0.02329  0.04412   0.0229909  0.00295687 0.000887678  4.28992e-05  -9.8069e-05 -0.000250261   0.0101262 0.000954769  0.00526286 -0.00434039  -0.0059134      -9.809 
              81.625   -0.043056   0.0384112 -0.00518714 -0.0385742  -0.038089 -0.0024289 0 0 0   -0.011 -0.02329  0.04412 -0.00417301   0.0136623 -0.00273763  4.24826e-05   -9.304e-05 -0.000323102   0.0108182 0.000707193  0.00536318 -0.00449897 -0.00581747      -9.809 
              81.721 -0.0262462  0.0364753 -0.0718899  -0.0416887   -0.037246 -0.00230988 0 0 0   -0.011 -0.02329  0.04412  -0.0105577   0.0119701 -0.00172276  3.30506e-05 -9.16479e-05  -0.00028536   0.0109599 0.000748449  0.00531894 -0.00453584 -0.00582044      -9.809 
               81.82 -0.0376709  0.0405786  0.0387206  -0.0446545  -0.0375235 -0.00282058 0 0 0   -0.011 -0.02329  0.04412  -0.0154959   0.0085095 -0.00334592  3.94278e-05 -9.36644e-05 -0.000346558  0.0110638  0.0008442 0.00535676 -0.00456598  -0.0058386      -9.809 
              81.921 -0.0364897  0.0502543  0.0934223  -0.0438938  -0.0394207 -0.00284238 0 0 0   -0.011 -0.02329  0.04412  -0.0118392  0.00295539 -0.00258818  3.87201e-05 -9.87915e-05 -0.000376355  0.0109471 0.00098209 0.00531827 -0.00454423 -0.00587806      -9.809 
              82.021 -0.0370606  0.0519085   0.138126  -0.0354857  -0.0483899 -0.00233365 0 0 0   -0.011 -0.02329  0.04412   0.00487316   -0.0150726 -0.000369694  3.90418e-05 -9.92747e-05 -0.000399771  0.0104786 0.00143195  0.0052337 -0.00445203 -0.00601063      -9.809 
              82.123 -0.0360008  0.0460623   0.117296  -0.0308808  -0.0551209 -0.00331252 0 0 0   -0.011 -0.02329  0.04412   0.0115642  -0.0257571 -0.00416795  3.82501e-05 -9.58311e-05 -0.000387187  0.0102753 0.00169914 0.00534057 -0.00441547 -0.00608527      -9.809 
              82.223 -0.039843 0.0539286  0.163368  -0.0369433  -0.0519666 -0.00199363 0 0 0   -0.011 -0.02329  0.04412 -0.00256456  -0.0146811  0.00178134  4.03768e-05 -9.97121e-05 -0.000411247  0.0106426 0.00142256 0.00513975 -0.00449121  -0.0060008      -9.809 
              82.321 -0.0505502  0.0556985  0.0306149 -0.0331992 -0.0589855 -0.0019012 0 0 0   -0.011 -0.02329  0.04412  0.0039354  -0.025655 0.00105638  4.59489e-05 -0.000100505 -0.000336763  0.0104494 0.00170679  0.0051493 -0.00445784 -0.00607842      -9.809 
               82.42 -0.0389492   0.036256 -0.0771467   -0.0468545   -0.0580848 -0.000589889 0 0 0   -0.011 -0.02329  0.04412 -0.0247358 -0.0213282 0.00503519  3.94291e-05 -8.92239e-05 -0.000276741  0.0111754 0.00161732 0.00501193 -0.00462783 -0.00602274      -9.809 
               82.52 -0.0285842  0.0390528 -0.0811419  -0.0439374  -0.0572853 -0.00137592 0 0 0   -0.011 -0.02329  0.04412  -0.0140249  -0.0141677 0.000114303  3.37888e-05 -9.07065e-05 -0.000273689  0.0108817 0.00141042 0.00515282 -0.00454823 -0.00598705      -9.809 
              82.621 -0.0308871  0.0580717 -0.0158368  -0.0371537  -0.0493092 -0.00149141 0 0 0   -0.011 -0.02329  0.04412   0.00421624   0.00807464 -0.000528636  3.51124e-05 -0.000101188 -0.000309352  0.0104181 0.00080832 0.00515898 -0.00441043 -0.00586552      -9.809 
               82.72 -0.0452634  0.0483071 0.00599068  -0.0346779    -0.05266 -0.00317166 0 0 0   -0.011 -0.02329  0.04412   0.00681334 -0.000410854  -0.00667998   4.3138e-05  -9.5383e-05 -0.000320753  0.0103235 0.00103226 0.00534076 -0.00439812   -0.005923      -9.809 
              82.821 -0.0416308  0.0557814 0.00553573  -0.0437548  -0.0491384 -0.00204332 0 0 0   -0.011 -0.02329  0.04412    -0.012607   0.00521097 -0.000656115  4.10287e-05  -9.9141e-05 -0.000319323   0.0108259 0.000905137  0.00513426 -0.00451131 -0.00586941      -9.809 
               82.92 -0.0334588  0.0690616  0.0267369  -0.0442855  -0.0468772 -0.00270079 0 0 0   -0.011 -0.02329  0.04412  -0.0109756  0.00901969 -0.00311346  3.65162e-05 -0.000106133 -0.000329934   0.0107813 0.000798791  0.00519942 -0.00449592 -0.00584648      -9.809 
               83.02 -0.0343036  0.0446293  -0.145868  -0.0488001  -0.0401428 -0.00225929 0 0 0   -0.011 -0.02329  0.04412   -0.0175229    0.0208964 -0.000671726  3.69721e-05 -9.22169e-05 -0.000232923     0.01094 0.000491559  0.00510924 -0.00451925 -0.00576702      -9.809 
              83.121  -0.0405681   0.0430905 -0.00457248  -0.0466445  -0.0472467 -0.00310311 0 0 0   -0.011 -0.02329  0.04412    -0.01214  0.00229131 -0.00386803  4.02852e-05 -9.10729e-05 -0.000312014  0.0107598 0.00097656  0.0051971 -0.00449908  -0.0058888      -9.809 
               83.22   -0.0395815    0.0522407 -0.000740648  -0.0562487  -0.0389028 -0.00229225 0 0 0   -0.011 -0.02329  0.04412  -0.0280223   0.0177914 0.000104431  3.98052e-05 -9.56566e-05 -0.000313102    0.011179 0.000584499  0.00505713 -0.00457911 -0.00577789      -9.809 
               83.32 -0.0401088   0.044845  0.0477939  -0.0556499  -0.0394889 -0.00197699 0 0 0   -0.011 -0.02329  0.04412  -0.0224621   0.0135382 0.000832716  3.99113e-05 -9.14183e-05 -0.000338758   0.0110071 0.000691155  0.00502134 -0.00454397 -0.00581068      -9.809 
              83.421 -0.0291294  0.0526986 -0.0319396  -0.0556156  -0.0405525 -0.00132301 0 0 0   -0.011 -0.02329  0.04412 -0.0187602 0.00854905  0.0024837  3.35347e-05 -9.56258e-05  -0.00029314   0.0108904 0.000811762  0.00495657 -0.0045224  -0.005844     -9.809 
               83.52 -0.0455331  0.0477833  0.0504064   -0.057092  -0.0391909 -0.00273298 0 0 0   -0.011 -0.02329  0.04412  -0.0184348  0.00981446 -0.00372001  4.27091e-05 -9.25446e-05 -0.000338554   0.0108629 0.000783919  0.00514051 -0.00451475 -0.00583883      -9.809 
              83.629 -0.0363869  0.0456178  0.0736559  -0.0494966  -0.0418424 -0.00220807 0 0 0   -0.011 -0.02329  0.04412 -0.000980101   0.00353734 -0.000931339  3.74445e-05 -9.13232e-05 -0.000350242   0.0103756 0.000928069  0.00503684 -0.00440906 -0.00589437      -9.809 
              83.725 -0.0362997  0.0436358  0.0219129  -0.0584632   -0.031551 -0.00283627 0 0 0   -0.011 -0.02329  0.04412  -0.0178354   0.0235436 -0.00300302  3.76998e-05 -8.96276e-05 -0.000320676   0.0108204 0.000415693  0.00509025 -0.00448833 -0.00575676      -9.809 
              83.821 -0.0502208  0.0481067 -0.0175817  -0.0554521   -0.025661 -0.00302002 0 0 0   -0.011 -0.02329  0.04412 -0.00805647    0.032749 -0.00293844  4.54745e-05 -9.20478e-05 -0.000297681   0.0105554 0.000171974  0.00507551 -0.00441706 -0.00571313      -9.809 
               83.92 -0.0415292  0.0352308  0.0596961  -0.0517635  -0.0288747 -0.00227586 0 0 0   -0.011 -0.02329  0.04412 -0.000993369    0.0195167  0.000334942  4.03609e-05 -8.46436e-05 -0.000340078   0.0103316 0.000513667  0.00495873 -0.00438106 -0.00580094      -9.809 
              84.021 -0.0493558  0.0487518  0.0560915  -0.0554371  -0.0271864 -0.00163371 0 0 0   -0.011 -0.02329  0.04412 -0.00868707    0.018599  0.00217929  4.45285e-05 -9.17332e-05 -0.000336953   0.0105207 0.000552324   0.0048879 -0.00442567 -0.00580125      -9.809 
               84.12 -0.0326055  0.0372553  0.0905141 -0.0473596 -0.0360479 -0.0021302 0 0 0   -0.011 -0.02329  0.04412   0.00697274  -0.00304477 -0.000872246   3.4816e-05 -8.54456e-05 -0.000354849  0.0100661 0.00110023 0.00497226  -0.0043465 -0.00594522      -9.809 
               84.22 -0.0363681  0.0406533 0.00365033  -0.0493498  -0.0441317 -0.00202381 0 0 0   -0.011 -0.02329  0.04412 -0.000510017   -0.0201011 -0.000628584  3.66231e-05 -8.70592e-05 -0.000305008  0.0102293 0.00155393 0.00495212 -0.00440273  -0.0060402      -9.809 
              84.326 -0.0429975  0.0358081  0.0215598  -0.0427361  -0.0457137 -0.00299521 0 0 0   -0.011 -0.02329  0.04412   0.0124309  -0.0178462 -0.00409499   4.0186e-05  -8.4248e-05 -0.000313879 0.00986611 0.00148166 0.00504884 -0.00431807 -0.00603987      -9.809 
              84.426  -0.035276  0.0439728 0.00987842  -0.0478302  -0.0496992 -0.00287971 0 0 0   -0.011 -0.02329  0.04412 -0.00159118  -0.0239184 -0.00261875  3.56847e-05 -8.82795e-05 -0.000306408  0.0102158 0.00164899 0.00499012 -0.00440343 -0.00606204      -9.809 
              84.524 -0.037633 0.0483221  0.080182  -0.0522116  -0.0453357 -0.00149698 0 0 0   -0.011 -0.02329  0.04412 -0.00985095  -0.0098997  0.00308744  3.69906e-05 -9.03684e-05 -0.000344917  0.0104312 0.00128454 0.00479672 -0.00443611 -0.00597157      -9.809 
              84.622   -0.038258   0.0458897 -0.00411731    -0.054068   -0.0441173 -0.000839822 0 0 0   -0.011 -0.02329  0.04412  -0.0118721 -0.00525306  0.00400913  3.72091e-05 -8.87803e-05 -0.000297344  0.0104702 0.00116154 0.00475491 -0.00443961 -0.00594258      -9.809 
               84.72 -0.0499514  0.0517981 -0.0171803  -0.0466353  -0.0467676 -0.00138248 0 0 0   -0.011 -0.02329  0.04412  0.00483875 -0.00839373 0.000326093  4.34587e-05 -9.19455e-05  -0.00028925  0.0100136 0.00123381 0.00485959 -0.00434143 -0.00597824      -9.809 
              84.828 -0.0261555  0.0551387  0.0335592  -0.0415586  -0.0524202 -0.00320514 0 0 0   -0.011 -0.02329  0.04412   0.0129525  -0.0184237 -0.00660574  3.01287e-05   -9.357e-05 -0.000316418 0.00977935 0.00147672 0.00506502 -0.00429986 -0.00604182      -9.809 
              84.922 -0.0284377  0.0438788 -0.0262842  -0.0503073  -0.0511644 -0.00281838 0 0 0   -0.011 -0.02329  0.04412 -0.00815759  -0.0135303 -0.00313187   3.1289e-05 -8.69625e-05 -0.000281933  0.0103222 0.00136161 0.00494409 -0.00441448 -0.00599328      -9.809 
               85.02 -0.0435275  0.0416004 -0.0659843  -0.0472933  -0.0363946 -0.00255666 0 0 0   -0.011 -0.02329  0.04412  0.00147911   0.0223661 -0.00107813  3.93614e-05 -8.53074e-05 -0.000258651   0.0100794 0.000408411   0.0048648 -0.00432141  -0.0057951      -9.809 
              85.122 -0.0387309  0.0471294 -0.0550643   -0.048309   -0.035126 -0.00272584 0 0 0   -0.011 -0.02329  0.04412 -0.00152644   0.0200277 -0.00164034  3.66059e-05 -8.80617e-05 -0.000263791   0.0101421 0.000472799  0.00487048  -0.0043378 -0.00580645      -9.809 
              85.224 -0.0419285  0.0565048 -0.0382263  -0.0453107  -0.0381063 -0.00206211 0 0 0   -0.011 -0.02329  0.04412  0.00355993   0.0097475 0.000917536   3.8058e-05 -9.28981e-05 -0.000271981  0.00998936 0.000742006  0.00477775 -0.00431578  -0.0058715      -9.809 
               85.32 -0.0293235  0.0462836  -0.122044  -0.0372138  -0.0462494 -0.00225295 0 0 0   -0.011 -0.02329  0.04412    0.0171245  -0.00915806 -0.000560164  3.07165e-05 -8.72569e-05 -0.000225416 0.00959908 0.00121848 0.00481267 -0.00425097 -0.00599138      -9.809 
              85.422  -0.039377  0.0352354 -0.0687032  -0.0383651  -0.0449191 -0.00220443 0 0 0   -0.011 -0.02329  0.04412     0.010842  -0.00462298 -0.000471619  3.62732e-05 -8.07931e-05 -0.000254433 0.00974496 0.00110552 0.00479738 -0.00427781 -0.00596076      -9.809 
               85.52 -0.0485853  0.0490748 -0.0917633  -0.0389734  -0.0401853 -0.00194656 0 0 0   -0.011 -0.02329  0.04412   0.0080611  0.00659201 0.000372316  4.12237e-05 -8.82453e-05 -0.000240619  0.00981767 0.000818918  0.00475907 -0.00428148 -0.00589603      -9.809 
              85.626 -0.0429814  0.0392497  0.0171543  -0.0488876  -0.0319087 -0.00263407 0 0 0   -0.011 -0.02329  0.04412  -0.0120176   0.0209067 -0.00235949  3.80155e-05  -8.2527e-05 -0.000300072   0.0103358 0.000462652  0.00483324 -0.00437793  -0.0057974      -9.809 
              85.721 -0.0233848  0.0334895 -0.0767599  -0.0505538  -0.0346545 -0.00242895 0 0 0   -0.011 -0.02329  0.04412  -0.0147578   0.0102593 -0.00119752   2.7017e-05 -7.91096e-05 -0.000247015   0.0103763 0.000734545  0.00478545 -0.00439798 -0.00585371      -9.809 
              85.821 -0.0400296  0.0404392  0.0641807  -0.0535149   -0.034112 -0.00294966 0 0 0   -0.011 -0.02329  0.04412  -0.0185363  0.00906711 -0.00297008  3.63776e-05 -8.27746e-05 -0.000325612   0.0104566 0.000772853  0.00483001 -0.00441668 -0.00585843      -9.809 
              85.923 -0.0352185  0.0480527   0.103048  -0.0505301  -0.0373075 -0.00302089 0 0 0   -0.011 -0.02329  0.04412  -0.0100539  0.00106866 -0.00248154  3.36362e-05 -8.67279e-05 -0.000346502   0.0102099 0.000972507  0.00480143  -0.0043725 -0.00591129      -9.809 
              86.022 -0.0372983  0.0521686   0.129131  -0.0379468  -0.0480798 -0.00210525 0 0 0   -0.011 -0.02329  0.04412  0.0144963 -0.0197289 0.00118086  3.47788e-05 -8.86245e-05 -0.000359871 0.00952891  0.0014991 0.00467208 -0.00424984 -0.00605136      -9.809 
              86.119 -0.0357116  0.0481364   0.129575  -0.0319176  -0.0562748 -0.00305548 0 0 0   -0.011 -0.02329  0.04412   0.0223424  -0.0329168 -0.00307156  3.36891e-05 -8.61844e-05 -0.000358975 0.00929589 0.00183791 0.00479678 -0.00421428 -0.00613244      -9.809 
              86.231 -0.0367649  0.0525498   0.142329  -0.0368409  -0.0529629 -0.00197174 0 0 0   -0.011 -0.02329  0.04412 0.00833513 -0.0194344 0.00164341  3.43596e-05 -8.82345e-05 -0.000364987 0.00966783 0.00148756 0.00463491 -0.00427862 -0.00604362      -9.809 
              86.322 -0.0461275   0.054733 -0.0118364   -0.033632  -0.0583118 -0.00201093 0 0 0   -0.011 -0.02329  0.04412   0.0122143  -0.0265678 0.000621615  3.93643e-05 -8.92436e-05 -0.000277144 0.00954909 0.00167634 0.00465635 -0.00426109 -0.00608795      -9.809 
               86.42 -0.0375733  0.0380422  -0.077717   -0.0470439   -0.0577354 -0.000968778 0 0 0   -0.011 -0.02329  0.04412 -0.0175207 -0.0228697 0.00384361  3.44813e-05 -7.95099e-05 -0.000239616  0.0103217 0.00159943 0.00454302 -0.00441945 -0.00604113      -9.809 
              86.521 -0.0239946  0.0337097 -0.0780259  -0.0430903  -0.0568468 -0.00131526 0 0 0   -0.011 -0.02329  0.04412 -0.00613985  -0.0151964 0.000955835  2.70054e-05 -7.70504e-05 -0.000238737  0.0100022  0.0013724 0.00462294 -0.00434422 -0.00600654      -9.809 
              86.625 -0.0289658  0.0502195 -0.0373362  -0.0367641  -0.0511523 -0.00167307 0 0 0   -0.011 -0.02329  0.04412    0.0090393   0.00188019 -0.000845611  2.99156e-05 -8.61933e-05 -0.000260645  0.00960152 0.000898879  0.00466747 -0.00424282 -0.00592433      -9.809 
               86.72 -0.0434515  0.0502546 -0.0096178  -0.0320159  -0.0540068 -0.00326549 0 0 0   -0.011 -0.02329  0.04412   0.0158176 -0.00383235 -0.00656169  3.76628e-05 -8.60486e-05 -0.000274932 0.00940363 0.00104891 0.00483739 -0.00420764 -0.00596315      -9.809 
              86.827  -0.0418219   0.0521074 0.000493097  -0.0402604   -0.053969 -0.00196499 0 0 0   -0.011 -0.02329  0.04412 -0.00455756 -0.00492558 8.81808e-05 3.65688e-05 -8.6228e-05 -0.00027957 0.00993065 0.00109612 0.00461673 -0.00431822 -0.00595182      -9.809 
              86.921  -0.0298057   0.0663393 0.000471853  -0.0388926  -0.0514706 -0.00248532 0 0 0   -0.011 -0.02329  0.04412 -0.00026389  0.00174451 -0.00209057  2.99459e-05 -9.39164e-05 -0.000278614  0.00982068 0.000909017  0.00467387 -0.00428833 -0.00591788      -9.809 
               87.02 -0.0286031  0.0440266 -0.0931523  -0.0417547  -0.0462851 -0.00235247 0 0 0   -0.011 -0.02329  0.04412 -0.00568584   0.0119523 -0.00108334  2.91698e-05 -8.10426e-05 -0.000225022  0.00995269 0.000638942  0.00463084 -0.00430488 -0.00585746      -9.809 
              87.121 -0.0428162  0.0426675  0.0130889  -0.0400208  -0.0506724 -0.00301411 0 0 0   -0.011 -0.02329  0.04412 -0.00273111 0.000642707 -0.00340937  3.71285e-05 -8.00433e-05 -0.000284021  0.00984656 0.000939437  0.00469267 -0.00429488 -0.00592286      -9.809 
              87.223  -0.0375463   0.0511733 -0.00581448  -0.0493167   -0.044049 -0.00176172 0 0 0   -0.011 -0.02329  0.04412 -0.0200401  0.0127105 0.00196168  3.41469e-05 -8.44128e-05 -0.000272629   0.0103045 0.000633154  0.00450922 -0.00437617  -0.0058425      -9.809 
               87.32 -0.0368462  0.0445339  0.0789152 -0.0478661 -0.0440057 -0.0018023 0 0 0   -0.011 -0.02329  0.04412  -0.0141156   0.0108645 0.000843558  3.36776e-05 -8.06049e-05 -0.000317845  0.0101279  0.0006753 0.00453385 -0.00434199 -0.00585804      -9.809 
              87.422 -0.0343628  0.0480812 -0.0825769  -0.0459659  -0.0476991 -0.00186813 0 0 0   -0.011 -0.02329  0.04412  -0.00877588   0.00113458 -8.16951e-05  3.20172e-05 -8.24524e-05 -0.000227263  0.00996399 0.000924956  0.00455177 -0.00431848 -0.00591483      -9.809 
              87.524 -0.0434933  0.0481074  0.0213925  -0.0464902  -0.0432431 -0.00314903 0 0 0   -0.011 -0.02329  0.04412 -0.00780074   0.0104506 -0.00476072   3.7103e-05 -8.21739e-05 -0.000284707  0.00992984 0.000680635  0.00468719 -0.00430225 -0.00586707      -9.809 
               87.62 -0.034491  0.044627 0.0601049  -0.0432405  -0.0461499 -0.00238211 0 0 0   -0.011 -0.02329  0.04412 -0.000980445   0.00263752 -0.000755942  3.19391e-05 -7.99721e-05 -0.000305368  0.00972663 0.000877891  0.00454915 -0.00426903 -0.00591451      -9.809 
               87.72 -0.033607 0.0447276 0.0104079  -0.0550431  -0.0357503 -0.00271861 0 0 0   -0.011 -0.02329  0.04412  -0.0234464   0.0223809 -0.00176123  3.13659e-05 -7.97596e-05 -0.000276674   0.0103248 0.000369779  0.00457006 -0.00436934  -0.0057899      -9.809 
               87.82 -0.0484195  0.0484638 -0.0566048  -0.0497494  -0.0278932 -0.00261473 0 0 0   -0.011 -0.02329  0.04412 -0.0073535  0.0363506 -0.0010163  3.95647e-05 -8.17254e-05 -0.000238489   0.00989161 -9.34442e-06   0.00453441 -0.00426891 -0.00573121      -9.809 
              87.922 -0.0394899  0.0372534  0.0538538  -0.0490541  -0.0312374 -0.00206072 0 0 0   -0.011 -0.02329  0.04412 -0.00637314   0.0213041  0.00087146  3.43912e-05  -7.5126e-05 -0.000299932  0.00983075 0.000392082  0.00446263 -0.00427182 -0.00581311      -9.809 
               88.02 -0.0486965  0.0541259  0.0349741  -0.0517801  -0.0293432 -0.00153678 0 0 0   -0.011 -0.02329  0.04412 -0.0109767  0.0208868 0.00216962  3.93844e-05  -8.4251e-05 -0.000288407   0.0099461 0.000414793  0.00441075 -0.00429549 -0.00581319      -9.809 
              88.126 -0.0322795  0.0377212  0.0912388  -0.0459392  -0.0371577 -0.00221997 0 0 0   -0.011 -0.02329  0.04412 0.000733128 0.000582227 -0.00149332  2.98833e-05 -7.49489e-05 -0.000319001   0.0095934 0.000941961  0.00451626 -0.00424543 -0.00593035      -9.809 
               88.22 -0.0385507  0.0396382 0.00412225  -0.0497823  -0.0440565 -0.00221021 0 0 0   -0.011 -0.02329  0.04412 -0.00895126  -0.0149935 -0.00133298  3.29386e-05 -7.56303e-05   -0.0002697 0.00982409 0.00136835 0.00450076 -0.00430638 -0.00600532      -9.809 
              88.321 -0.0394838  0.0328409 0.00863633  -0.0462892  -0.0438949 -0.00301956 0 0 0   -0.011 -0.02329  0.04412 -0.000390264   -0.0107258  -0.00399721  3.34903e-05 -7.19526e-05 -0.000271343 0.00957536 0.00124448 0.00457373 -0.00425318 -0.00599039      -9.809 
              88.421  -0.036344  0.0468126 -0.0038971  -0.0493164   -0.049064 -0.00313577 0 0 0   -0.011 -0.02329  0.04412 -0.00770711  -0.0202953 -0.00336951  3.13547e-05 -7.90983e-05 -0.000263676 0.00975187  0.0015019 0.00454341 -0.00429693 -0.00603399      -9.809 
               88.52 -0.0379148  0.0480126  0.0768762   -0.053527  -0.0451509 -0.00175062 0 0 0   -0.011 -0.02329  0.04412  -0.0145531 -0.00781176  0.00266375  3.24685e-05 -7.93506e-05 -0.000307327 0.00993001 0.00117381 0.00434482 -0.00431976 -0.00596373      -9.809 
              88.627  -0.0369817   0.0453815 -0.00548023  -0.0553656  -0.0437551 -0.00102311 0 0 0   -0.011 -0.02329  0.04412  -0.0153009 -0.00309831  0.00387399  3.18613e-05 -7.76591e-05   -0.0002602 0.00993555  0.0010466 0.00429525 -0.00431627 -0.00593892      -9.809 
               88.72 -0.0497988  0.0490428 -0.0189009  -0.0475606    -0.04691 -0.00144485 0 0 0   -0.011 -0.02329  0.04412  0.00281941 -0.00779439 0.000781181  3.88573e-05 -7.95607e-05 -0.000251808 0.00943837 0.00116224 0.00438328 -0.00422439 -0.00597945      -9.809 
               88.82 -0.0286496  0.0517815  0.0154525  -0.0457535  -0.0516801 -0.00296333 0 0 0   -0.011 -0.02329  0.04412  0.00499768  -0.0166622 -0.00528626  2.69354e-05 -8.08837e-05 -0.000270265 0.00936309 0.00138542  0.0045663 -0.00421784 -0.00602507      -9.809 
              88.923 -0.0267902  0.0393803 -0.0354343 -0.0530382 -0.0509699  -0.002667 0 0 0   -0.011 -0.02329  0.04412  -0.0113828  -0.0128044 -0.00247854  2.58389e-05 -7.36241e-05 -0.000241119 0.00978306 0.00128826  0.0044656 -0.00429493 -0.00599113      -9.809 
               89.02 -0.0422205  0.0467258 -0.0735538  -0.0448599  -0.0373063 -0.00222627 0 0 0   -0.011 -0.02329  0.04412   0.00951491    0.0215065 -3.74135e-05   3.4687e-05 -7.77256e-05 -0.000219185  0.00923731 0.000355837   0.0043753 -0.00415741 -0.00583322      -9.809 
               89.12 -0.0365819  0.0461397 -0.0634639  -0.0451005  -0.0363179 -0.00252566 0 0 0   -0.011 -0.02329  0.04412  0.00648914   0.0187567 -0.00139727  3.14411e-05  -7.7106e-05 -0.000223967  0.00930276 0.000430548  0.00440796 -0.00417254 -0.00584502      -9.809 
              89.221 -0.0362145  0.0507324  0.0236042   -0.037846  -0.0422462 -0.00238461 0 0 0   -0.011 -0.02329  0.04412    0.0179326   0.00276009 -0.000786934  3.07126e-05 -7.96193e-05  -0.00027059  0.00897563 0.000846114  0.00437838 -0.00412523 -0.00593571      -9.809 
              89.324 -0.0311863  0.0463965   -0.12864  -0.0289146  -0.0473704 -0.00231152 0 0 0   -0.011 -0.02329  0.04412    0.0306956  -0.00798388 -0.000628635    2.753e-05 -7.73281e-05 -0.000185729 0.00861511 0.00111516 0.00436268 -0.00406658 -0.00599969      -9.809 
               89.42 -0.0371856  0.0345607 -0.0919677  -0.0301319  -0.0474284 -0.00212672 0 0 0   -0.011 -0.02329  0.04412    0.0216436  -0.00704465 -1.30072e-05  3.07479e-05 -7.04389e-05 -0.000205151 0.00883674  0.0010965 0.00433307 -0.00410774 -0.00598808      -9.809 
               89.52 -0.0463611  0.0493341 -0.0723554  -0.0315581  -0.0423355 -0.00198992 0 0 0   -0.011 -0.02329  0.04412   0.0152837   0.0051444 0.000291682  3.59236e-05 -7.80202e-05 -0.000215146  0.00900723 0.000783811  0.00431326 -0.00412862 -0.00592323      -9.809 
               89.62 -0.0382526  0.0394712  0.0114558  -0.0467054  -0.0330357 -0.00248167 0 0 0   -0.011 -0.02329  0.04412  -0.0162521   0.0211436 -0.00168589  3.18298e-05 -7.16747e-05 -0.000259922   0.0098329 0.000386639  0.00436466 -0.00426917 -0.00581872      -9.809 
              89.723 -0.0265706  0.0376142 -0.0763107  -0.0513977  -0.0341538 -0.00243625 0 0 0   -0.011 -0.02329  0.04412  -0.0235177   0.0134338 -0.00125917  2.51796e-05 -7.04047e-05  -0.00021055  0.00999822 0.000587419   0.0043412 -0.00430721 -0.00585005      -9.809 
              89.821 -0.0413501  0.0380638  0.0676723  -0.0552992  -0.0333199 -0.00312136 0 0 0   -0.011 -0.02329  0.04412  -0.0275525   0.0122673 -0.00357256  3.33271e-05  -7.0385e-05 -0.000289405   0.0100849 0.000625515  0.00440367 -0.00432467 -0.00585395      -9.809 
              89.924 -0.0336141  0.0490809  0.0912692 -0.0500693 -0.0358996 -0.0032228 0 0 0   -0.011 -0.02329  0.04412  -0.0125404  0.00537269 -0.00290135  2.89003e-05 -7.63197e-05 -0.000301686  0.00967135 0.000790217  0.00437097 -0.00425385 -0.00589944      -9.809 
               90.02 -0.0379902  0.0543859   0.132655  -0.0387134  -0.0470832 -0.00222296 0 0 0   -0.011 -0.02329  0.04412 0.00990734 -0.0175113 0.00125618  3.13874e-05 -7.89759e-05 -0.000323977 0.00905261 0.00137639 0.00422926 -0.00416006 -0.00602978      -9.809 
              90.123 -0.0356762  0.0446506   0.125482  -0.0326193  -0.0556864 -0.00322102 0 0 0   -0.011 -0.02329  0.04412   0.0183559  -0.0315428 -0.00313169    3.009e-05 -7.32769e-05 -0.000319052 0.00880321 0.00173749 0.00435871 -0.00412654 -0.00610497      -9.809 
              90.223 -0.0365926  0.0485886    0.14373  -0.0380412  -0.0519937 -0.00218508 0 0 0   -0.011 -0.02329  0.04412 0.00449697 -0.0181088 0.00153552  3.05224e-05 -7.52012e-05 -0.000328026 0.00917213 0.00138609 0.00419926 -0.00418232 -0.00602776      -9.809 
              90.324  -0.0482484   0.0514986 -0.00475349 -0.0355033 -0.0546222 -0.0020871 0 0 0   -0.011 -0.02329  0.04412 0.00816601 -0.0190835 0.00103378  3.67689e-05 -7.66772e-05 -0.000245315 0.00906291 0.00141349 0.00420443 -0.00416329 -0.00603651      -9.809 
              90.422 -0.0369252  0.0310459 -0.0791304   -0.0477487   -0.0552883 -0.000597941 0 0 0   -0.011 -0.02329  0.04412  -0.018932 -0.0193748 0.00572069  3.02426e-05 -6.48291e-05  -0.00020304 0.00976312 0.00143774 0.00404749 -0.00429153 -0.00601726      -9.809 
               90.52 -0.0253938  0.0341762 -0.0670753  -0.0431662  -0.0560808 -0.00127717 0 0 0   -0.011 -0.02329  0.04412 -0.00630407  -0.0160754  0.00102661  2.38846e-05 -6.65078e-05 -0.000209058 0.00940872 0.00132821 0.00418634 -0.00422363 -0.00600931      -9.809 
              90.622 -0.0305726  0.0530762 -0.0351901  -0.0373749    -0.05084 -0.00172449 0 0 0   -0.011 -0.02329  0.04412  0.00798138 0.000162499 -0.00110632  2.69632e-05 -7.69596e-05  -0.00022601  0.00903161 0.000878213  0.00424257 -0.00414065 -0.00594073      -9.809 
              90.725 -0.0404164  0.0468316  -0.105217  -0.0357817  -0.0546753 -0.00326822 0 0 0   -0.011 -0.02329  0.04412  0.00818055 -0.00788235 -0.00640667  3.23172e-05 -7.32572e-05 -0.000186061   0.009006  0.0010951 0.00439892 -0.00414313 -0.00598061      -9.809 
               90.82 -0.0374602  0.0514428 -0.0267859  -0.0455801  -0.0557488 -0.00173729 0 0 0   -0.011 -0.02329  0.04412  -0.0138629  -0.0109942 0.000986068  3.06062e-05 -7.54902e-05 -0.000229255 0.00958548 0.00119453 0.00415482 -0.0042507 -0.0059787     -9.809 
              90.929 -0.0340323  0.0602718 -0.0100636  -0.0441748  -0.0537702 -0.00213708 0 0 0   -0.011 -0.02329  0.04412 -0.00764892 -0.00382677 -0.00103322     2.86e-05 -8.02208e-05 -0.000237942  0.00941734 0.000991934  0.00420814 -0.00421378 -0.00594827      -9.809 
              91.023 -0.0337353  0.0406276   -0.16002  -0.0468631  -0.0470877 -0.00213327 0 0 0   -0.011 -0.02329  0.04412  -0.0108661   0.0111077 -0.00080618  2.83452e-05 -6.90427e-05 -0.000153527  0.00949515 0.000589166  0.00419113 -0.00421421 -0.00587393      -9.809 
               91.12 -0.0421543  0.0464656 -0.0044598  -0.0466298   -0.050099 -0.00314039 0 0 0   -0.011 -0.02329  0.04412  -0.0094388  0.00270453 -0.00442871      3.3e-05 -7.20713e-05 -0.000240204  0.00943731 0.000817702  0.00429674 -0.00421156 -0.00591646      -9.809 
               91.22  -0.0356034   0.0513095 -0.00519607  -0.0532669  -0.0431551 -0.00183775 0 0 0   -0.011 -0.02329  0.04412 -0.0200387  0.0157868 0.00162233  2.95286e-05 -7.43713e-05 -0.000239101  0.00972284 0.000470676  0.00409364 -0.00425059 -0.00584528      -9.809 
              91.321 -0.0368671  0.0441088  0.0673345  -0.0525641   -0.041146 -0.00173916 0 0 0   -0.011 -0.02329  0.04412 -0.0151264   0.017253 0.00114099  3.02161e-05 -7.03156e-05  -0.00027809  0.00957457 0.000426815  0.00409893 -0.00422291 -0.00584264      -9.809 
              91.421 -0.0297843   0.042739 -0.0957128  -0.0500342  -0.0453787 -0.00235617 0 0 0   -0.011 -0.02329  0.04412 -0.00845968  0.00489698 -0.00183801  2.58824e-05 -6.95203e-05 -0.000186803 0.00937024 0.00074812 0.00418284 -0.00419759 -0.00590605      -9.809 
              91.525 -0.0434359  0.0445557  0.0144566  -0.0483776  -0.0398954 -0.00343225 0 0 0   -0.011 -0.02329  0.04412 -0.00315519   0.0159365  -0.0050902  3.36426e-05 -7.03811e-05 -0.000247793 0.00922081 0.00045248 0.00427389 -0.00416161  -0.0058593      -9.809 
               91.62 -0.0399674  0.0477208   0.074435  -0.0445067  -0.0424666 -0.00240258 0 0 0   -0.011 -0.02329  0.04412   0.00422544    0.0078252 -1.41618e-05  3.15239e-05 -7.19851e-05 -0.000280573  0.00900555 0.000665102  0.00410333 -0.00413096 -0.00590368      -9.809 
               91.72 -0.0324293  0.0451434  0.0083985    -0.05502  -0.0321511 -0.00275984 0 0 0   -0.011 -0.02329  0.04412  -0.0166616   0.0264401 -0.00134732  2.73404e-05 -7.01681e-05 -0.000242766  0.00956861 0.000176256  0.00413612  -0.0042132 -0.00579979      -9.809 
               91.82 -0.0496627   0.050638  -0.056276  -0.0500551  -0.0261326 -0.00253797 0 0 0   -0.011 -0.02329  0.04412  -0.00282942    0.0353754 -0.000313424  3.68999e-05 -7.32098e-05 -0.000206039   0.00919057 -6.58974e-05    0.0040928 -0.00413981 -0.00577027      -9.809 
              91.923 -0.0413593  0.0343126  0.0286398  -0.0480293  -0.0294778 -0.00200956 0 0 0   -0.011 -0.02329  0.04412 -0.000116113    0.0207152   0.00126034  3.20046e-05 -6.38187e-05 -0.000253171  0.00908387 0.000329394   0.0040324 -0.00413396 -0.00584215      -9.809 
              92.025 -0.0524781  0.0543715  0.0257479  -0.0489994  -0.0252461 -0.00169927 0 0 0   -0.011 -0.02329  0.04412 -0.00182096   0.0255749   0.0017023  3.81565e-05 -7.48055e-05 -0.000250668  0.00912872 0.000209126  0.00400864 -0.00413789 -0.00581996      -9.809 
               92.12 -0.0332235  0.0372955  0.0806711  -0.0430066  -0.0336364 -0.00227994 0 0 0   -0.011 -0.02329  0.04412  0.00833996  0.00301131 -0.00142426   2.7057e-05  -6.5237e-05 -0.000280351  0.00881858 0.000806686  0.00409976 -0.00410342 -0.00593264      -9.809 
              92.227 -0.0387431  0.0370082  0.0104742  -0.0468633  -0.0406455 -0.00224624 0 0 0   -0.011 -0.02329  0.04412 -0.00300505  -0.0132224 -0.00115582  2.97798e-05 -6.47439e-05 -0.000240357 0.00909635 0.00125509 0.00408099 -0.00416507 -0.00600045      -9.809 
              92.321 -0.0399339  0.0422725  0.0387022  -0.0424676  -0.0430576 -0.00283888 0 0 0   -0.011 -0.02329  0.04412  0.00615536  -0.0150334 -0.00314761  3.03289e-05 -6.75598e-05 -0.000255294 0.00883444 0.00129581 0.00413508 -0.00412162 -0.00601576      -9.809 
              92.421   -0.0365611    0.0405733 -0.000795384  -0.0458792  -0.0495681 -0.00278907 0 0 0   -0.011 -0.02329  0.04412 -0.00357619  -0.0268651 -0.00221371  2.81992e-05 -6.63193e-05 -0.000232679 0.00907563 0.00162012 0.00409599 -0.00417269 -0.00606323      -9.809 
              92.522 -0.035279 0.0461421 0.0396448  -0.0484319  -0.0498343 -0.00174161 0 0 0   -0.011 -0.02329  0.04412 -0.00816431  -0.0219858  0.00213631  2.75312e-05 -6.90925e-05 -0.000254195 0.00919145 0.00148669 0.00394868 -0.00418826 -0.00603699      -9.809 
               92.62 -0.0385398   0.042745 -0.0236942 -0.0479701 -0.0493621 -0.0010962 0 0 0   -0.011 -0.02329  0.04412 -0.00565332  -0.0159309  0.00343677  2.93465e-05 -6.70772e-05 -0.000218148 0.00911205 0.00131903 0.00389796  -0.0041697 -0.00601119      -9.809 
              92.724 -0.0461994  0.0431424 -0.0181582  -0.0425756  -0.0497217 -0.00172589 0 0 0   -0.011 -0.02329  0.04412   0.00618547   -0.0120886 -0.000255603  3.35448e-05 -6.73662e-05 -0.000220542 0.00878029 0.00120922 0.00400487 -0.00411042 -0.00600311      -9.809 
              92.823 -0.0240631  0.0561822  0.0194524  -0.0421486  -0.0531921 -0.00344559 0 0 0   -0.011 -0.02329  0.04412  0.00532058    -0.01762 -0.00660689  2.12136e-05 -7.42455e-05 -0.000240385 0.00879587 0.00134492 0.00419444 -0.00411715 -0.00602535      -9.809 
              92.924  -0.0293423   0.0375299 -0.00856245   -0.046846  -0.0511678 -0.00293809 0 0 0   -0.011 -0.02329  0.04412 -0.00563416  -0.0102052 -0.00257969  2.41813e-05 -6.36351e-05 -0.000224333 0.00907584 0.00114869 0.00405852 -0.00415803 -0.00598383      -9.809 
              93.021 -0.0436629  0.0422646 -0.0759419 -0.0387823 -0.0405772 -0.0025788 0 0 0   -0.011 -0.02329  0.04412     0.013385    0.0167827 -0.000409664 3.24484e-05 -6.6501e-05 -0.00018749  0.00857296 0.000418345  0.00398059  -0.0040519 -0.00587798      -9.809 
              93.127 -0.0345304  0.0463153 -0.0473975  -0.0436146  -0.0370917 -0.00231129 0 0 0   -0.011 -0.02329  0.04412 0.000890783   0.0194496 0.000432787  2.74691e-05  -6.8247e-05 -0.000202357   0.0088969 0.000353054  0.00394517  -0.0041038 -0.00585704      -9.809 
              93.221 -0.0414754  0.0466981 -0.0105087  -0.0471527  -0.0369114 -0.00175321 0 0 0   -0.011 -0.02329  0.04412 -0.00706253   0.0152875  0.00206757  3.12556e-05 -6.82035e-05 -0.000222036  0.00909393 0.000472365  0.00388652 -0.0041401 -0.0058706     -9.809 
              93.319 -0.0302786  0.0491236  -0.137598  -0.0381031  -0.0437562 -0.00214603 0 0 0   -0.011 -0.02329  0.04412    0.0104679  -0.00133499 -0.000470479  2.49955e-05  -6.9344e-05 -0.000150438 0.00860718 0.00089475 0.00395737 -0.00407254 -0.00595541      -9.809 
              93.421  -0.036127  0.0355038 -0.0504952  -0.0397259  -0.0417783 -0.00212803 0 0 0   -0.011 -0.02329  0.04412   0.00479123   0.00279412 -0.000445974  2.81634e-05  -6.1551e-05 -0.000198608  0.00874143 0.000787895  0.00394668 -0.00409138 -0.00593367      -9.809 
              93.522 -0.0462865  0.0482578 -0.0477005  -0.0406301  -0.0382323 -0.00243308 0 0 0   -0.011 -0.02329  0.04412  0.00234385  0.00986327 -0.00156757  3.35847e-05 -6.84184e-05  -0.00019947 0.00880362 0.00060572  0.0039729   -0.004096 -0.00590192      -9.809 
               93.62  -0.0385496   0.0480436 0.000123423  -0.0510066  -0.0334577 -0.00277255 0 0 0   -0.011 -0.02329  0.04412  -0.0180515   0.0161652 -0.00241256  2.92614e-05 -6.81408e-05 -0.000224944  0.00934264 0.000451657   0.0039908 -0.00417945 -0.00585987      -9.809 
              93.724 -0.0289909  0.0346155 -0.0481722  -0.0555584  -0.0338293 -0.00213941 0 0 0   -0.011 -0.02329  0.04412  -0.0244832   0.0112015 0.000413087  2.38714e-05 -6.05523e-05 -0.000197695  0.00948975 0.000583496  0.00389299 -0.00420746  -0.0058767      -9.809 
               93.82 -0.0435107   0.039148   0.104711  -0.0578443  -0.0335729 -0.00263843 0 0 0   -0.011 -0.02329  0.04412  -0.0250925  0.00960072 -0.00178865  3.17725e-05 -6.27877e-05 -0.000280601   0.0094897 0.000632024  0.00395354 -0.00420891 -0.00588456      -9.809 
              93.921 -0.0335988  0.0484435   0.106678  -0.0508262  -0.0378631 -0.00287915 0 0 0   -0.011 -0.02329  0.04412  -0.0071705 1.00519e-05 -0.00227818  2.61758e-05 -6.78472e-05 -0.000280869  0.00899271 0.000870505  0.00395896  -0.0041357 -0.00593847      -9.809 
              94.024 -0.0365574  0.0513174   0.143255  -0.0397774   -0.048648 -0.00234602 0 0 0   -0.011 -0.02329  0.04412   0.0137957  -0.0206196 3.35918e-05  2.75993e-05 -6.93067e-05 -0.000300042 0.00840862 0.00140637 0.00387706 -0.00405747 -0.00604265      -9.809 
               94.12 -0.036822 0.0456789  0.123905  -0.0316647  -0.0579896 -0.00332944 0 0 0   -0.011 -0.02329  0.04412    0.025893   -0.035532 -0.00390139  2.74203e-05 -6.61929e-05 -0.000288564 0.00806425 0.00179327 0.00399133 -0.00401341  -0.0061151      -9.809 
              94.222 -0.035087 0.0489265  0.153613  -0.0356363  -0.0529258 -0.00254234 0 0 0   -0.011 -0.02329  0.04412   0.0139229  -0.0181118 0.000239834  2.65199e-05 -6.77104e-05 -0.000304252 0.00838776 0.00133038  0.0038528 -0.00405199 -0.00603147      -9.809 
               94.32 -0.0521398  0.0558524  0.0303644  -0.0300241  -0.0595242 -0.00200899 0 0 0   -0.011 -0.02329  0.04412  0.0212644  -0.027307 0.00175849  3.59517e-05 -7.14516e-05 -0.000234167 0.00818122  0.0015794 0.00379579 -0.00402603 -0.00607721      -9.809 
               94.42 -0.0403689  0.0406778 -0.0593988  -0.0410768  -0.0586899 -0.00065666 0 0 0   -0.011 -0.02329  0.04412 -0.00523426  -0.0226001  0.00574155  2.93384e-05 -6.28558e-05 -0.000183888 0.00888099 0.00146704 0.00366113 -0.00413411 -0.00603933      -9.809 
              94.521 -0.0220628  0.0338012 -0.0352121  -0.0367503  -0.0622796 -0.00104212 0 0 0   -0.011 -0.02329  0.04412 0.00373216 -0.0249915  0.0020577  1.91665e-05 -5.89637e-05 -0.000196628  0.0086197 0.00151073 0.00376889 -0.00409392 -0.00605368      -9.809 
              94.624  -0.030337  0.0562679 -0.0346576   -0.032591  -0.0540482 -0.00188087 0 0 0   -0.011 -0.02329  0.04412    0.0135208 -0.000849824  -0.00171624  2.39388e-05 -7.13869e-05 -0.000196259  0.00836749 0.000847953  0.00387825 -0.00403576 -0.00595631      -9.809 
               94.72 -0.0406696  0.0433472 -0.0678473  -0.0327309   -0.056066 -0.00324733 0 0 0   -0.011 -0.02329  0.04412    0.009591 -0.00528985 -0.00623522  2.94771e-05 -6.40068e-05 -0.000177316  0.00845646 0.000972934  0.00401222 -0.00405323 -0.00597338      -9.809 
              94.825 -0.0432972  0.0474284 0.00891067  -0.042983 -0.0523325 -0.0016565 0 0 0   -0.011 -0.02329  0.04412  -0.012359 0.00143024 0.00141545  3.09321e-05 -6.55653e-05 -0.000218531  0.00904279 0.000809485  0.00376221 -0.00414078 -0.00593089      -9.809 
              94.923 -0.0375299  0.0573997  0.0251611  -0.0432491  -0.0497781 -0.00232338 0 0 0   -0.011 -0.02329  0.04412   -0.010047  0.00683803 -0.00167657  2.77991e-05 -7.09046e-05 -0.000226754 0.00897941 0.00065992  0.0038502 -0.00412663  -0.0059094      -9.809 
               95.02 -0.0348191  0.0406245   -0.14836  -0.0473763  -0.0421332 -0.00244814 0 0 0   -0.011 -0.02329  0.04412  -0.0155837   0.0213927 -0.00165967  2.63557e-05 -6.14578e-05 -0.000130608 0.00912053 0.00026967 0.00384096  -0.0041376 -0.00584465      -9.809 
              95.121 -0.0401888  0.0422819  0.0306599  -0.0445584  -0.0492136 -0.00351337 0 0 0   -0.011 -0.02329  0.04412 -0.00901797  0.00264896  -0.0051907  2.90918e-05 -6.22396e-05 -0.000229227    0.008917 0.000771373  0.00394207 -0.00412017 -0.00592831      -9.809 
               95.22    -0.037379    0.0492959 -0.000975355  -0.0523548   -0.042669 -0.00197273 0 0 0   -0.011 -0.02329  0.04412  -0.022168  0.0147164 0.00193648  2.75381e-05 -6.57965e-05 -0.000211001  0.00927058 0.000454736  0.00370858 -0.00416596 -0.00586911      -9.809 
               95.32 -0.0337349  0.0436447   0.085279  -0.0529991  -0.0414223 -0.00169417 0 0 0   -0.011 -0.02329  0.04412 -0.0195991   0.014521 0.00202296  2.54969e-05 -6.25235e-05 -0.000257505  0.00918629 0.000455576  0.00369744 -0.00415298  -0.0058717      -9.809 
              95.424 -0.0273858  0.0453188 -0.0681083  -0.0527034  -0.0436864 -0.00139566 0 0 0   -0.011 -0.02329  0.04412 -0.0159861 0.00661018 0.00204226  2.17674e-05 -6.33504e-05 -0.000171315  0.00907104 0.000659511  0.00368826   -0.004141 -0.00590632      -9.809 
               95.53 -0.0443676  0.0364556  0.0387488  -0.0513623  -0.0419302 -0.00306827 0 0 0   -0.011 -0.02329  0.04412  -0.0103983  0.00942141 -0.00469535   3.1103e-05 -5.82771e-05 -0.000229626  0.00890152 0.000586185  0.00389126 -0.00411295 -0.00589994      -9.809 
              95.621 -0.0394064  0.0506855   0.073388  -0.0470652  -0.0441853 -0.00249455 0 0 0   -0.011 -0.02329  0.04412 -0.000477924   0.00353086  -0.00135564  2.82411e-05  -6.5927e-05 -0.000247556   0.0086253 0.000737451  0.00377827  -0.004075 -0.0059309     -9.809 
               95.72 -0.0330328  0.0450406 0.00959396  -0.0575522  -0.0329648 -0.00302626 0 0 0   -0.011 -0.02329  0.04412  -0.0202094   0.0251798 -0.00280173  2.51412e-05 -6.23505e-05  -0.00021229  0.00915675 0.000166048  0.00381482 -0.00414012 -0.00582899      -9.809 
              95.822 -0.0492634  0.0484861 -0.0816887  -0.0514057  -0.0259461 -0.00279766 0 0 0   -0.011 -0.02329  0.04412 -0.00293096   0.0368016  -0.0011684  3.41667e-05 -6.43987e-05   -0.0001613   0.00869022 -0.000146517   0.00375487  -0.0040609 -0.00579475      -9.809 
              95.921 -0.0396495  0.0357451  0.0611586  -0.0482033  -0.0312389 -0.00209886 0 0 0   -0.011 -0.02329  0.04412 0.00197989  0.0178631 0.00134225  2.86519e-05 -5.71029e-05 -0.000240593  0.00852793 0.000358265  0.00366785 -0.00405009 -0.00587549      -9.809 
              96.021 -0.0528125  0.0480143   0.060264  -0.052767 -0.0281797 -0.0014099 0 0 0   -0.011 -0.02329  0.04412 -0.00763156   0.0201756  0.00313357  3.58163e-05  -6.3599e-05 -0.000239282  0.00878054 0.000312867  0.00360344 -0.00408691 -0.00586162      -9.809 
              96.121 -0.0329378  0.0398959  0.0932656  -0.0467528  -0.0368436 -0.00205717 0 0 0   -0.011 -0.02329  0.04412   0.00377591  -0.00163732 -0.000699095  2.45762e-05 -5.90619e-05 -0.000256807  0.00844534 0.000885372  0.00371602 -0.00405199 -0.00595674      -9.809 
               96.22 -0.0385442  0.0361023  0.0102206  -0.0495863  -0.0432966 -0.00218028 0 0 0   -0.011 -0.02329  0.04412 -0.00439254  -0.0155047  -0.0012134  2.75693e-05 -5.67724e-05 -0.000209586 0.00864118 0.00126467 0.00372393 -0.00409139 -0.00600806      -9.809 
              96.321 -0.0412439  0.0483516  0.0299397  -0.0447934  -0.0448823 -0.00296012 0 0 0   -0.011 -0.02329  0.04412  0.00612062  -0.0147143 -0.00376142   2.8976e-05 -6.34072e-05  -0.00021978 0.00834959 0.00123566 0.00379585 -0.00404716 -0.00601166      -9.809 
               96.42 -0.0360625  0.0411888 0.00163264  -0.0472793  -0.0502128 -0.00283767 0 0 0   -0.011 -0.02329  0.04412 -0.00141137  -0.0238552 -0.00230323  2.58724e-05 -5.91967e-05 -0.000203723 0.00853474 0.00148399 0.00374182 -0.00408119 -0.00604352      -9.809 
               96.52 -0.0342416  0.0490995  0.0389232  -0.0495322  -0.0496981 -0.00165005 0 0 0   -0.011 -0.02329  0.04412 -0.00565315  -0.0179483  0.00262658  2.49081e-05 -6.33262e-05 -0.000223696 0.00864505 0.00132235 0.00357952 -0.00409331 -0.00601667      -9.809 
              96.625 -0.0367375  0.0432797 -0.0260954  -0.0492248   -0.048992 -0.00122977 0 0 0   -0.011 -0.02329  0.04412 -0.00390731  -0.0121872  0.00289387  2.62389e-05 -5.99007e-05 -0.000186437 0.00858644 0.00116254 0.00356211 -0.00408049 -0.00599469      -9.809 
               96.72 -0.0447551  0.0488135 -0.0254385  -0.0425234  -0.0496599 -0.00200299 0 0 0   -0.011 -0.02329  0.04412   0.0104123 -0.00991985 -0.00105157  3.06254e-05 -6.28406e-05 -0.000186192 0.00819138 0.00109406 0.00367922 -0.00402057 -0.00599519      -9.809 
               96.82 -0.0281975  0.0582654  0.0381976   -0.040523  -0.0532022 -0.00350217 0 0 0   -0.011 -0.02329  0.04412   0.0119587  -0.0157152 -0.00630845  2.13111e-05 -6.79307e-05   -0.0002212 0.00814399 0.00124101 0.00383878 -0.00401745 -0.00601795      -9.809 
              96.921  -0.032424  0.0392668 0.00451494  -0.0450919  -0.0510869 -0.00277619 0 0 0   -0.011 -0.02329  0.04412 1.34002e-05 -0.00852332 -0.00154465  2.36341e-05 -5.70951e-05 -0.000201803 0.00845747 0.00104916 0.00367816 -0.00405825 -0.00598161      -9.809 
               97.02 -0.0454559  0.0424907 -0.0528104  -0.0424201  -0.0355103 -0.00268996 0 0 0   -0.011 -0.02329  0.04412   0.00751633    0.0280065 -0.000574113  3.11667e-05 -5.88348e-05 -0.000168965  0.00826079 4.87939e-05  0.00363743 -0.00400353 -0.00584149      -9.809 
               97.12 -0.0336549  0.0487831 -0.0459987   -0.046816  -0.0345332 -0.00256218 0 0 0   -0.011 -0.02329  0.04412  -0.00330368    0.0231314 -0.000170965  2.44856e-05 -6.19177e-05 -0.000172152  0.00854722 0.000187152  0.00361668 -0.00404873 -0.00585388      -9.809 
              97.221 -0.0338859  0.0486689  0.0322922  -0.0405865  -0.0433502 -0.00205484 0 0 0   -0.011 -0.02329  0.04412   0.00750613 -0.000242264   0.00133967  2.38485e-05 -6.18637e-05 -0.000214034  0.00822898 0.000817749  0.00356134 -0.00401909 -0.00595341      -9.809 
               97.32 -0.0377015   0.049363  -0.139003   -0.037509  -0.0463809 -0.00221749 0 0 0   -0.011 -0.02329  0.04412   0.0114205 -0.00647789 2.32193e-05   2.5624e-05 -6.22162e-05 -0.000118968  0.00811075 0.000984612  0.00359465 -0.00400638 -0.00598058      -9.809 
               97.42 -0.0341186  0.0323232 -0.0601673  -0.0392999  -0.0446955 -0.00194162 0 0 0   -0.011 -0.02329  0.04412  0.00526391 -0.00192191 0.000812956  2.36666e-05 -5.23859e-05 -0.000162581  0.00826099 0.000860466  0.00356156 -0.00402475 -0.00595876      -9.809 
               97.52 -0.0461167  0.0482621 -0.0490783  -0.0404722  -0.0388188 -0.00205413 0 0 0   -0.011 -0.02329  0.04412   0.00275544    0.0111773 -9.87827e-06  3.04193e-05 -6.09102e-05 -0.000168176  0.00833179 0.000511287  0.00357934 -0.00402577 -0.00590697      -9.809 
               97.62  -0.045591  0.0373273 0.00788648  -0.0507341   -0.032737 -0.00268777 0 0 0   -0.011 -0.02329  0.04412  -0.0173874   0.0201206 -0.00239663  3.02811e-05 -5.42745e-05 -0.000198636 0.00886682 0.00028542 0.00364627  -0.0040963 -0.00586042      -9.809 
              97.721 -0.0309956  0.0369757 -0.0490817  -0.0587272  -0.0313845 -0.00234999 0 0 0   -0.011 -0.02329  0.04412   -0.0305117    0.0174989 -0.000574811  2.20499e-05 -5.36763e-05 -0.000166562  0.00920446 0.000359196  0.00358163  -0.0041463 -0.00586183      -9.809 
              97.828 -0.0405631  0.0319902  0.0800135  -0.0602826  -0.0289824 -0.00305044 0 0 0   -0.011 -0.02329  0.04412  -0.0277945   0.0190536 -0.00302845  2.73723e-05 -5.07246e-05 -0.000238114  0.00911059 0.000318959  0.00364988 -0.00413193 -0.00585865      -9.809 
              97.926 -0.0333615  0.0528679  0.0798004  -0.0538153  -0.0327556 -0.00313308 0 0 0   -0.011 -0.02329  0.04412  -0.0104415  0.00847778 -0.00250873  2.31635e-05 -6.23542e-05 -0.000237206  0.00862954 0.000590685  0.00362477 -0.00407099 -0.00590976      -9.809 
              98.029 -0.0387334  0.0467059   0.142391  -0.0407401   -0.044415 -0.00236506 0 0 0   -0.011 -0.02329  0.04412   0.0147451   -0.015224 0.000712451   2.6009e-05 -5.88615e-05 -0.000271553 0.00792087 0.00121802 0.00351431 -0.00398722 -0.00601663      -9.809 
              98.122 -0.0380587  0.0454652   0.123996  -0.0331916  -0.0544341 -0.00325081 0 0 0   -0.011 -0.02329  0.04412  0.0254537 -0.0330127 -0.0030926  2.55635e-05 -5.80295e-05 -0.000260405 0.00761119 0.00169333 0.00362846 -0.00395564 -0.00609126      -9.809 
              98.225 -0.0348828  0.0496982   0.153418   -0.039351  -0.0517059 -0.00233594 0 0 0   -0.011 -0.02329  0.04412 0.00860766 -0.0217454 0.00118641  2.37543e-05 -6.01827e-05 -0.000276016 0.00807207 0.00139049 0.00348317 -0.00401264 -0.00603724      -9.809 
              98.333  -0.0491765   0.0556542 -0.00817555  -0.0347029  -0.0587862 -0.00210067 0 0 0   -0.011 -0.02329  0.04412  0.0148419 -0.0306769 0.00127177  3.12493e-05 -6.33782e-05 -0.000187068 0.00789308 0.00163726 0.00347169 -0.00399363  -0.0060761      -9.809 
              98.429 -0.0397615  0.0399539 -0.0482737   -0.0470799   -0.0566008 -0.000329385 0 0 0   -0.011 -0.02329  0.04412 -0.0126623 -0.0225663 0.00701383  2.61008e-05 -5.40764e-05 -0.000164631 0.00863316 0.00142828 0.00328511  -0.0040914 -0.00602894      -9.809 
              98.529 -0.0235463   0.030125 -0.0633382    -0.041063   -0.0598158 -0.000794094 0 0 0   -0.011 -0.02329  0.04412 0.00122521 -0.0237378  0.0026404   1.6975e-05 -4.86093e-05 -0.000155739 0.00823479 0.00143897 0.00341425 -0.00403651 -0.00604014      -9.809 
              98.625  -0.030712  0.0520173 -0.0361169  -0.0354387  -0.0534436 -0.00170181 0 0 0   -0.011 -0.02329  0.04412   0.0141993  -0.0036943 -0.00162799  2.09102e-05 -6.07346e-05 -0.000170449  0.00788999 0.000881393  0.00354056 -0.00397566 -0.00597175      -9.809 
               98.73 -0.0418243  0.0435129 -0.0814291  -0.0356299  -0.0559774 -0.00336103 0 0 0   -0.011 -0.02329  0.04412  0.00987539 -0.00848335 -0.00704829  2.69392e-05  -5.5899e-05 -0.000145029 0.00799291 0.00101757 0.00370417 -0.00399307 -0.00598788      -9.809 
              98.828  -0.0419615   0.0449736 -0.00129782  -0.0433286  -0.0538433 -0.00157873 0 0 0   -0.011 -0.02329  0.04412 -0.00751015 -0.00388098  0.00159512  2.69988e-05 -5.62392e-05 -0.000187673  0.00845991 0.000903833   0.0034249 -0.00405444 -0.00596073      -9.809 
              98.924 -0.0338778  0.0557803  0.0274008  -0.0384463  -0.0520888 -0.00207818 0 0 0   -0.011 -0.02329  0.04412   0.00443467   0.00187902 -0.000974856   2.2519e-05 -6.21575e-05 -0.000202993  0.00813616 0.000735721  0.00349729 -0.00400603 -0.00594595      -9.809 
              99.032 -0.032587 0.0353852 -0.100163  -0.0402422  -0.0470207 -0.00236337 0 0 0   -0.011 -0.02329  0.04412 0.000254167   0.0117885 -0.00175158  2.17039e-05 -5.07361e-05 -0.000131927  0.00823638 0.000465514  0.00351318 -0.00401308 -0.00590674      -9.809 
              99.122 -0.0425147  0.0470708 -0.0273062  -0.0401641  -0.0514083 -0.00295257 0 0 0   -0.011 -0.02329  0.04412 -0.000958904  7.49079e-05  -0.00356133  2.70761e-05 -5.69647e-05 -0.000171427  0.00825634 0.000788154  0.00356257 -0.00402369 -0.00594991      -9.809 
               99.22  -0.0401708   0.0529887 -0.00221517  -0.0453198  -0.0444225 -0.00208937 0 0 0   -0.011 -0.02329  0.04412 -0.0100615   0.014039 0.00068242  2.56594e-05 -6.00723e-05 -0.000184798  0.00850653 0.000415237  0.00342148 -0.00404843 -0.00589329      -9.809 
              99.333 -0.0331267  0.0408839  0.0948784  -0.0445747  -0.0447314 -0.00197806 0 0 0   -0.011 -0.02329  0.04412 -0.00730529   0.0104116 0.000558926  2.17533e-05 -5.31845e-05 -0.000237759  0.00841298 0.000508123  0.00341688 -0.00403808 -0.00590814      -9.809 
              99.437 -0.0287678  0.0379575 -0.0950928  -0.0436608  -0.0489957 -0.00161056 0 0 0   -0.011 -0.02329  0.04412  -0.00540674 -0.000800405    0.0013417   1.9205e-05 -5.14749e-05 -0.000133524   0.0083403 0.000805941   0.0033847 -0.00403555 -0.00594989      -9.809 
               99.53 -0.0427764  0.0393213 0.00476582  -0.0449447  -0.0438925 -0.00286561 0 0 0   -0.011 -0.02329  0.04412 -0.00650746   0.0102907  -0.0036998  2.69208e-05 -5.20425e-05 -0.000187655  0.00836375 0.000510843  0.00353423 -0.00403156 -0.00590985      -9.809 
              99.624 -0.0359423  0.0479348  0.0381435  -0.0402197  -0.0486987 -0.00261688 0 0 0   -0.011 -0.02329  0.04412  0.00304813 -0.00138709 -0.00184105   2.3061e-05 -5.66268e-05 -0.000205358 0.00809199 0.00081887 0.00346893 -0.0040027 -0.0059576     -9.809 
              99.727 -0.0382128  0.0368227 0.00393922  -0.0533411    -0.03507 -0.00306368 0 0 0   -0.011 -0.02329  0.04412  -0.0224456   0.0260403 -0.00270179  2.43689e-05 -5.02856e-05 -0.000185982 0.00878106 9.2999e-05 0.00348789 -0.00407702  -0.0058443      -9.809 
              99.822 -0.0466849  0.0496477 -0.0831335  -0.0488957  -0.0281943 -0.00281596 0 0 0   -0.011 -0.02329  0.04412 -0.00808074   0.0373078 -0.00105126  2.88817e-05 -5.72399e-05 -0.000136812   0.00839172 -0.000213897   0.00342855 -0.00401821 -0.00581315      -9.809 
              99.928 -0.0384948  0.0341741  0.0219313  -0.0486161    -0.02962 -0.00209474 0 0 0   -0.011 -0.02329  0.04412 -0.00724871   0.0257824  0.00153976  2.44071e-05 -4.83659e-05 -0.000195369  0.00834309 9.94973e-05  0.00333863 -0.00401918 -0.00585568      -9.809 
             100.025 -0.0481814  0.0451617  0.0313028  -0.0490558  -0.0257129 -0.00159402 0 0 0   -0.011 -0.02329  0.04412 -0.00674576   0.0293568  0.00265955  2.96536e-05  -5.4273e-05 -0.000199859    0.008324 9.63131e-06  0.00329604 -0.00401456 -0.00584433      -9.809 
             100.141 -0.0303748  0.0357415  0.0805957  -0.0444167  -0.0315036 -0.00219427 0 0 0   -0.011 -0.02329  0.04412   0.00201581    0.0108719 -0.000776377  1.97799e-05 -4.88606e-05 -0.000226575  0.00805685 0.000502866   0.0033969 -0.00399103 -0.00591537      -9.809 
             100.227 -0.0388218  0.0354129  0.0174368  -0.0473552  -0.0376266 -0.00217637 0 0 0   -0.011 -0.02329  0.04412  -0.00604034  -0.00505879 -0.000756607  2.43412e-05 -4.85183e-05 -0.000190833  0.00825615 0.000945751  0.00339003 -0.00402733 -0.00596846      -9.809 
             100.321 -0.0381417  0.0445866  0.0384611  -0.0435818  -0.0402822 -0.00278255 0 0 0   -0.011 -0.02329  0.04412  0.00236016 -0.00916879 -0.00292386  2.39214e-05 -5.35108e-05 -0.000202196 0.00801625 0.00105156 0.00345154 -0.00399849 -0.00598788      -9.809 
              100.43 -0.0345875  0.0409705 -0.0105653  -0.0461253  -0.0449551 -0.00298708 0 0 0   -0.011 -0.02329  0.04412 -0.00439603  -0.0176971   -0.002818  2.18739e-05 -5.13843e-05 -0.000174467 0.00818492 0.00128578 0.00344014 -0.00402571 -0.00601433      -9.809 
             100.527 -0.0317451  0.0516762  0.0810771 -0.0470078 -0.0456851  -0.002011 0 0 0   -0.011 -0.02329  0.04412 -0.00538564  -0.0157703  0.00148258  2.02937e-05 -5.70812e-05 -0.000224322 0.00820895 0.00122776 0.00329695 -0.00402753 -0.00600629      -9.809 
              100.63 -0.0382722  0.0415743 0.00844742  -0.0472917  -0.0469446 -0.00146618 0 0 0   -0.011 -0.02329  0.04412 -0.00520121  -0.0148152  0.00262163  2.38488e-05 -5.13016e-05 -0.000183057 0.00818989 0.00120034 0.00325315 -0.00402446  -0.0060032      -9.809 
             100.735 -0.0376095  0.0541158 -0.0328899  -0.0397841  -0.0504105 -0.00167004 0 0 0   -0.011 -0.02329  0.04412   0.0105678  -0.0177711 0.000754697  2.33813e-05 -5.81487e-05 -0.000159973 0.00775191  0.0012696 0.00330449 -0.00396968 -0.00602215      -9.809 
             100.826 -0.021862 0.0420471 0.0110932  -0.0347144  -0.0565024 -0.00311782 0 0 0   -0.011 -0.02329  0.04412   0.0180601  -0.0275667 -0.00507634  1.45555e-05 -5.14345e-05  -0.00018358 0.00752999 0.00152037 0.00348021 -0.00394682  -0.0060593      -9.809 
             100.929 -0.0330176  0.0372308 -0.0103043  -0.0418325  -0.0539586 -0.00267531 0 0 0   -0.011 -0.02329  0.04412 -9.27338e-06   -0.0173283  -0.00163237  2.08016e-05 -4.85161e-05 -0.000170879 0.00801781  0.0012476 0.00336449 -0.00400306 -0.00601336      -9.809 
             101.025 -0.0424278   0.038821 -0.0917197 -0.0313915 -0.0447074 -0.0026079 0 0 0   -0.011 -0.02329  0.04412     0.02284  0.00861493 -0.00083948  2.57661e-05 -4.91624e-05 -0.000124806  0.00739235 0.000524509  0.00333079 -0.00390727  -0.0059358      -9.809 
              101.13 -0.0344311  0.0470483 -0.0653701   -0.036889  -0.0422414 -0.00272435 0 0 0   -0.011 -0.02329  0.04412  0.00718364   0.0106656 -0.00112849  2.12041e-05 -5.37563e-05 -0.000139183   0.0078188 0.000474263  0.00333267  -0.0039603 -0.00591965      -9.809 
             101.226 -0.0344626  0.0471469  0.0155828  -0.0361324   -0.048271 -0.00202659 0 0 0   -0.011 -0.02329  0.04412  0.00586203 -0.00485491  0.00148855  2.12885e-05 -5.36375e-05 -0.000183683  0.00784037 0.000902587  0.00324228 -0.00397269  -0.0059732      -9.809 
              101.33 -0.0370988   0.050819   -0.14347  -0.0334553  -0.0511222 -0.00197248 0 0 0   -0.011 -0.02329  0.04412  0.00936339 -0.00960714 0.000907795  2.25959e-05 -5.55876e-05 -9.48676e-05 0.00773598  0.0010305 0.00325345  -0.0039624 -0.00599171      -9.809 
             101.428 -0.0318845  0.0318801 -0.0699252   -0.035547  -0.0500839 -0.00194166 0 0 0   -0.011 -0.02329  0.04412  0.00309419 -0.00587439 0.000540031  1.96428e-05 -4.47694e-05 -0.000135719 0.00789185 0.00092528 0.00325787 -0.00397962  -0.0059749      -9.809 
             101.526 -0.0512663  0.0506762  0.0761729  -0.0315499  -0.0442427 -0.00220189 0 0 0   -0.011 -0.02329  0.04412     0.011353   0.00899071 -0.000698899  3.05479e-05 -5.51098e-05 -0.000216592  0.00766901 0.000517227  0.00328986 -0.00394238 -0.00592912      -9.809 
             101.657 -0.0456444  0.0376646 -0.0180828  -0.0474401  -0.0364924 -0.00250971 0 0 0   -0.011 -0.02329  0.04412  -0.0200029   0.0195989 -0.00153085   2.7338e-05 -4.74265e-05  -0.00016329  0.00852306 0.000247781  0.00330727 -0.00404299 -0.00587563      -9.809 
             101.724 -0.0314671  0.0363355 -0.0399916  -0.0555085  -0.0346212 -0.00213523 0 0 0   -0.011 -0.02329  0.04412  -0.0344817   0.0195659 0.000151904  1.93189e-05 -4.63379e-05 -0.000150437  0.00891318 0.000252042  0.00324934 -0.00409161 -0.00586714      -9.809 
              101.82 -0.0414502  0.0362509   0.127827  -0.0605783  -0.0320142 -0.00296144 0 0 0   -0.011 -0.02329  0.04412 -0.0385229  0.0209826 -0.0031137   2.4906e-05 -4.61047e-05 -0.000243508  0.00901002 0.000218891  0.00334661 -0.00410286 -0.00586081      -9.809 
             101.923 -0.0354902  0.0523961  0.0954783  -0.0559018   -0.034714 -0.00333283 0 0 0   -0.011 -0.02329  0.04412  -0.0220671   0.0120506 -0.00349346  2.14484e-05 -5.50346e-05 -0.000224989  0.00854627 0.000453609  0.00335054 -0.00405074 -0.00590038      -9.809 
             102.029 -0.0393469  0.0429364   0.173864 -0.0510606 -0.0438203 -0.0026829 0 0 0   -0.011 -0.02329  0.04412   -0.0103593  -0.00865536 -0.000286342    2.352e-05 -4.96466e-05 -0.000267745 0.00819875 0.00101822 0.00324183 -0.00402021  -0.0059777      -9.809 
             102.129 -0.0385274  0.0431576   0.118814  -0.0407751  -0.0535242 -0.00362015 0 0 0   -0.011 -0.02329  0.04412  0.0106047 -0.0257175 -0.0038536  2.29629e-05 -4.96491e-05 -0.000236328 0.00760327   0.001474 0.00334723 -0.00395682 -0.00604673      -9.809 
             102.226 -0.0334527  0.0459134   0.144054  -0.0448772  -0.0502873 -0.00267277 0 0 0   -0.011 -0.02329  0.04412  0.00103663  -0.0143849 0.000812692   1.9979e-05 -5.10671e-05 -0.000249764 0.00786518 0.00116137 0.00319241 -0.00398238 -0.00600284      -9.809 
             102.328 -0.0517054  0.0563932   0.031052  -0.0368108  -0.0590092 -0.00228689 0 0 0   -0.011 -0.02329  0.04412  0.0154122 -0.0278912 0.00162446   3.0002e-05 -5.67334e-05 -0.000186428 0.00746164 0.00153457 0.00315914 -0.00394078 -0.00605691      -9.809 
              102.43 -0.0397099  0.0376784 -0.0436157  -0.0479561   -0.056696 -0.00015448 0 0 0   -0.011 -0.02329  0.04412 -0.00952682  -0.0197085  0.00841998  2.32945e-05 -4.62287e-05  -0.00014488 0.00813651 0.00131752 0.00293843 -0.00401842 -0.00601649      -9.809 
             102.528  -0.021917  0.0301232 -0.0794504   -0.0430706   -0.0583107 -0.000765574 0 0 0   -0.011 -0.02329  0.04412 0.00176644 -0.0183328 0.00313718  1.33291e-05 -4.19205e-05 -0.000124497 0.00780856 0.00125986 0.00309873 -0.00397755 -0.00601629      -9.809 
             102.628 -0.0311733  0.0541435 -0.0251529  -0.0370444   -0.051984 -0.00167234 0 0 0   -0.011 -0.02329  0.04412   0.0153315 0.000570511 -0.00127599  1.85226e-05 -5.52467e-05 -0.000154395  0.00744359 0.000728329  0.00323067 -0.00392272 -0.00595978      -9.809 
             102.724 -0.0368288  0.0468219 -0.0847245  -0.0336706  -0.0564846 -0.00328423 0 0 0   -0.011 -0.02329  0.04412   0.0178678 -0.00896803 -0.00683307  2.16045e-05 -5.10018e-05  -0.00012057  0.00736114 0.000990466  0.00340002 -0.00391812 -0.00599298      -9.809 
             102.827  -0.0433043   0.0439313 -0.00153343  -0.0390477  -0.0557159 -0.00150883 0 0 0   -0.011 -0.02329  0.04412  0.00337617 -0.00677741  0.00173252  2.51828e-05   -4.918e-05 -0.000166606  0.00775429 0.000941215  0.00312025 -0.00396438 -0.00597875      -9.809 
              102.93 -0.0334305  0.0529193  0.0321492  -0.0353303  -0.0534842 -0.00206901 0 0 0   -0.011 -0.02329  0.04412   0.0107736 5.96807e-05 -0.00103153  1.95894e-05  -5.4059e-05 -0.000184927  0.00754971 0.000741177  0.00320104 -0.00393566  -0.0059593      -9.809 
             103.029 -0.0319128   0.036534 -0.0363469  -0.0345201  -0.0480229 -0.00259045 0 0 0   -0.011 -0.02329  0.04412   0.0109732    0.011744 -0.00263722  1.86488e-05 -4.47296e-05 -0.000145894  0.00753448 0.000411949  0.00324514  -0.0039269 -0.00592051      -9.809 
             103.126 -0.0416198  0.0441473 0.00227368  -0.0350266  -0.0534167 -0.00333642 0 0 0   -0.011 -0.02329  0.04412  0.00618937 -0.00236419 -0.00460965   2.4004e-05 -4.88342e-05 -0.000167132   0.0076543 0.000812009  0.00330128 -0.00394958 -0.00596532      -9.809 
             103.223  -0.0392973    0.047708 -0.00953406  -0.0428475  -0.0474538 -0.00257894 0 0 0   -0.011 -0.02329  0.04412  -0.00980644   0.00913542 -0.000389727   2.2667e-05 -5.06149e-05 -0.000159924  0.00810023 0.000500301  0.00315955 -0.00399589 -0.00591887      -9.809 
             103.327 -0.0332559  0.0385717  0.0556443  -0.0444127  -0.0457353 -0.00218788 0 0 0   -0.011 -0.02329  0.04412  -0.0112184   0.0105695 0.000958829  1.92965e-05 -4.53788e-05  -0.00019555  0.00812553 0.000457599  0.00310934 -0.00399799  -0.0059133      -9.809 
             103.428 -0.0261311  0.0349541  -0.107877  -0.0438646  -0.0497137 -0.00187703 0 0 0   -0.011 -0.02329  0.04412   -0.0092722 -1.88462e-05   0.00145741  1.50489e-05 -4.33089e-05 -0.000104682  0.00805104 0.000744664  0.00308706 -0.00399521 -0.00594862      -9.809 
             103.529 -0.0389652  0.0375669  0.0194623  -0.0460013  -0.0455514 -0.00280143 0 0 0   -0.011 -0.02329  0.04412  -0.0113279   0.0085637 -0.00240338  2.23321e-05 -4.45908e-05  -0.00017559  0.00809937 0.000509169  0.00320203 -0.00399598    -0.00592      -9.809 
             103.631 -0.0361618   0.045786  0.0357661  -0.0407085  -0.0502916 -0.00244277 0 0 0   -0.011 -0.02329  0.04412  0.000276193  -0.00227419 -0.000578838  2.05882e-05 -4.91233e-05 -0.000183953 0.00776315 0.00080332 0.00313718 -0.00396277 -0.00596148      -9.809 
             103.725 -0.0374226  0.0375443  0.0051633  -0.0538484  -0.0359724 -0.00294905 0 0 0   -0.011 -0.02329  0.04412  -0.0247213   0.0269907 -0.00207434  2.17882e-05 -4.40531e-05 -0.000166879  0.00846069 3.26501e-06  0.00317806 -0.00402754 -0.00585366      -9.809 
             103.823 -0.0474037  0.0498335 -0.0680759  -0.0495687  -0.0286054 -0.00281724 0 0 0   -0.011 -0.02329  0.04412   -0.010158   0.0388719 -0.00101575  2.74727e-05 -5.10682e-05 -0.000126288   0.00805782 -0.000324846    0.0031379  -0.0039741 -0.00582408      -9.809 
             103.922 -0.0370736  0.0369323  0.0789311  -0.0476245  -0.0318357 -0.00215579 0 0 0   -0.011 -0.02329  0.04412 -0.00572484   0.0237704  0.00140506  2.14691e-05 -4.38624e-05 -0.000206799  0.00791141 8.92979e-05  0.00305573 -0.00396559 -0.00587501      -9.809 
             104.028 -0.0464623  0.0477387  0.0706722  -0.0532281  -0.0273455 -0.00145503 0 0 0   -0.011 -0.02329  0.04412 -0.0156775  0.0274956 0.00321717  2.66127e-05 -4.94936e-05 -0.000201598   0.00818212 -3.71592e-07   0.00299276   -0.003995 -0.00585904      -9.809 
              104.12 -0.0302272  0.0351718  0.0988159  -0.0484505  -0.0351279 -0.00208795 0 0 0   -0.011 -0.02329  0.04412  -0.00498529   0.00588936 -0.000505067  1.73559e-05  -4.2485e-05 -0.000216615   0.0078615 0.000582077  0.00310368 -0.00396982 -0.00593253      -9.809 
             104.233 -0.0406872  0.0370024   0.015315  -0.0513519  -0.0407047 -0.00214532 0 0 0   -0.011 -0.02329  0.04412   -0.0109969  -0.00734836 -0.000789087  2.32934e-05 -4.35032e-05 -0.000168835  0.00800656 0.000952449  0.00310532 -0.00399375 -0.00597198      -9.809 
             104.324 -0.0383439  0.0390423  0.0170104  -0.046849 -0.0416817 -0.0027345 0 0 0   -0.011 -0.02329  0.04412 0.000116796  -0.0071826 -0.00280902  2.18785e-05 -4.44343e-05 -0.000169167  0.00768917 0.000940255  0.00316332  -0.0039573 -0.00597696      -9.809 
             104.428 -0.0357652  0.0442159  0.0129891  -0.0504759  -0.0459387 -0.00301409 0 0 0   -0.011 -0.02329  0.04412 -0.00817445  -0.0154359 -0.00302211   2.0403e-05 -4.72123e-05 -0.000166437 0.00790724 0.00116988 0.00316344 -0.00398655 -0.00599872      -9.809 
             104.527 -0.0301851   0.052808  0.0916415  -0.0524228  -0.0473856 -0.00198096 0 0 0   -0.011 -0.02329  0.04412 -0.0106745 -0.0156322 0.00157591  1.72693e-05 -5.18281e-05 -0.000209663 0.00797318  0.0011699 0.00301121 -0.00399405 -0.00599743      -9.809 
             104.621  -0.0397986   0.0395403 -0.00172981  -0.0554172  -0.0448904 -0.00162213 0 0 0   -0.011 -0.02329  0.04412  -0.0144807 -0.00706611  0.00221453  2.25193e-05 -4.43021e-05 -0.000156853  0.00806807 0.000935249  0.00298453 -0.00400027 -0.00596906      -9.809 
             104.726 -0.0388186  0.0522975 -0.0295117  -0.0459655  -0.0482316 -0.00201431 0 0 0   -0.011 -0.02329  0.04412   0.00699866   -0.0110573 -0.000183067  2.19066e-05  -5.1263e-05 -0.000141204 0.00746664 0.00103326 0.00305365 -0.00393435 -0.00599191      -9.809 
             104.825 -0.0207535  0.0403197 0.00848976  -0.0421886  -0.0550129 -0.00331251 0 0 0   -0.011 -0.02329  0.04412  0.0120927 -0.0236109 -0.0050343   1.1809e-05 -4.45257e-05 -0.000161634 0.00730798 0.00136441 0.00319961 -0.00392285 -0.00603214      -9.809 
             104.924 -0.0313781  0.0375021 -0.0125873  -0.0470106    -0.05319 -0.00276008 0 0 0   -0.011 -0.02329  0.04412 -7.3619e-06  -0.0154897  -0.0013085  1.76751e-05 -4.28215e-05 -0.000149358 0.00763654 0.00114249  0.0030757 -0.00395539  -0.0060009      -9.809 
             105.029 -0.0431975   0.036126 -0.0815812  -0.0376209  -0.0410668 -0.00291665 0 0 0   -0.011 -0.02329  0.04412   0.0203851   0.0157377 -0.00131629  2.41938e-05 -4.20864e-05 -0.000111439  0.00707101 0.000268594  0.00306766 -0.00387544 -0.00591472      -9.809 
             105.131 -0.0338373  0.0486474 -0.0454475  -0.0414819  -0.0398324 -0.00274767 0 0 0   -0.011 -0.02329  0.04412   0.00847329    0.0139272 -0.000447164  1.90208e-05 -4.85879e-05 -0.000130588  0.00739798 0.000321424  0.00303436 -0.00391286 -0.00591412      -9.809 
             105.229 -0.0357967  0.0534326   0.011163  -0.0379372  -0.0445592 -0.00213965 0 0 0   -0.011 -0.02329  0.04412  0.0128383 0.00105919  0.0016428  1.98908e-05  -5.1055e-05 -0.000160877  0.00726972 0.000673192  0.00296359 -0.00390549 -0.00595557      -9.809 
             105.326 -0.0331665  0.0510368  -0.134356  -0.0318661  -0.0486589 -0.00198429 0 0 0   -0.011 -0.02329  0.04412   0.0215902 -0.00740828  0.00139724   1.8247e-05  -4.9715e-05 -8.03301e-05  0.00702146 0.000897301  0.00296534  -0.0038824 -0.00598523      -9.809 
             105.426 -0.0360273  0.0301171 -0.0846098  -0.0330487  -0.0496367 -0.00191307 0 0 0   -0.011 -0.02329  0.04412   0.0142996 -0.00844313 0.000956777  1.98144e-05 -3.79215e-05 -0.000107752 0.00720305  0.0009276 0.00297288 -0.00390302 -0.00598492      -9.809 
             105.527 -0.0494851  0.0531941  0.0617951  -0.0299338   -0.043183 -0.00219804 0 0 0   -0.011 -0.02329  0.04412    0.0188646   0.00797958 -0.000493136   2.7149e-05 -5.04905e-05 -0.000188517  0.00708818 0.000482165  0.00301173 -0.00388161 -0.00593848      -9.809 
             105.628 -0.044178 0.0391949 -0.005238 -0.0477427 -0.0343711 -0.0024504 0 0 0   -0.011 -0.02329  0.04412  -0.0182747   0.0219485 -0.00127478  2.39571e-05  -4.2817e-05 -0.000150062 0.00810299 0.00012106 0.00303066 -0.00398562 -0.00587857      -9.809 
             105.725   -0.02815  0.0297507 -0.0577069    -0.05245  -0.0361415 -0.00196399 0 0 0   -0.011 -0.02329  0.04412  -0.0253913   0.0129063 0.000679467  1.49889e-05 -3.74903e-05 -0.000120142  0.00827788 0.000368319   0.0029627 -0.00400954 -0.00590196      -9.809 
             105.824 -0.0390825  0.0256214  0.0758675  -0.0571193  -0.0334739 -0.00327671 0 0 0   -0.011 -0.02329  0.04412  -0.0285753   0.0149262 -0.00113424   2.1012e-05 -3.50772e-05 -0.000193665  0.00839363 0.000298025  0.00312324 -0.00402073 -0.00589202      -9.809 
             105.929 -0.035114 0.0586952  0.090423  -0.0542526  -0.0363524 0.000789154 0 0 0   -0.011 -0.02329  0.04412 -0.014795 0.0042671 0.0982319  2.02784e-05 -4.83924e-05 -0.000200934   0.0080988 0.000516231  0.00307923 -0.00399301 -0.00592148      -9.809 
             106.028 0.0429308  0.154067 0.0997734 -0.0451345 -0.0460596  0.0172473 0 0 0   -0.011 -0.02329  0.04412 0.00306685 -0.0159394     0.2643  4.24038e-05 -4.44114e-06 -0.000208746 0.00755707 0.00104748 0.00308721  -0.0039446 -0.00598938      -9.809 
             106.129  0.127479  0.258998 0.0401398 -0.0412513 -0.0498193   0.047133 0 0 0   -0.011 -0.02329  0.04412  0.0107303 -0.0207871   0.453564  5.25333e-05 -1.55192e-05 -0.000183999 0.00736399 0.00115667  0.0037208 -0.00392625 -0.00600445      -9.809 
              106.23   0.178402    0.26427 -0.0424465 -0.0405832 -0.0534779  0.0958047 0 0 0   -0.011 -0.02329  0.04412  0.0115871 -0.0276854   0.658557  2.15703e-05 -5.56079e-05 -0.000148295 0.00740089 0.00125164 0.00448472 -0.00393305  -0.0060129      -9.809 
             106.332  0.141792  0.170516 -0.132839 -0.0407398 -0.0505468   0.168391 0 0 0   -0.011 -0.02329  0.04412  0.0111968 -0.0184764   0.878164 -2.37868e-07 -9.01492e-05 -0.000106541  0.00745283 0.000907044  0.00554947 -0.00393457 -0.00597299      -9.809 
             106.428    0.0766308 -0.000399932   -0.0847507 -0.0408161 -0.0478794   0.256077 0 0 0   -0.011 -0.02329  0.04412 0.00881855 -0.0113069    1.08696 -6.42076e-07  -9.0928e-05 -0.000141793 0.00748927 0.00065091 0.00613543 -0.00393493  -0.0059437      -9.809 
             106.523  0.0317803  -0.121412 -0.0775976 -0.0417625 -0.0550591   0.361614 0 0 0   -0.011 -0.02329  0.04412 0.000314033  -0.0254215     1.23337 -3.27507e-07 -8.40779e-05  -0.00014677 0.00761233  0.0010313 0.00659868 -0.00395542  -0.0059807      -9.809 
             106.629 -0.00974214   -0.208345    -0.16658   -0.03162 -0.0601437   0.494302 0 0 0   -0.011 -0.02329  0.04412  0.0142784 -0.0280085    1.29478  1.12833e-05 -6.88959e-05 -9.74903e-05 0.00705566 0.00110318 0.00661674 -0.00389774 -0.00599893      -9.809 
             106.727 -0.0388377   -0.28031  -0.132182  -0.029855 -0.0637647   0.633248 0 0 0   -0.011 -0.02329  0.04412 0.00944473 -0.0292578    1.31035  8.12845e-06 -6.35147e-05 -0.000118632 0.00702664 0.00113872 0.00586371  -0.0038969 -0.00600397      -9.809 
              106.83  -0.060664  -0.329461 -0.0476015 -0.0314824 -0.0688518   0.776722 0 0 0   -0.011 -0.02329  0.04412 -0.001173 -0.032392    1.3112  1.60362e-05 -6.49925e-05 -0.000168013 0.00715881 0.00128492  0.0044719 -0.00391831  -0.0060172      -9.809 
             106.925 -0.0824458  -0.355992 -0.0775088 -0.0309005 -0.0648163   0.907672 0 0 0   -0.011 -0.02329  0.04412 -0.00339733  -0.0155858     1.29391  1.13323e-05 -5.28791e-05 -0.000151325  0.0070519 0.00084564 0.00322361 -0.00390404 -0.00597338      -9.809 
             107.024 -0.0985302   -0.36376  -0.120227 -0.0311677 -0.0643655    1.03729 0 0 0   -0.011 -0.02329  0.04412  -0.0082139 -0.00963021     1.25107  5.78828e-07 -4.00769e-05 -0.000129344  0.00701421 0.000726263  0.00250892  -0.0039013 -0.00596141      -9.809 
             107.124  -0.144094  -0.335898 -0.0710891 -0.0314435 -0.0647801    1.17001 0 0 0   -0.011 -0.02329  0.04412  -0.0118322 -0.00668413     1.19852  1.11325e-07 -4.08522e-05 -0.000160149  0.00695507 0.000688576  0.00187365  -0.0038977 -0.00595821      -9.809 
             107.224  -0.193454  -0.308376 -0.0334392 -0.0421362 -0.0573912    1.28894 0 0 0   -0.011 -0.02329  0.04412 -0.0342398  0.0121082    1.14388  1.27322e-05 -3.97417e-05 -0.000180944  0.00746621 0.000253155  0.00144824 -0.00394448 -0.00590256      -9.809 
             107.325  -0.205829  -0.268674 0.00239884 -0.0420434 -0.0510249    1.39993 0 0 0   -0.011 -0.02329  0.04412 -0.0294973  0.0260689    1.07788  1.79384e-05  -3.4993e-05 -0.000195643   0.00722598 -8.18835e-05   0.00144199 -0.00391325  -0.0058727      -9.809 
              107.42  -0.194195  -0.223156 -0.0193397 -0.0446242   -0.06036    1.49787 0 0 0   -0.011 -0.02329  0.04412 -0.0343093 0.00200139    1.01672  2.01364e-05 -3.13555e-05 -0.000176558  0.00726516 0.000652616  0.00150534 -0.00393094 -0.00594767      -9.809 
              107.53  -0.179836  -0.175665 -0.0439083 -0.0523605  -0.061044     1.6084 0 0 0   -0.011 -0.02329  0.04412 -0.0448875 0.00135483   0.940323  2.89089e-05 -3.58644e-05 -0.000156774  0.00748228 0.000737908  0.00171249 -0.00395396 -0.00595268      -9.809 
              107.62  -0.142042   -0.13053 -0.0172604 -0.0569526  -0.068846    1.68466 0 0 0   -0.011 -0.02329  0.04412 -0.0488308 -0.0153238   0.871349  3.65567e-05 -3.77168e-05 -0.000168304 0.00756087 0.00124181 0.00227509 -0.00396933 -0.00600388      -9.809 
             107.725 -0.0941176 -0.0952157  -0.118974  -0.064008 -0.0621127    1.77332 0 0 0   -0.011 -0.02329  0.04412 -0.0518302 0.00279036   0.817835   2.7729e-05 -3.74524e-05 -0.000114459  0.00763853 0.000748561  0.00215542 -0.00396861 -0.00595189      -9.809 
             107.822 -0.0598263 -0.0478529  -0.148679 -0.0685637 -0.0643319    1.84838 0 0 0   -0.011 -0.02329  0.04412  -0.0515258 -0.00178154    0.763673  3.11332e-05 -3.49773e-05  -9.5619e-05  0.00762576 0.000902916  0.00226333 -0.00396986 -0.00596796      -9.809 
             107.923   -0.0338562 -0.000269445   -0.0756897 -0.0765813 -0.0538094    1.92563 0 0 0   -0.011 -0.02329  0.04412 -0.0547306  0.0209173   0.708282  2.36931e-05 -2.83775e-05 -0.000134363 0.00773929 0.00026288 0.00231922 -0.00396964 -0.00590109      -9.809 
             108.029 -0.0265273  0.0602803  -0.169515  -0.092292 -0.0533891    2.00005 0 0 0   -0.011 -0.02329  0.04412 -0.0742579  0.0145744   0.672389   1.6198e-05 -2.74637e-05 -8.41446e-05 0.00834075 0.00042952 0.00190134 -0.00403391 -0.00590645      -9.809 
             108.128 -0.0243501   0.125555  -0.138086 -0.0924014 -0.0574177    2.06066 0 0 0   -0.011 -0.02329  0.04412 -0.0579401  0.0041129   0.617727  1.53764e-05  -3.5724e-05 -0.000102604   0.0079576 0.000718388  0.00222504 -0.00400046 -0.00594273      -9.809 
             108.228 -0.0362035    0.18031 -0.0886084 -0.092796 -0.039971   2.12212 0 0 0   -0.011 -0.02329  0.04412 -0.0395526  0.0413242   0.570151  1.93308e-05 -2.65915e-05 -0.000129743   0.00756261 -0.000347429   0.00230278 -0.00394104 -0.00584353      -9.809 
             108.325 -0.0389051   0.248994  -0.114329 -0.0978052 -0.0489261    2.17572 0 0 0   -0.011 -0.02329  0.04412 -0.0414418  0.0122871   0.533489  1.33628e-05  -2.6499e-05 -0.000116757  0.00771118 0.000458567  0.00222579 -0.00397086 -0.00592111      -9.809 
              108.43 -0.0328766   0.309503 -0.0649508  -0.101001 -0.0509981    2.23028 0 0 0   -0.011 -0.02329  0.04412 -0.0347061 0.00487501   0.498006  2.22307e-05 -2.82142e-05 -0.000145004   0.0076814 0.000654136  0.00210715 -0.00397132 -0.00594116      -9.809 
             108.525 -0.00677529    0.372429  -0.0252737 -0.0929606 -0.0538087    2.27247 0 0 0   -0.011 -0.02329  0.04412  -0.00743171 -0.000415867     0.454391  2.48002e-05 -3.26695e-05    -0.000169  0.00705543 0.000780393  0.00242681 -0.00391223 -0.00596556      -9.809 
             108.628  0.00569765    0.408279 0.000898192  -0.104247 -0.0538952    2.31974 0 0 0   -0.011 -0.02329  0.04412  -0.0230466 -0.00355111    0.418961   2.1645e-05 -2.83467e-05 -0.000185301  0.00767315 0.000850065  0.00239877 -0.00397462 -0.00596076      -9.809 
             108.723  0.0159334   0.444212 -0.0148522  -0.108558 -0.0546921    2.35782 0 0 0   -0.011 -0.02329  0.04412   -0.021863 -0.00571705    0.390051  2.68285e-05 -3.63748e-05 -0.000179244  0.00782133 0.000894765  0.00238771 -0.00399001  -0.0059624      -9.809 
              108.83 0.0381002  0.473128 -0.062964  -0.117667 -0.0440378    2.39731 0 0 0   -0.011 -0.02329  0.04412 -0.0269234  0.0162561     0.3593  2.71623e-05 -3.98833e-05 -0.000154929  0.00816734 0.000254213  0.00240965 -0.00401269 -0.00589299      -9.809 
             108.907 0.0525112  0.479973 -0.046061 -0.114731 -0.040337   2.42515 0 0 0   -0.011 -0.02329  0.04412 -0.0105807  0.0222097   0.343726  2.00562e-05 -4.29059e-05 -0.000165678  0.00786278 5.09197e-05  0.00226266 -0.00397855 -0.00587872      -9.809 
             109.035  0.0491824   0.491578 -0.0453174  -0.107216 -0.0484081    2.46993 0 0 0   -0.011 -0.02329  0.04412   0.0117682 0.000322888    0.315413  1.80244e-05  -4.2375e-05 -0.000168604  0.00747014 0.000607037  0.00214203 -0.00394924 -0.00594036      -9.809 
             109.128 0.0471879  0.513398 0.0355187  -0.117914 -0.0508013    2.49378 0 0 0   -0.011 -0.02329  0.04412 -0.00740539 -0.00868102    0.281373  1.97908e-05 -4.02292e-05 -0.000216195   0.0081625 0.000850659  0.00256464 -0.00402323  -0.0059512      -9.809 
             109.228  0.0404947   0.526188 -0.0912824  -0.120671 -0.0415666    2.52145 0 0 0   -0.011 -0.02329  0.04412 -0.00297949   0.0102703    0.263485  1.45921e-05 -4.64107e-05 -0.000142018 0.00823128 0.00026304 0.00247293  -0.0040193 -0.00589301      -9.809 
             109.325  0.0419905   0.526154 -0.0950514  -0.115614 -0.0486217    2.54731 0 0 0   -0.011 -0.02329  0.04412  0.0115115 -0.0075186   0.251212  1.90824e-05 -4.57251e-05 -0.000137733  0.00798953 0.000702979  0.00233303 -0.00400256 -0.00594003      -9.809 
             109.426 0.0666722  0.523406 -0.227549  -0.109614 -0.0470146    2.57088 0 0 0   -0.011 -0.02329  0.04412   0.0270011 -0.00277702    0.227891  2.52824e-05 -4.54372e-05 -6.29965e-05 0.00772397 0.00052738 0.00253347 -0.00397517  -0.0059275      -9.809 
             109.526   0.106562   0.512229 -0.0677922 -0.0995685 -0.0544727    2.59291 0 0 0   -0.011 -0.02329  0.04412  0.0455643 -0.0178746   0.213838  3.71283e-05 -4.99513e-05 -0.000148214  0.00736352 0.000896299  0.00251209 -0.00394668 -0.00596935      -9.809 
             109.625    0.1497  0.502271 -0.100777  -0.084627 -0.0546373     2.6114 0 0 0   -0.011 -0.02329  0.04412  0.0724233 -0.0135512   0.194244  2.82168e-05 -5.17686e-05 -0.000128354  0.00676711 0.000717216  0.00268492 -0.00388737  -0.0059626      -9.809 
             109.724  0.150261  0.492976 -0.109733 -0.0728844 -0.0608789    2.62963 0 0 0   -0.011 -0.02329  0.04412  0.0854729 -0.0245372   0.180657  1.89339e-05 -4.88439e-05 -0.000123227  0.00654254 0.000968343  0.00269643 -0.00387033 -0.00599056      -9.809 
             109.821     0.1327     0.4882 -0.0788874 -0.0596036 -0.0715018    2.64756 0 0 0   -0.011 -0.02329  0.04412  0.0973879 -0.0432628   0.171792  7.37331e-06 -4.24164e-05 -0.000138055 0.00631009 0.00141471  0.0025773 -0.00385529 -0.00603744      -9.809 
             109.929 0.0983614  0.477443 -0.108189 -0.0488182   -0.08427    2.66622 0 0 0   -0.011 -0.02329  0.04412  0.0993518 -0.0618926   0.158583   5.5934e-06 -4.27351e-05 -0.000117021 0.00636984 0.00186988  0.0025718 -0.00386892 -0.00607951      -9.809 
             110.028  0.0686009   0.456287 -0.0896726 -0.0433335 -0.0810389    2.68269 0 0 0   -0.011 -0.02329  0.04412 0.0952312 -0.043555  0.154087   9.4836e-06 -5.86197e-05 -0.000120711 0.00657767 0.00133933 0.00243729 -0.00387856 -0.00602597      -9.809 
             110.122  0.0485893   0.394205 -0.0566095 -0.0382965 -0.0844877    2.69873 0 0 0   -0.011 -0.02329  0.04412  0.0892991 -0.0428865   0.153377  2.22851e-05 -6.04157e-05 -0.000135161 0.00680722 0.00133271 0.00223528 -0.00389901 -0.00602164      -9.809 
             110.225 0.0392874  0.326083 -0.081254 -0.0179132  -0.102705    2.71315 0 0 0   -0.011 -0.02329  0.04412  0.110675 -0.069618  0.144497  1.31203e-05 -7.42164e-05   -0.0001216 0.00622749 0.00207259 0.00232141 -0.00385778 -0.00610132      -9.809 
             110.331 0.00332527   0.220737  -0.104455 -0.00980518   -0.107656     2.72425 0 0 0   -0.011 -0.02329  0.04412   0.101775 -0.0647577   0.124244  5.14563e-06 -6.88869e-05 -0.000110322 0.00643346 0.00194484 0.00273868 -0.00387673 -0.00608509      -9.809 
              110.43 -0.0493512  0.0999328 -0.0208546 -0.0117171  -0.102645    2.73375 0 0 0   -0.011 -0.02329  0.04412 0.0785719  -0.04207  0.111225  4.13923e-06 -7.53448e-05 -0.000156027 0.00703503 0.00135864 0.00296601 -0.00392368 -0.00601952      -9.809 
              110.52  -0.100523 -0.0116045  -0.147694 -0.0101554 -0.0916716    2.74352 0 0 0   -0.011 -0.02329  0.04412   0.0678694 -0.00937544    0.105758  2.85293e-06 -7.70681e-05 -8.51887e-05   0.0072537 0.000507517  0.00295004 -0.00392956 -0.00593651      -9.809 
             110.622  -0.149308  -0.102029 -0.0790551 0.00274701 -0.0984843    2.75636 0 0 0   -0.011 -0.02329  0.04412  0.0737425 -0.0181042   0.106312  2.93656e-06 -6.80584e-05 -0.000122242 0.00693055 0.00082057 0.00270917 -0.00390456 -0.00597121      -9.809 
             110.721 -0.208275  -0.18941 -0.288128  0.021513 -0.108391   2.76833 0 0 0   -0.011 -0.02329  0.04412  0.0880473 -0.0291827   0.104422 -1.84185e-06 -6.09453e-05  -6.8527e-06 0.00633227 0.00122103 0.00258904 -0.00385596 -0.00601857      -9.809 
             110.826  -0.275834  -0.256314 -0.0536519 0.0329103 -0.106064   2.77776 0 0 0   -0.011 -0.02329  0.04412  0.0877189 -0.0138734  0.0961748  6.82586e-06  -5.6907e-05 -0.000137858  0.00616012 0.000897114  0.00269978 -0.00383444 -0.00599189      -9.809 
             110.923 -0.306474 -0.297339 -0.116537  0.0299793 -0.0987407    2.78763 0 0 0   -0.011 -0.02329  0.04412  0.0592015 0.00575548  0.0955616  1.08445e-05 -5.21531e-05 -0.000105096  0.00674158 0.000477394   0.0026145 -0.00388098 -0.00594297      -9.809 
             111.028   -0.310902    -0.32607 -0.00878749   0.037546 -0.0949079    2.79736 0 0 0   -0.011 -0.02329  0.04412 0.0545323 0.0172588 0.0914048  2.09894e-05 -4.40061e-05 -0.000163379  0.00662002 0.000292631   0.0026147 -0.00386668 -0.00592822      -9.809 
             111.125 -0.307483 -0.362216 -0.105435 0.0390443 -0.100713   2.80815 0 0 0   -0.011 -0.02329  0.04412  0.0368754 0.00454808  0.0928909  1.94315e-05 -5.26171e-05 -0.000104658  0.00686813 0.000779129  0.00245545 -0.00389829 -0.00596771      -9.809 
              111.23  -0.304006   -0.41583 -0.0439723 0.0295969  -0.10009   2.81514 0 0 0   -0.011 -0.02329  0.04412 0.00290022 0.00538257  0.0822235  2.03647e-05 -5.09988e-05 -0.000136145  0.00756948 0.000872201  0.00268096 -0.00396261 -0.00596476      -9.809 
             111.325  -0.292902  -0.448737 -0.0502635  0.0248949 -0.0868581    2.82064 0 0 0   -0.011 -0.02329  0.04412 -0.011679  0.035281 0.0726301  2.14127e-05 -5.68991e-05   -0.0001275 0.00776019 0.00014729  0.0028742 -0.0039668 -0.0058965     -9.809 
             111.424 -0.284732 -0.482504 0.0322668  0.0222234 -0.0917518    2.82922 0 0 0   -0.011 -0.02329  0.04412 -0.0254697  0.0204886  0.0745545  2.72972e-05 -4.29421e-05 -0.000169189 0.00786728 0.00066192 0.00271901 -0.00398586 -0.00594063      -9.809 
             111.527 -0.266684 -0.494081   -0.1928  0.0208281 -0.0991984    2.83802 0 0 0   -0.011 -0.02329  0.04412 -0.0334208 0.00329712  0.0738311  1.92672e-05 -4.39422e-05 -4.28057e-05 0.00782739 0.00121764 0.00263222 -0.00399181 -0.00599108      -9.809 
             111.623 -0.252828 -0.491147 0.0332497 0.0248577 -0.100071   2.84463 0 0 0   -0.011 -0.02329  0.04412 -0.0266513 0.00470265  0.0697994  2.63881e-05 -4.52109e-05  -0.00016311 0.00741484  0.0012329  0.0026612 -0.00395485 -0.00599939      -9.809 
             111.731  -0.224761  -0.490945 -0.0898531  0.0229063 -0.0975003    2.85168 0 0 0   -0.011 -0.02329  0.04412 -0.0321807  0.0115543  0.0659025   3.0223e-05 -3.10116e-05 -9.28585e-05 0.00732994  0.0011067 0.00268213 -0.00394509 -0.00598957      -9.809 
             111.829  -0.182732   -0.44967 -0.0374323  0.0233014 -0.0998479    2.86102 0 0 0   -0.011 -0.02329  0.04412 -0.0321296 0.00685918  0.0727088  3.45642e-05 -2.74286e-05 -0.000119176 0.00713239 0.00129241 0.00240255 -0.00393236 -0.00600855      -9.809 
             111.927  -0.14528 -0.405357  0.246796 0.0194927 -0.102329   2.86851 0 0 0   -0.011 -0.02329  0.04412 -0.0395282 0.00130117  0.0708347  2.20346e-05 -2.47111e-05 -0.000275874 0.00716517 0.00148288 0.00239033 -0.00393836 -0.00602492      -9.809 
             112.032 -0.151227 -0.343671 0.0659452 -0.0075919 -0.0811881    2.87372 0 0 0   -0.011 -0.02329  0.04412 -0.0851509  0.0396836  0.0633384  1.66923e-05  -1.7567e-05 -0.000172899  0.00829304 0.000437114  0.00252473 -0.00402122 -0.00591443      -9.809 
             112.123  -0.15395 -0.282314 0.0131112 0.000412595  -0.0880878     2.87674 0 0 0   -0.011 -0.02329  0.04412 -0.0580586  0.0211515  0.0527169  1.09296e-05 -1.98244e-05 -0.000142831  0.00743749 0.000961232  0.00279818 -0.00395194 -0.00597447      -9.809 
              112.23 -0.166453 -0.227314 -0.139809 -0.0106207 -0.0775839    2.88202 0 0 0   -0.011 -0.02329  0.04412 -0.0677592   0.038409   0.048749    2.227e-05 -3.27156e-05 -5.97153e-05  0.00764982 0.000516955   0.0028317 -0.00396394 -0.00593215      -9.809 
              112.33    -0.155029     -0.17551 -0.000878098 -0.0122534  -0.079505    2.88783 0 0 0   -0.011 -0.02329  0.04412 -0.0605829  0.0279474  0.0497205  1.77127e-05 -2.34905e-05  -0.00013799  0.00737817 0.000828797  0.00273301  -0.0039451 -0.00596345      -9.809 
             112.423  -0.155787  -0.121057 -0.0328936 -0.0310772 -0.0535299     2.8928 0 0 0   -0.011 -0.02329  0.04412 -0.0832891  0.0754133  0.0493013  1.95313e-05 -1.99224e-05 -0.000122045   0.00801192 -0.000470144   0.00267844 -0.00398189 -0.00584021      -9.809 
             112.529  -0.153979 -0.0624483 -0.0382259 -0.0306008 -0.0553656    2.90013 0 0 0   -0.011 -0.02329  0.04412 -0.0664104  0.0579946  0.0541608  2.27626e-05 -2.71805e-05 -0.000119836  0.00755173 2.56575e-05  0.00247619 -0.00394961  -0.0058901      -9.809 
             112.625   -0.135881 -0.00129189  -0.0654577 -0.0327382 -0.0470784    2.90442 0 0 0   -0.011 -0.02329  0.04412 -0.0561085  0.0642637  0.0490979  2.36611e-05 -1.99689e-05 -0.000104523   0.00728821 -0.000148371   0.00257561 -0.00392388 -0.00587912      -9.809 
             112.724  -0.105406  0.0648171 -0.0485983 -0.0313091 -0.0448086    2.90822 0 0 0   -0.011 -0.02329  0.04412 -0.040979 0.0567696 0.0452914  2.62955e-05  -1.9389e-05 -0.000112799   0.0069307 3.93147e-05  0.00266911 -0.00389549 -0.00590092      -9.809 
             112.829  -0.068895   0.130097 -0.0594084 -0.0417161 -0.0314568    2.91188 0 0 0   -0.011 -0.02329  0.04412 -0.0485198  0.0697186  0.0409825  2.63516e-05 -1.88675e-05 -0.000106259   0.00723386 -0.000361358   0.00275521 -0.00391568 -0.00586185      -9.809 
             112.928 -0.0159033   0.197029 0.00485342 -0.0511118 -0.0234537    2.91691 0 0 0   -0.011 -0.02329  0.04412 -0.0543706  0.0697027  0.0419429  3.70693e-05 -1.51509e-05 -0.000140146   0.00749356 -0.000397332   0.00264664 -0.00393754 -0.00585467      -9.809 
             113.028 0.0520429  0.261686  0.140125 -0.0491277 -0.0224276    2.92449 0 0 0   -0.011 -0.02329  0.04412 -0.0367169  0.0553177   0.049143  4.39357e-05 -2.80601e-05 -0.000214327   0.00712022 -9.07719e-05   0.00233692  -0.0039098 -0.00588654      -9.809 
              113.12  0.139711   0.28181 0.0750194 -0.0552417 -0.0207323    2.92782 0 0 0   -0.011 -0.02329  0.04412 -0.0386491  0.0438005  0.0439835  3.77447e-05 -3.62003e-05 -0.000176042  0.00730589 0.000127137  0.00243928 -0.00392906 -0.00590229      -9.809 
             113.255 0.202485 0.292107 0.100779 -0.0600581 -0.0135369    2.93252 0 0 0   -0.011 -0.02329  0.04412 -0.0320929  0.0405653  0.0379543  4.49068e-05 -4.28833e-05 -0.000191623  0.00729925 2.85748e-05  0.00251946 -0.00392725 -0.00589392      -9.809 
             113.325 0.315381 0.283326 0.124358  -0.066238 -0.0062645    2.93607 0 0 0   -0.011 -0.02329  0.04412 -0.0366285  0.0458845  0.0402521  4.61291e-05 -3.76908e-05 -0.000206966  0.00751069 -0.00022861   0.0024222 -0.00394131 -0.00586919      -9.809 
             113.421  0.367398  0.277093 0.0889202  -0.0755814 -0.00862584     2.93947 0 0 0   -0.011 -0.02329  0.04412 -0.0455116  0.0230388  0.0359739  3.38157e-05 -3.73385e-05  -0.00018692  0.00787001 0.000203419  0.00247058  -0.0039778 -0.00590056      -9.809 
              113.53  0.410751  0.274882 0.0664513 -0.0811094 -0.0115204    2.94305 0 0 0   -0.011 -0.02329  0.04412 -0.0444197 0.00381668  0.0327116  3.00244e-05 -4.44261e-05 -0.000171951  0.00794747 0.000504591  0.00248325 -0.00398839  -0.0059249      -9.809 
             113.628  0.461921  0.258991 0.0778032   -0.0964509 -0.000828695      2.94346 0 0 0   -0.011 -0.02329  0.04412 -0.0596763  0.0165426  0.0231361  3.13693e-05 -4.48398e-05 -0.000175097   0.00849117 -3.75968e-05   0.00272783 -0.00402772 -0.00587059      -9.809 
             113.729  0.486999  0.252994 0.0671105  -0.0940628 -0.00942279     2.94706 0 0 0   -0.011 -0.02329  0.04412  -0.0422638 -0.00963865   0.0249824  3.16829e-05 -4.49175e-05 -0.000167368  0.00810445 0.000482806  0.00260332 -0.0040017 -0.0059202     -9.809 
             113.823  0.505521  0.250717 0.0580098 -0.0945233 -0.0173824    2.94836 0 0 0   -0.011 -0.02329  0.04412 -0.0341291 -0.0307919   0.019956  1.92045e-05 -3.31416e-05 -0.000159436  0.00795536 0.000856631  0.00268727 -0.00399431 -0.00595296      -9.809 
             113.924   0.493859   0.264485 -0.0108128 -0.0918852 -0.0363341    2.94897 0 0 0   -0.011 -0.02329  0.04412 -0.0221032 -0.0689604  0.0139494  1.21231e-05  -3.3273e-05 -0.000119647 0.00769666 0.00171748 0.00280946 -0.00398417 -0.00602734      -9.809 
             114.027 0.449686 0.271401 0.210525  -0.109592 -0.0263791    2.95072 0 0 0   -0.011 -0.02329  0.04412 -0.0463711 -0.0417296  0.0134023  1.50397e-05 -3.39969e-05 -0.000245753  0.00848342 0.000761305  0.00277223 -0.00403709 -0.00593781      -9.809 
              114.12  0.42623 0.283353 0.169731  -0.112582 -0.0196332    2.95608 0 0 0   -0.011 -0.02329  0.04412 -0.0391752 -0.0232637   0.024214  3.30667e-06 -3.84866e-05 -0.000225127  0.00838562 8.02882e-05  0.00238503 -0.00401912 -0.00588547      -9.809 
             114.227 0.386118 0.288227 0.207226 -0.101908 -0.032071   2.95856 0 0 0   -0.011 -0.02329  0.04412 -0.0081417 -0.0453416  0.0237597  1.03208e-05 -3.29776e-05 -0.000247707 0.00763386 0.00058579 0.00238852 -0.00396347 -0.00593699      -9.809 
             114.327  0.330659  0.321122 0.0252739  -0.108172 -0.0449545    2.96339 0 0 0   -0.011 -0.02329  0.04412 -0.0164128 -0.0668954  0.0304531 -1.13541e-06 -2.68792e-05 -0.000148564 0.00797777 0.00108977 0.00216453 -0.00399743 -0.00597538      -9.809 
             114.428 0.255154 0.365502 0.143143  -0.112071 -0.0408431    2.96361 0 0 0   -0.011 -0.02329  0.04412 -0.0160707 -0.0467521  0.0209273 -2.38707e-06 -2.56787e-05 -0.000214883  0.00805853 0.000451708  0.00242605 -0.00399702 -0.00592057      -9.809 
             114.524  0.176844  0.380312 0.0542728  -0.102644 -0.0484248    2.96451 0 0 0   -0.011 -0.02329  0.04412 0.00837134 -0.0519923  0.0161824 -1.89543e-06 -2.87456e-05 -0.000163596  0.00747375 0.000570117   0.0025193 -0.00395094 -0.00593718      -9.809 
             114.627 0.105171 0.385104 0.121061 -0.0903745 -0.0508578    2.96623 0 0 0   -0.011 -0.02329  0.04412  0.0354529 -0.0433621  0.0151598 -7.19278e-06 -4.28322e-05  -0.00019763  0.00683177 0.000321255  0.00250927 -0.00389555 -0.00592504      -9.809 
             114.728 0.0251962  0.363876  0.132639 -0.0856584 -0.0601312    2.96658 0 0 0   -0.011 -0.02329  0.04412  0.0397614 -0.0513994  0.0106958 -4.88198e-06 -4.32579e-05 -0.000202434  0.00681261 0.000602035  0.00261763 -0.00389782 -0.00594772      -9.809 
             114.826 -0.0588759     0.3377  0.0994722 -0.0810133 -0.0718205     2.9681 0 0 0   -0.011 -0.02329  0.04412  0.0432102 -0.0638196  0.0105226  1.08056e-06 -4.68905e-05 -0.000188167 0.00681184 0.00101279 0.00256084  -0.0039025 -0.00598107      -9.809 
             114.925  -0.112284   0.314545 -0.0874091 -0.0549002 -0.0887557    2.97046 0 0 0   -0.011 -0.02329  0.04412  0.0863296 -0.0792566  0.0122778 -1.38626e-06 -4.76269e-05 -8.66343e-05 0.00566103 0.00152314 0.00241916 -0.00381513 -0.00603679      -9.809 
             115.023 -0.161864  0.290406 -0.192721 -0.0468523  -0.113483     2.9704 0 0 0   -0.011 -0.02329  0.04412  0.105055 -0.112023   0.02641  9.81646e-06 -4.02157e-05 -2.95782e-05 0.00577857 0.00257375 0.00254045 -0.00383781 -0.00611968      -9.809 
             115.123  -0.197543   0.364599 0.00522082 -0.0310486  -0.129629    2.99592 0 0 0   -0.011 -0.02329  0.04412  0.337032 -0.114703  0.586005  8.83442e-06 -4.84791e-05 -0.000140007 0.00629887 0.00292374 0.00255476 -0.00388407 -0.00614097      -9.809 
             115.223 -0.248161   5.01551  0.364249 0.0210109 -0.109864   3.06965 0 0 0   -0.011 -0.02329  0.04412    0.44538 -0.0343582    1.04949  2.23034e-05   0.00172697 -0.000352077  0.00489695 0.000898026  0.00273723 -0.00374628 -0.00599866      -9.809 
             115.327 -0.362917    11.001  0.343153 0.0724798 -0.104953   3.19541 0 0 0   -0.011 -0.02329  0.04412    0.563634 -0.00480069     1.45824   4.4871e-05   0.00224417 -0.000363785  0.00459644 0.000389039  0.00209919 -0.00370195 -0.00596123      -9.809 
             115.421  -0.405955    15.2596 -0.0176764    0.12126 -0.0946314    3.29735 0 0 0   -0.011 -0.02329  0.04412  0.758206 0.0239998   1.52482 -2.73549e-05  0.000353243 -0.000193606   0.00505943 -0.000178016    0.0060093 -0.00392258 -0.00591799      -9.809 
             115.537 -0.484206   14.1115 -0.169911 0.229999 -0.10231  3.41318 0 0 0   -0.011 -0.02329  0.04412   1.00771 0.0109441    1.3042 -4.49206e-05   -0.0011208 -0.000116393  0.00393593 0.000425789      0.0116 -0.00433536 -0.00599341      -9.809 
             115.626 -0.622655   9.01203 0.0284603  0.344378 -0.102661   3.52484 0 0 0   -0.011 -0.02329  0.04412   1.15882 0.0171318   1.18357 -5.62829e-06  -0.00137527 -0.000208942  0.00298513 0.000477708   0.0120228 -0.00432206 -0.00601072      -9.809 
             115.727 -0.661885   5.74288 -0.106179  0.447267 -0.101901   3.67255 0 0 0   -0.011 -0.02329  0.04412   1.18443 0.0217633   1.15084 -3.10705e-05  -0.00096153 -0.000117693  0.00470172 0.000623748  0.00914801 -0.00405147 -0.00598993      -9.809 
             115.822 -0.709939   3.61349 -0.211451  0.564891 -0.102089   3.81349 0 0 0   -0.011 -0.02329  0.04412   1.18999 0.0231013   1.10588 -2.73861e-05  -0.00044357 -5.32748e-05  0.00545431 0.000824961  0.00650734 -0.00376002 -0.00598411      -9.809 
             115.926  -0.718102    2.65011 -0.0197528   0.693454 -0.0985779    3.94645 0 0 0   -0.011 -0.02329  0.04412  1.19115 0.034738  1.04461   9.5614e-06 -0.000255967 -0.000160363  0.00556225 0.000799487   0.0045134 -0.00353421 -0.00597019      -9.809 
             116.026   -0.66938    1.94852 -0.0562217   0.809471 -0.0902137    4.07706 0 0 0   -0.011 -0.02329  0.04412   1.17542 0.0515993   1.02163  1.73869e-05 -0.000271189 -0.000141081  0.0060129 0.00058041 0.00201744 -0.00331458 -0.00593214      -9.809 
             116.125 -0.570771   1.23605 -0.142454   0.936306 -0.0872641     4.1971 0 0 0   -0.011 -0.02329  0.04412   1.16046 0.0533234  0.969167  8.97863e-07 -0.000346031 -9.28653e-05  0.00589841 0.000725426 0.000623573 -0.00319616 -0.00593583      -9.809 
             116.222 -0.514872   0.33118 -0.140837    1.05932 -0.0973563    4.29215 0 0 0   -0.011 -0.02329  0.04412   1.14899 0.0283321  0.903425  1.15308e-05 -0.000358745 -9.24703e-05   0.0052733  0.00158427 0.000134806  -0.0031309 -0.00600756      -9.809 
              116.33 -0.450473 -0.348665 -0.172212    1.18441 -0.0885887    4.39037 0 0 0   -0.011 -0.02329  0.04412   1.11128 0.0443962  0.837073   1.8462e-05  -0.00038661 -7.22101e-05   0.00504079    0.0012586 -0.000293009 -0.00309134 -0.00598281      -9.809 
             116.425  -0.361014   -1.09944 -0.0239665    1.29412 -0.0870399    4.47097 0 0 0   -0.011 -0.02329  0.04412   1.05782 0.0409206  0.769915  1.33044e-05 -0.000291668 -0.000149008   0.00494522     0.001418 -0.000347246 -0.00308475 -0.00599605      -9.809 
             116.524 -0.278064  -1.55619 -0.115844    1.39589 -0.0859074    4.53744 0 0 0   -0.011 -0.02329  0.04412  0.998347 0.0372284  0.693387  1.87806e-05 -0.000246963 -9.41677e-05  0.00488163   0.0015723 4.58725e-05 -0.00308644 -0.00601135      -9.809 
             116.621 -0.195156  -1.92086 -0.182008    1.49097 -0.0735711    4.59523 0 0 0   -0.011 -0.02329  0.04412  0.942085 0.0560354   0.62107  1.20047e-05 -0.000219235 -5.05821e-05  0.00469551  0.00104585 0.000438191 -0.00306515 -0.00597628      -9.809 
              116.72 -0.154849   -2.2167  -0.21246    1.59949 -0.0895254    4.65491 0 0 0   -0.011 -0.02329  0.04412  0.895793 0.0164071    0.5567   1.6399e-05 -0.000214292 -2.40673e-05  0.00402041  0.00216688 0.000537237 -0.00302665 -0.00607187      -9.809 
             116.826 -0.0909013   -2.51733 -0.0743146      1.679 -0.0842292    4.70864 0 0 0   -0.011 -0.02329  0.04412  0.803096 0.0201669  0.495432  2.42546e-06  -0.00019283 -8.97577e-05  0.00458895  0.00202892 0.000617847 -0.00306813 -0.00605353      -9.809 
             116.926 -0.0799025   -2.75137  -0.100682     1.7515 -0.0749762    4.75432 0 0 0   -0.011 -0.02329  0.04412  0.727046 0.0326641   0.44267  1.17725e-05 -0.000168151 -6.97648e-05  0.00475611  0.00163908 0.000656777 -0.00307506 -0.00602182      -9.809 
             117.027 -0.0266933   -2.92287 -0.0557616    1.81426 -0.0620124    4.79578 0 0 0   -0.011 -0.02329  0.04412  0.645307 0.0490759  0.394262 -9.11677e-06 -0.000147444 -9.41089e-05  0.00506937  0.00112996 0.000649123 -0.00309246 -0.00597894      -9.809 
             117.122 -0.0207466    -3.0247 0.00437098    1.87169 -0.0618128    4.81445 0 0 0   -0.011 -0.02329  0.04412  0.580251 0.0375977  0.319416 -1.33671e-05 -0.000148879 -0.000126082 0.00514436 0.00138681 0.00163784 -0.00307155 -0.00599956      -9.809 
             117.227 -0.0185184   -3.09732  -0.110768    1.93833 -0.0717107    4.85037 0 0 0   -0.011 -0.02329  0.04412  0.516025 0.0103625  0.278459 -1.50451e-05 -0.000136857 -5.84989e-05 0.00481324 0.00209648 0.00147033 -0.00306216 -0.00605716      -9.809 
              117.33 -0.0227078   -3.14264  0.0356313    1.97241 -0.0698942    4.87591 0 0 0   -0.011 -0.02329  0.04412   0.418875 0.00726989   0.236744 -1.77753e-05 -0.000120163 -0.000136244 0.00563027 0.00212557 0.00146134 -0.00312302 -0.00604776      -9.809 
             117.424 -0.0318486   -3.13908  0.0391773    2.01082 -0.0545372    4.89176 0 0 0   -0.011 -0.02329  0.04412  0.366493 0.0343495  0.196236 -9.90195e-06 -0.000117398 -0.000135366 0.00547669 0.00130403 0.00173696    -0.00309 -0.00598897      -9.809 
             117.524 -0.013574   -3.1111 0.0420821    2.04307 -0.0444669    4.90678 0 0 0   -0.011 -0.02329  0.04412  0.304527 0.0451252  0.159791 -1.08944e-05 -0.000107585 -0.000135905 0.00552005 0.00093751 0.00190012 -0.00308164 -0.00596123      -9.809 
             117.627 -0.0176586   -3.06666 -0.0546955    2.06565 -0.0437471    4.92791 0 0 0   -0.011 -0.02329  0.04412  0.226747 0.0345211  0.140668 -3.04676e-06 -8.13714e-05 -8.24938e-05 0.00587724 0.00119502 0.00155946 -0.00312519 -0.00597543      -9.809 
             117.723 0.00298803   -2.96005 -0.0786967    2.07769 -0.0338325    4.93734 0 0 0   -0.011 -0.02329  0.04412  0.162963 0.0432564  0.113624 -5.97702e-06 -7.50912e-05 -6.65879e-05   0.0062197 0.000884048  0.00169158 -0.00314032 -0.00594791      -9.809 
             117.827  0.0160654   -2.84665 -0.0476392    2.10827 -0.0397227    4.94276 0 0 0   -0.011 -0.02329  0.04412  0.137777 0.0259564 0.0824079 -8.20564e-06 -7.56879e-05 -7.84512e-05 0.00547378 0.00130523 0.00206967 -0.00307575 -0.00598873      -9.809 
             117.925  0.0385653   -2.71934 -0.0994613     2.1107 -0.0348758    4.95051 0 0 0   -0.011 -0.02329  0.04412 0.0754578 0.0257156 0.0667836  -9.1634e-06 -6.11249e-05 -4.67934e-05 0.00591247 0.00126015 0.00199621 -0.00310981 -0.00597968      -9.809 
             118.025 0.0443861  -2.53394 0.0368423    2.11465 -0.0339778    4.95169 0 0 0   -0.011 -0.02329  0.04412 0.0306314 0.0194921 0.0436299 -6.59153e-06 -7.12897e-05 -0.000124783 0.00602646 0.00136243 0.00225758 -0.00310834 -0.00598561      -9.809 
             118.125  0.0506011   -2.34776 -0.0357938    2.11941 -0.0323292    4.94922 0 0 0   -0.011 -0.02329  0.04412 -0.002003 0.0171689 0.0181035 -9.04811e-06 -7.05135e-05 -8.86649e-05 0.00586655 0.00135465 0.00263318 -0.00308153 -0.00598699      -9.809 
             118.223  0.0640391   -2.12514 -0.0559616    2.11365 -0.0246004    4.95601 0 0 0   -0.011 -0.02329  0.04412 -0.0419779  0.0254046  0.0169462 -1.45083e-05 -6.31391e-05 -8.02521e-05 0.00602365 0.00104872 0.00229717 -0.00310207  -0.0059629      -9.809 
             118.329 0.0296216  -1.95674 0.0247549    2.09704 -0.0123714    4.95941 0 0 0   -0.011 -0.02329  0.04412 -0.0910974  0.0387168  0.0110976  6.32581e-06 -4.26359e-05 -0.000125021  0.00650347 0.000620884  0.00212635 -0.00313726 -0.00592585      -9.809 
             118.423 0.0644733  -1.72781 -0.149034     2.08894 -0.00949963     4.95507 0 0 0   -0.011 -0.02329  0.04412  -0.110935  0.0354722 -0.0047461 -9.15576e-06  -5.9123e-05 -2.76736e-05  0.00644728 0.000647506  0.00240281 -0.00312362  -0.0059283      -9.809 
             118.522  0.123732  -1.60491 -0.109642    2.07597 0.00748277    4.96004 0 0 0   -0.011 -0.02329  0.04412    -0.13209    0.057267 0.000245636 -3.59441e-05 -2.64619e-05 -4.85174e-05    0.0064041 -7.30972e-05   0.00207606 -0.00312247 -0.00587729      -9.809 
             118.622  0.072903  -1.38126 -0.191597    2.05997 0.00498232    4.96533 0 0 0   -0.011 -0.02329  0.04412   -0.15636  0.0400288 0.00572441 -2.07809e-06 -3.29712e-05  4.16489e-07  0.00652997 0.000365442  0.00178555 -0.00314608 -0.00590734      -9.809 
              118.73 0.0870647  -1.10404 0.0273513     2.04539 -0.00249773     4.96398 0 0 0   -0.011 -0.02329  0.04412   -0.167053   0.0150939 -0.00147593 -2.42836e-06 -5.60927e-05 -0.000122081  0.00646818 0.000950974  0.00189753 -0.00314596  -0.0059498      -9.809 
             118.823  0.176553 -0.730649 -0.166256    2.03418 0.00517522    4.96011 0 0 0   -0.011 -0.02329  0.04412  -0.161335     0.0239 -0.0107226 -3.24292e-05 -0.000134344 -1.35692e-05  0.00619839 0.000566934  0.00211513 -0.00311638 -0.00592581      -9.809 
             118.924  0.226669 -0.430218  0.104312   2.01846 0.0117954   4.95976 0 0 0   -0.011 -0.02329  0.04412  -0.160539  0.0274953 -0.0122953 -2.59973e-05 -0.000186929  -0.00016106  0.00615559 0.000329163  0.00206774 -0.00311143 -0.00590958      -9.809 
             119.025 -0.117345 -0.802501  0.179028   2.0081 0.012046  4.96366 0 0 0   -0.011 -0.02329  0.04412   -0.162344   0.0285518 -0.00623485  0.00020304 0.000146537 -0.00019483  0.00578113 0.000436389   0.0018412 -0.00309171 -0.00592236      -9.809 
              119.12     0.2588  -0.393778 -0.0812803      2.0058 -0.00193098     4.95404 0 0 0   -0.011 -0.02329  0.04412   -0.140978 -0.00590419  -0.0232119  2.50602e-05  1.32545e-05 -4.17852e-05 0.00524794 0.00118635 0.00234752 -0.00305439 -0.00598129      -9.809 
             119.228  0.349366 -0.242772  0.100029    1.98149 0.00268401    4.97636 0 0 0   -0.011 -0.02329  0.04412   -0.157584 -0.00297297   0.0157771  1.28587e-06  3.68396e-06 -0.000133834 0.00567186 0.00096666 0.00109614 -0.00310204 -0.00596271      -9.809 
             119.324  0.200098  -0.24103 0.0765222   1.96936 -0.012244   4.96779 0 0 0   -0.011 -0.02329  0.04412   -0.155214  -0.0302787 -0.00181158  8.76157e-05  8.42437e-05 -0.000117122 0.00561146 0.00171503 0.00162252 -0.00309962 -0.00601492      -9.809 
             119.426 0.00504424   -0.17841   0.201962    1.96075 -0.0177402    4.96845 0 0 0   -0.011 -0.02329  0.04412   -0.134199  -0.0121594 0.000175079  0.000171064  0.000113025 -0.000186945 0.00527346 0.00180199 0.00160944 -0.00307756 -0.00602507      -9.809 
             119.523  0.187546  0.337041 0.0642335   1.96135 -0.015795   4.95393 0 0 0   -0.011 -0.02329  0.04412 -0.00720483    0.190781   -0.070826 -1.28586e-05 -0.000110918 -0.000101191 0.00493495 0.00223308  0.0022866 -0.00305267 -0.00605734      -9.809 
             119.626 -7.18796  4.01957  1.95303   1.91757 0.0091128   4.97132 0 0 0   -0.011 -0.02329  0.04412 -0.0946417   0.239413   -0.13216 -0.000438209 -0.000299167  0.000182101 0.00721966 0.00227751 0.00067189 -0.00322112 -0.00603842      -9.809 
             119.724 -12.1647  6.37657  9.69823   1.89983 0.0090241   4.96887 0 0 0   -0.011 -0.02329  0.04412 -0.096808  0.262579 -0.120066 -0.00167767 0.000216401  0.00035471  0.00787161  0.00355021 9.91054e-05 -0.00327782 -0.00612125      -9.809 
             119.834 -15.4058  7.69339  22.7524   1.91155 0.0605855   4.89673 0 0 0   -0.011 -0.02329  0.04412 -0.00113246    0.540753  -0.0673597 -0.000615432  9.27098e-05 -1.00131e-05  0.0067516 0.00293567 0.00346735 -0.00321759 -0.00612579      -9.809 
             119.926 -13.3954  8.83563  40.8011   1.8819 0.190323  4.79227 0 0 0   -0.011 -0.02329  0.04412 -0.0609457    0.92495  -0.237297  0.000725012 -0.000594661   9.8869e-05  0.00713179 -0.00133328  0.00969388 -0.00356633  -0.0061959      -9.809 
              120.03 -8.81143  8.49667  54.7571  1.89996 0.315148  4.80532 0 0 0   -0.011 -0.02329  0.04412 -0.0742594    1.16833   -0.13207   0.00122683 -0.000770264   0.00033146  0.00583936 -0.00123599  0.00686953 -0.00339312 -0.00577933      -9.809 
             120.121 -3.78782  7.08333  67.1102  1.90485 0.424074  4.83672 0 0 0   -0.011 -0.02329  0.04412 -0.0840057    1.26301 -0.0174372  0.000875186 -0.000559957  0.000533397  0.00572498 -0.00018911  0.00362411 -0.00313974 -0.00535679      -9.809 
             120.245 -1.18156  5.74501  74.3643  1.88978 0.589824  4.84719 0 0 0   -0.011 -0.02329  0.04412 -0.105003   1.31996 0.0124075  0.000341658 -0.000296777  0.000751885   0.00603003 -0.000107355   0.00280974 -0.00311441 -0.00532276      -9.809 
             120.322 0.114285  4.34875  80.6688 1.85339 0.66048 4.88463 0 0 0   -0.011 -0.02329  0.04412 -0.157471   1.26102 0.0943874 -9.77477e-05 -0.000142088   0.00109452   0.00926159 -0.000496101  0.000638065 -0.00270259 -0.00631498      -9.809 
             120.426 0.234004  3.60061   83.587  1.83209 0.778538  4.89165 0 0 0   -0.011 -0.02329  0.04412 -0.162276   1.23765 0.0885222 -0.000165902 -0.000120214  0.000840564    0.0100552 -0.000754615  0.000928381 -0.00255479 -0.00671882      -9.809 
             120.523 0.206332  2.58228   86.288  1.81949 0.878025  4.89678 0 0 0   -0.011 -0.02329  0.04412 -0.153332   1.17795  0.083077 -0.000138685 -0.000154271  0.000469362     0.011452 -0.000620913   0.00140333 -0.00199119 -0.00727401      -9.809 
             120.625 0.264072  1.51203  87.6347  1.80803 0.987873  4.91246 0 0 0   -0.011 -0.02329  0.04412 -0.140803   1.14121   0.10201 -9.42146e-05 -0.000181653  0.000283766    0.0119547 -0.000385541   0.00104252 -0.00173434 -0.00735582      -9.809 
              120.72 0.405427 0.667601  88.4828 1.81182  1.0813 4.91701 0 0 0   -0.011 -0.02329  0.04412 -0.106163   1.09078  0.096753 -5.24742e-06 -0.000256536  4.78732e-05   0.0126094 0.000695133  0.00144345 -0.00112752  -0.0071855      -9.809 
             120.842  0.725504 -0.232561   89.0519 1.80773 1.19835 4.92694 0 0 0   -0.011 -0.02329  0.04412 -0.0767182    1.00191  0.0967566 -6.44441e-06 -0.000166571 -0.000207319  0.0137084 0.00101032 0.00169152 -0.000553273  -0.00740541       -9.809 
             120.925  1.17756 -1.01681  88.9747 1.82168 1.30592 4.93749 0 0 0   -0.011 -0.02329  0.04412 -0.0195351    1.01084   0.103133 -2.37863e-05 -0.000126115 -0.000188543   0.011835 0.00354212 0.00143961 -0.000775982  -0.00576859       -9.809 
             121.023  1.39453 -1.43378   88.895 1.83582 1.39406 4.93934 0 0 0   -0.011 -0.02329  0.04412 0.0270288  0.941562 0.0876307 -2.69943e-06  -6.3715e-05 -0.000182807  0.0124696  0.0046263 0.00192674 -0.000216372  -0.00546604       -9.809 
             121.126  1.67195 -1.78168  88.7415 1.85082 1.48333 4.94032 0 0 0   -0.011 -0.02329  0.04412 0.0711051  0.872272 0.0716174 -7.93942e-06  -8.0193e-06 -0.000139851  0.0128238 0.00549872 0.00238068 0.000153124  -0.0051676      -9.809 
             121.221  1.91561 -2.02321  88.7709 1.87525 1.55028 4.94669 0 0 0   -0.011 -0.02329  0.04412  0.121873  0.791742 0.0661381 -2.87324e-05  3.34201e-05 -0.000189384  0.0139296 0.00642112 0.00246187 0.000882776 -0.00502238      -9.809 
             121.327  2.07189 -2.13682  88.5472 1.91739 1.62608 4.95555 0 0 0   -0.011 -0.02329  0.04412  0.195742   0.71236 0.0619974  -4.9016e-05  5.10302e-05 -7.90285e-05   0.014803 0.00834725 0.00247176  0.00172863 -0.00434839      -9.809 
             121.421  2.11312 -2.22487    88.55 1.93787 1.69725 4.94642 0 0 0   -0.011 -0.02329  0.04412  0.226529  0.667238 0.0336669 -6.16196e-05  8.01566e-05  -7.6956e-05  0.0142539 0.00889768 0.00328129  0.00158528 -0.00396022      -9.809 
             121.523  2.08837 -2.22199  88.4719 1.97098 1.76219 4.94057 0 0 0   -0.011 -0.02329  0.04412  0.267612    0.6092 0.0154611 -7.63903e-05  6.81787e-05 -1.61003e-05  0.0143713 0.00971704 0.00378939  0.00181879 -0.00360259      -9.809 
             121.621  2.01218 -2.20722  88.7675 1.99938 1.81619 4.95306 0 0 0   -0.011 -0.02329  0.04412   0.29157  0.546992 0.0312304 -0.000114935  8.30402e-05 -0.000148743  0.0145278 0.00967283 0.00317735 0.00189247  -0.003664     -9.809 
             121.731 1.86413 -2.1449 88.6673 2.04463 1.87191 4.97492 0 0 0   -0.011 -0.02329  0.04412  0.329464  0.478467 0.0573615 -0.000147721  9.24123e-05 -5.77605e-05  0.0148615  0.0102728 0.00221645  0.00220439 -0.00346752      -9.809 
             121.825  1.53807 -2.06671  88.9355 2.07043 1.92196 4.98011 0 0 0   -0.011 -0.02329  0.04412  0.33704 0.441098 0.054969 -0.000176639  9.66506e-05  -0.00015454 0.0141822 0.0101719 0.0022244  0.00186511 -0.00336033      -9.809 
             121.921  1.23852 -2.03874  88.8353 2.10952 1.95604  4.9899 0 0 0   -0.011 -0.02329  0.04412  0.355355  0.384418 0.0612169 -0.000180609  0.000116474 -5.45115e-05  0.0146895  0.0104423 0.00197404 0.00216866 -0.0033515     -9.809 
             122.025 0.899708 -1.94834  88.9679 2.14194  2.0021 4.99151 0 0 0   -0.011 -0.02329  0.04412  0.353425  0.350513 0.0517537 -0.000173977  0.000110328 -8.16238e-05  0.0139817  0.0104969 0.00223399  0.00184858 -0.00316211      -9.809 
             122.121 0.558729 -1.86521  88.9861 2.16744 2.03143 4.99543 0 0 0   -0.011 -0.02329  0.04412  0.331979  0.296144 0.0484839  -0.00017638  0.000114486 -4.81992e-05  0.0141008 0.00959001 0.00227964  0.00168896 -0.00361194      -9.809 
             122.223 0.214915 -1.77844  88.9844 2.20062 2.06859 5.00094 0 0 0   -0.011 -0.02329  0.04412  0.326389  0.271129 0.0465095 -0.000189068  0.000113147 -1.01192e-05  0.0134132 0.00996432 0.00227396  0.00146029 -0.00328079      -9.809 
              122.32 -0.21229 -1.74726  89.0765 2.22378   2.083 5.00128 0 0 0   -0.011 -0.02329  0.04412  0.296555  0.212327 0.0369779 -0.000167474  0.000143739 -3.06364e-05  0.0140347 0.00900618 0.00243596  0.00151707 -0.00386555      -9.809 
             122.438 -0.505162  -1.46978   89.1589 2.25652 2.10431 4.99994 0 0 0   -0.011 -0.02329  0.04412  0.274784  0.171627 0.0223028 -0.000207548  2.54172e-05 -5.47185e-05  0.0141417 0.00890108 0.00269752  0.00153748 -0.00393535      -9.809 
             122.523 -0.921105  -1.46754   88.8944 2.27145 2.13202 5.02009 0 0 0   -0.011 -0.02329  0.04412  0.238767  0.165229 0.0491059 -0.000168427  4.89494e-05  0.000111285  0.0129008 0.00868556 0.00178625 0.000928377 -0.00376037      -9.809 
             122.625 -1.12119 -1.49942  89.2004 2.29379 2.15058  5.0206 0 0 0   -0.011 -0.02329  0.04412  0.213289  0.139799 0.0383693 -0.000195505  8.20415e-05 -5.13172e-05  0.0126434 0.00878161 0.00201234 0.000830765 -0.00365376      -9.809 
             122.723 -1.38036     -1.5  89.2436 2.30184 2.17208 5.02308 0 0 0   -0.011 -0.02329  0.04412  0.168692  0.125293 0.0331093 -0.000185829  0.000100744 -6.89294e-05  0.0117765 0.00827689 0.00206813 0.000314024 -0.00368344      -9.809 
             122.823 -1.55559 -1.43283  89.1903 2.31346 2.18188 5.00976 0 0 0   -0.011 -0.02329  0.04412   0.133721   0.094106 0.00199567 -0.000175953  9.74367e-05 -3.85381e-05  0.0118698  0.0079705 0.00288187 0.000279581  -0.0038339      -9.809 
              122.92 -1.68317  -1.3634  89.0888  2.3168 2.19111 5.00345 0 0 0   -0.011 -0.02329  0.04412  0.0882081  0.0671945 -0.0131463 -0.000162354  8.82232e-05  1.25515e-05   0.011704 0.00736762 0.00317417 6.05484e-05 -0.00406599      -9.809 
             123.022 -1.76431 -1.31844  89.2948 2.3258  2.191 5.0015 0 0 0   -0.011 -0.02329  0.04412  0.0576049  0.0313297 -0.0196285 -0.000155585  9.96291e-05 -0.000107069  0.0121553 0.00726145 0.00319222  0.00024107 -0.00421873      -9.809 
             123.125 -1.82206 -1.27279  89.1637 2.35302 2.18452 5.01177 0 0 0   -0.011 -0.02329  0.04412   0.0615038 -0.00173994 -0.00672296 -0.000144412  9.88063e-05 -4.53303e-05  0.0130342 0.00859686 0.00266718 0.000955199 -0.00382532      -9.809 
             123.222 -1.86138 -1.21704  89.1646 2.34476 2.17842 5.00875 0 0 0   -0.011 -0.02329  0.04412   0.010913 -0.0350847 -0.0107009 -0.00013629 8.06718e-05 -6.0652e-05  0.0132421 0.00743491 0.00272341 0.000776262 -0.00439771      -9.809 
             123.323 -1.84257 -1.16717  89.0237  2.3483 2.16977 4.99748 0 0 0   -0.011 -0.02329  0.04412 -0.0134804  -0.061291 -0.0257634 -0.000112144  6.95384e-05   3.7286e-06  0.0136197 0.00757462 0.00322349 0.000982176 -0.00441531      -9.809 
             123.421 -1.75449 -1.15181  89.0775 2.32744  2.1762 4.99474 0 0 0   -0.011 -0.02329  0.04412 -0.0674074 -0.0598573 -0.0234506 -0.000111376  9.77703e-05 -4.11995e-05  0.0124166 0.00670464 0.00317136 0.000234416 -0.00452752      -9.809 
             123.524 -1.67832 -1.08898  89.0663 2.31154 2.16916 4.99182 0 0 0   -0.011 -0.02329  0.04412  -0.104648 -0.0788642 -0.0220429 -0.000123952  0.000105679 -5.13514e-05  0.0123243 0.00610763 0.00316753 5.27977e-05  -0.0047737      -9.809 
             123.622   -1.6069 -0.978617   89.0848 2.29188 2.15917 4.98679 0 0 0   -0.011 -0.02329  0.04412  -0.140881 -0.0994235 -0.0245949 -0.000121655  0.000106499 -7.77332e-05  0.0123529 0.00539496 0.00326997 -0.000100574  -0.00509744       -9.809 
             123.724  -1.52025 -0.878506   89.0182 2.27957 2.14342 4.99407 0 0 0   -0.011 -0.02329  0.04412   -0.157341    -0.11988 -0.00707104 -0.000113568  0.000108159 -5.61599e-05  0.0126922 0.00548754 0.00281029 6.90119e-05 -0.00514134      -9.809 
             123.824  -1.41491 -0.777985   88.9647 2.27088 2.13468 4.99901 0 0 0   -0.011 -0.02329  0.04412 -0.160169 -0.121129  0.004047 -0.000102347  0.000102729 -4.17972e-05  0.0125179 0.00617965 0.00258616 0.000151095 -0.00479622      -9.809 
             123.924  -1.29868 -0.729151   88.9876 2.24915 2.12172 5.00187 0 0 0   -0.011 -0.02329  0.04412 -0.182894 -0.133099 0.0115378  -8.9469e-05  0.000127522 -6.65914e-05  0.0124845 0.00576923 0.00244695 3.88516e-05 -0.00497238      -9.809 
             124.025    -1.132 -0.592593   88.9394 2.23649 2.11692 4.99517 0 0 0   -0.011 -0.02329  0.04412   -0.178175   -0.120784 0.000989521 -9.07176e-05  0.000101685 -4.95879e-05  0.0119507 0.00660134 0.00288348 3.81078e-07 -0.00447489      -9.809 
             124.122 -0.946799 -0.505367   88.8838 2.20531 2.10046 4.99614 0 0 0   -0.011 -0.02329  0.04412  -0.210635  -0.138366 0.00516538 -8.25627e-05  0.000104755 -2.70545e-05  0.0121036 0.00542705 0.00277266 -0.000207331  -0.00502991       -9.809 
             124.224  -0.76591 -0.379735   88.8201 2.18152 2.09881 4.99785 0 0 0   -0.011 -0.02329  0.04412  -0.216004  -0.118666 0.00827628 -8.51989e-05  8.56059e-05  2.61126e-06   0.011189 0.00569101 0.00270808 -0.000550256  -0.00470249       -9.809 
              124.32 -0.585256 -0.106211   89.0264 2.15664 2.08763 4.99165 0 0 0   -0.011 -0.02329  0.04412   -0.223097   -0.116823 -0.00200884 -0.000101695 -2.29802e-05 -0.000117822  0.0111517 0.00537347 0.00306367 -0.000637718  -0.00482962       -9.809 
             124.422 -0.469709 -0.222607   88.8909 2.13092 2.07042 4.99931 0 0 0   -0.011 -0.02329  0.04412 -0.229731 -0.129546 0.0126418 -8.40132e-05  8.03865e-05 -4.36484e-05  0.0114735 0.00493855 0.00263521 -0.000601212  -0.00509862       -9.809 
             124.521 -0.302543  0.023352   88.7885 2.10697 2.06615 4.99666 0 0 0   -0.011 -0.02329  0.04412  -0.223334  -0.108105 0.00631057 -8.69208e-05 -9.33354e-06  1.09882e-05  0.0108438 0.00521559 0.00286041 -0.000810946  -0.00483003       -9.809 
             124.622 -0.0408128   -0.12703    88.8698 2.08106 2.04836 5.00573 0 0 0   -0.011 -0.02329  0.04412 -0.224353  -0.12307 0.0215905 -0.000136812  0.000109815 -3.31954e-05  0.0112713 0.00466789 0.00240221 -0.000754675  -0.00517081       -9.809 
             124.721 -0.158827  0.163986   88.9329 2.05509 2.02161 5.00415 0 0 0   -0.011 -0.02329  0.04412 -0.231768 -0.145476 0.0171538  1.70583e-05 -1.73491e-05 -6.81055e-05   0.012297 0.00386048  0.0025468 -0.000494822  -0.00575779       -9.809 
             124.821 -0.489089  0.576402   89.2062 2.02874 2.01259 4.99862 0 0 0   -0.011 -0.02329  0.04412  -0.237894  -0.122288 0.00647615  0.000255138 -0.000207543 -0.000217894  0.0119484 0.00382858 0.00291307 -0.000652242  -0.00568936       -9.809 
             124.927 0.0562238  0.237938   89.0038 2.01604 1.99479 5.01269 0 0 0   -0.011 -0.02329  0.04412  -0.20652 -0.123171 0.0284375  1.38039e-05 -6.06126e-07 -0.000104227 0.0123779 0.0044944 0.0023104 -0.000313091  -0.00550287       -9.809 
              125.02  0.412291 0.0708019   88.8011 1.99636 1.98814 5.01981 0 0 0   -0.011 -0.02329  0.04412 -0.193538 -0.112888 0.0374547 -9.93068e-05  0.000109141  9.21735e-06  0.0120265 0.00454892 0.00208855 -0.000453102  -0.00539893       -9.809 
             125.138 0.494699 0.240915  88.9108 1.97202 1.98201  5.0097 0 0 0   -0.011 -0.02329  0.04412  -0.174943 -0.0944531  0.0181165 -8.68646e-05  3.79428e-05 -4.58103e-05  0.0115613 0.00459918 0.00274736 -0.00064091 -0.00526873      -9.809 
              125.22 0.314884 0.489469  89.1974  1.9547 1.98053 5.01297 0 0 0   -0.011 -0.02329  0.04412  -0.172509 -0.0746048  0.0218854  8.00764e-05 -6.55949e-05   -0.0001935  0.0111434 0.00456857 0.00264805 -0.000828165  -0.00518572       -9.809 
             125.327 0.729289 0.111863   88.835 1.94988 1.96832 5.02064 0 0 0   -0.011 -0.02329  0.04412 -0.132558 -0.078587  0.029009 -0.00010478 0.000172082  1.0896e-05  0.0115479 0.00524646 0.00242056 -0.00049714 -0.00498846      -9.809 
             125.425 0.752016 0.403433   88.941 1.94969  1.9607 5.05405 0 0 0   -0.011 -0.02329  0.04412 -0.0985574 -0.0644975   0.073743 -5.93762e-05  2.68696e-05 -3.99251e-05    0.011737  0.00608564 0.000999003 -0.000221127  -0.00467278       -9.809 
              125.52 0.795114 0.150766  89.0756 1.94884 1.94518 5.03449 0 0 0   -0.011 -0.02329  0.04412 -0.0694552 -0.0793296  0.0284518 -4.59123e-05  0.000174128  -0.00011232  0.0124308 0.00634239 0.00234976 0.000133031 -0.00472456      -9.809 
             125.622 0.853834   0.2639   88.855 1.93745 1.94238 5.03952 0 0 0   -0.011 -0.02329  0.04412 -0.0591519 -0.0652968  0.0289394 -6.49172e-05  0.000110497  1.57546e-05  0.0120534 0.00614134 0.00222463 -7.41666e-05  -0.00472315       -9.809 
             125.725 0.573142 0.587276  89.0554 1.94459  1.9158 5.04171 0 0 0   -0.011 -0.02329  0.04412 -0.0329048 -0.0873682  0.0232365  8.62504e-05 -6.62713e-05 -8.25555e-05  0.0135565 0.00632275  0.0022651  0.00060708 -0.00499106      -9.809 
             125.824 0.841679 0.412105  89.4028 1.93712 1.91313 5.04628 0 0 0   -0.011 -0.02329  0.04412 -0.0212725 -0.0715029  0.0230722 -7.61874e-05  3.40615e-05 -0.000264164  0.0130857 0.00616193 0.00212843 0.000370783 -0.00495077      -9.809 
             125.921 0.781348 0.312864  88.9564 1.94924 1.90283 5.03755 0 0 0   -0.011 -0.02329  0.04412    0.0158898   -0.0700445 -2.43489e-05 -8.42483e-05  9.68119e-05 -1.30729e-05  0.0134958 0.00700756 0.00270923 0.000736912 -0.00468962      -9.809 
             126.028 0.723967 0.345938  88.8531 1.93593 1.91485  5.0429 0 0 0   -0.011 -0.02329  0.04412 0.00754383  -0.032559 0.00474511 -9.56809e-05  9.01464e-05  4.90268e-05  0.0120705 0.00653989 0.00241107 2.85996e-05 -0.00455946      -9.809 
              126.12 0.539167 0.469361  88.8991  1.9365 1.89885 5.04269 0 0 0   -0.011 -0.02329  0.04412  0.0110129  -0.050239 0.00122704 -4.78882e-05  4.65777e-05  2.80632e-05  0.0129679 0.00608456 0.00242939 0.000301664 -0.00495585      -9.809 
             126.225 0.558511 0.666025  88.9382 1.94186 1.89822 5.06511 0 0 0   -0.011 -0.02329  0.04412  0.0273831 -0.0300137  0.0333021 -0.000111194 -3.50929e-05  1.34228e-05  0.0127141 0.00634418 0.00132439 0.000260059 -0.00478514      -9.809 
             126.321 0.392838 0.708325  88.8804 1.95039 1.88207 5.05908 0 0 0   -0.011 -0.02329  0.04412   0.041483 -0.0444744  0.0157776 -9.66935e-05  -3.5024e-05  5.52635e-05  0.0137127  0.0063511 0.00178968 0.000677638 -0.00501189      -9.809 
              126.42 0.00522723   0.797298    89.0089 1.94054 1.89056 5.05439 0 0 0   -0.011 -0.02329  0.04412   0.019252 -0.0115718 0.00396669  5.18499e-05 -7.44008e-05 -6.59511e-06    0.01272 0.00583125  0.0020815 0.000142329 -0.00500328      -9.809 
             126.521 0.332406 0.459389  88.9388 1.94687 1.89514  5.0461 0 0 0   -0.011 -0.02329  0.04412  0.0363214 0.00360042 -0.0123085 -0.000171769  0.000108486   4.0175e-05  0.0123813 0.00627591 0.00250909 0.000101609 -0.00474299      -9.809 
             126.624  0.25762 0.260452  89.0921 1.94764 1.89583 5.04205 0 0 0   -0.011 -0.02329  0.04412  0.0349833 0.00427239 -0.0441277 -0.00017189 0.000225529 -3.5861e-05  0.0123117 0.00607974 0.00262127 2.72482e-05 -0.00480895      -9.809 
             126.726 0.173618 0.409564  89.0079 1.94433  1.8942 5.00958 0 0 0   -0.011 -0.02329  0.04412 0.0230251 0.0222734 -0.593494 -0.000172845  0.000145697  2.93761e-05  0.0124211 0.00556097 0.00277564 -4.69048e-05  -0.00504893       -9.809 
             126.826 -0.331631  0.843959    90.212 1.92881 1.91683 4.92514 0 0 0   -0.011 -0.02329  0.04412 0.0114385 0.0944892 -0.949336   -0.0001478 -3.21294e-06  0.000325498  0.0110117 0.00492874 0.00315934 -0.000775837  -0.00499091       -9.809 
             126.929 -0.348454   1.22876   96.1235 1.94934 1.90921 4.81218 0 0 0   -0.011 -0.02329  0.04412 0.0452872 0.0864605  -1.22855 -0.000308731  0.000210521  0.000443688  0.0123773  0.0056276 0.00337591 -5.24571e-05  -0.00501378       -9.809 
             127.026 -0.307464    1.5884    107.95 1.88026 1.93981 4.63116 0 0 0   -0.011 -0.02329  0.04412 -0.0830337   0.109235   -1.53852 -0.000135002  0.000275262   0.00054857  0.0100787 0.00150509 0.00529927 -0.00193735 -0.00620703      -9.809 
              127.12 -0.0672658    1.27052    122.481 1.86417  1.9717 4.54548 0 0 0   -0.011 -0.02329  0.04412 -0.116374  0.161062  -1.59227  -8.9006e-05 -2.49363e-05   0.00115393 0.00870346 0.00165498 0.00230756 -0.00248735  -0.0058275      -9.809 
              127.22 0.234687 0.303754  136.647 1.85433 1.98066  4.4249 0 0 0   -0.011 -0.02329  0.04412 -0.136905  0.150371  -1.58792 -7.34649e-05 -0.000183728   0.00133093  0.00926202   0.0015182 0.000399291 -0.00227236 -0.00600192      -9.809 
             127.327  0.496235 -0.447663   149.897 1.83115 1.98542 4.25486 0 0 0   -0.011 -0.02329  0.04412 -0.157963   0.10865  -1.51537  1.14933e-05 -0.000196703   0.00132026  0.00965333 0.000382659  0.00066718 -0.00228547 -0.00661113      -9.809 
             127.423  0.779267 -0.732799   160.515 1.83174  1.9793 4.11135 0 0 0   -0.011 -0.02329  0.04412  -0.11531 0.0646842  -1.36731 -1.35124e-05 -3.67453e-05   0.00124384   0.0110084 0.000505692 0.000574502 -0.00159459 -0.00681081      -9.809 
             127.522  0.777375 -0.694123   167.344 1.84681 1.96527 3.99079 0 0 0   -0.011 -0.02329  0.04412 -0.0487385  0.0250142   -1.19779 -9.1347e-05 0.000118145  0.00113841   0.0130085 0.000796214 0.000233915 -0.000513338  -0.00697896       -9.809 
             127.621  0.551404 -0.559571   171.492 1.85223 1.95564 3.89912 0 0 0   -0.011 -0.02329  0.04412 -0.0134305  0.0025367   -1.00868 -0.000147568  0.000158334   0.00109001    0.0138865  0.000425177 -0.000897671 -5.62314e-05  -0.00729336       -9.809 
             127.722   0.27089 -0.481302   174.743  1.8849 1.95344 3.80629 0 0 0   -0.011 -0.02329  0.04412  0.0634171 0.00617999  -0.847521 -0.00016191 0.000119813 0.000634396   0.0161941  0.00200769 -0.00126554  0.00124137 -0.00657338      -9.809 
              127.82 0.0142245 -0.527976   176.635  1.9178 1.94295 3.71773 0 0 0   -0.011 -0.02329  0.04412  0.120508 -0.011989 -0.752774 -0.000110051  5.95362e-05  0.000385403    0.0184576   0.00229908 -0.000447852   0.0024832 -0.00648454      -9.809 
             127.924 -0.0560628  -0.652612    177.611 1.94607 1.93704 3.63878 0 0 0   -0.011 -0.02329  0.04412    0.16043 -0.0200689  -0.658645 -6.35705e-05  5.41311e-05   0.00022571  0.0198362 0.00248459 3.9613e-05  0.0032263 -0.0063755     -9.809 
             128.025 0.00741443  -0.749623    178.283 1.95804 1.94402 3.56242 0 0 0   -0.011 -0.02329  0.04412    0.165459 -0.00445415   -0.595626 -2.40456e-05  8.20543e-05  5.37873e-05   0.0194542  0.00316232 0.000957638  0.00296929 -0.00600142      -9.809 
              128.12 0.171488 -0.74352  178.636 1.96757 1.94178 3.49504 0 0 0   -0.011 -0.02329  0.04412    0.162301 -0.00848413   -0.559019  9.73279e-07  0.000106254 -4.81287e-05   0.018865 0.00287554 0.00202539  0.00267239 -0.00619526      -9.809 
             128.223 0.369148 -0.66668  178.754 1.96475 1.97409 3.42914 0 0 0   -0.011 -0.02329  0.04412  0.141188 0.0574198 -0.523074 -2.35366e-06  0.000132731 -7.61177e-05  0.0174336 0.00556388  0.0029512  0.00166608 -0.00480494      -9.809 
              128.32 0.576875 -0.48859  178.762 1.97785 1.98493 3.37475 0 0 0   -0.011 -0.02329  0.04412  0.146384 0.0757288 -0.486302 -8.56598e-06   0.00015592 -6.31063e-05  0.0174472 0.00605392 0.00345537  0.00162412 -0.00453827      -9.809 
             128.422 0.739108 -0.26166  178.781 2.00098 1.98799 3.32546 0 0 0   -0.011 -0.02329  0.04412  0.161879 0.0772904 -0.435673 -1.56393e-05  0.000168514 -6.26418e-05  0.0180912 0.00559718 0.00346132  0.00200854 -0.00472558      -9.809 
             128.523    0.90155 0.00237931    178.911  1.9993 1.99948 3.28223 0 0 0   -0.011 -0.02329  0.04412   0.12655 0.0911854 -0.398056 -1.80818e-05  0.000168566 -0.000123184  0.0164178 0.00577445 0.00360782   0.0011096 -0.00479405      -9.809 
             128.619  1.02822 0.231999  178.887 2.00384 2.00981 3.24563 0 0 0   -0.011 -0.02329  0.04412   0.10746  0.104419 -0.362479 -4.09928e-05  0.000154377 -9.77545e-05  0.0157275 0.00585209 0.00364987 0.000738012 -0.00482324      -9.809 
             128.721  1.07304 0.397877  178.827  2.0133 2.03467 3.21233 0 0 0   -0.011 -0.02329  0.04412 0.0997161  0.146862 -0.321983 -5.46508e-05  0.000145006 -5.29999e-05  0.0158481 0.00722268 0.00352002 0.000661716  -0.0040866      -9.809 
             128.825  1.07464 0.556159  179.079 2.00861 2.05427 3.18024 0 0 0   -0.011 -0.02329  0.04412 0.0606151  0.164948 -0.283905 -6.80241e-05  0.000138107 -0.000174232  0.0144809 0.00749016 0.00343541 -8.77491e-05   -0.0040897       -9.809 
              128.92  1.02987 0.704078  179.101 2.01427 2.06884 3.15286 0 0 0   -0.011 -0.02329  0.04412 0.0499022   0.17298 -0.261089 -7.61618e-05  0.000119761 -0.000169976  0.0145082 0.00735683  0.0036007 -5.95125e-05  -0.00415748       -9.809 
             129.023 0.969055 0.773907  179.119 2.00295 2.08412 3.13305 0 0 0   -0.011 -0.02329  0.04412 0.00414751   0.173441  -0.218627 -8.77443e-05  0.000113797 -0.000164246  0.0130031 0.00705618 0.00316709 -0.00082645 -0.00447143      -9.809 
             129.126 0.844362 0.853486  179.102 1.99672 2.09806 3.12013 0 0 0   -0.011 -0.02329  0.04412 -0.022711  0.169777 -0.167648 -0.000103741  0.000111854 -0.000138896  0.0123867 0.00652958 0.00244074 -0.00110199 -0.00480822      -9.809 
             129.221 0.659571 0.907595  179.132 1.98951 2.11088 3.10187 0 0 0   -0.011 -0.02329  0.04412 -0.0436232   0.167187   -0.15429 -0.000123461  0.000109075 -0.000142986  0.0119109 0.00620811 0.00272232 -0.00131992 -0.00502703      -9.809 
             129.324 0.484651 0.907928  179.173  1.9883 2.12742 3.08422 0 0 0   -0.011 -0.02329  0.04412 -0.048784   0.16754 -0.140037 -0.000114455    9.184e-05 -0.000156775  0.0122448 0.00617349 0.00297308  -0.0011388 -0.00501218      -9.809 
             129.427 0.309412 0.845801  178.974 1.99152 2.14811 3.06664 0 0 0   -0.011 -0.02329  0.04412 -0.0419979   0.174824  -0.131656 -0.000114944  6.81139e-05 -3.31792e-05   0.013071 0.00654527 0.00333642 -0.000738357   -0.0047355       -9.809 
             129.522 0.121443 0.733482  179.054 1.99952  2.1697 3.05713 0 0 0   -0.011 -0.02329  0.04412 -0.0246846   0.181811   -0.10759 -0.000118224  5.41657e-05 -6.15337e-05   0.014265 0.00696748 0.00312023 -0.000153297  -0.00439482       -9.809 
             129.629 -0.0498157   0.592469    178.968 1.99515 2.18295 3.05001 0 0 0   -0.011 -0.02329  0.04412 -0.0349155   0.162215 -0.0818283 -0.000115138  4.97461e-05   3.7694e-06  0.0140733 0.00645155 0.00283931 -0.000204199  -0.00468298       -9.809 
             129.721 -0.226746   0.43449   179.122 1.99209 2.19279 3.04345 0 0 0   -0.011 -0.02329  0.04412 -0.0386496   0.144359 -0.0683301 -0.000115602  4.72967e-05 -6.64274e-05  0.0140341 0.00602525  0.0028086 -0.000182602  -0.00490938       -9.809 
             129.823 -0.37623     0.31  179.238 1.98714 2.21389 3.03815 0 0 0   -0.011 -0.02329  0.04412 -0.0402449   0.146836 -0.0534964 -0.000110929  5.68472e-05 -0.000118255  0.0140429 0.00666882 0.00272271 -0.000242097  -0.00457296       -9.809 
             129.926 -0.523094  0.186135   179.263 2.00196 2.22294 3.03337 0 0 0   -0.011 -0.02329  0.04412 -0.00459001    0.124196  -0.0412203 -0.000107588  6.53654e-05 -0.000120876  0.0156017 0.00621157 0.00271817 0.000617206 -0.00466016      -9.809 
             130.026 -0.678001  0.115449   179.045 2.01405 2.22371 3.03474 0 0 0   -0.011 -0.02329  0.04412  0.0193135   0.089939 -0.0188919 -8.97456e-05  6.35826e-05  1.30083e-05  0.0165248 0.00529062 0.00230971  0.00118791 -0.00505086      -9.809 
              130.12 -0.758012 0.0405425   179.154 2.01399  2.2299 3.03038 0 0 0   -0.011 -0.02329  0.04412   0.018999  0.0717371 -0.0191517 -9.01116e-05  8.16967e-05  -3.6204e-05  0.0163326 0.00514095 0.00255513  0.00110311 -0.00514619      -9.809 
             130.223  -0.825326 0.00639559    179.178 2.00451 2.25379 3.02574 0 0 0   -0.011 -0.02329  0.04412 0.00336847  0.0867468  -0.020896 -7.58202e-05  7.02667e-05 -4.10362e-05  0.0156066  0.0066307 0.00282167 0.000580296 -0.00444295      -9.809 
              130.32  -0.868477 -0.0291587    179.409 1.98169 2.25022  3.0235 0 0 0   -0.011 -0.02329  0.04412 -0.0391327  0.0420442 -0.0161515 -8.28905e-05  8.23086e-05 -0.000160648  0.0135292 0.00550458 0.00282065 -0.000385753   -0.0052235       -9.809 
             130.421      -0.942 -0.00360806     179.355  1.9716 2.24489 3.02343 0 0 0   -0.011 -0.02329  0.04412  -0.0491894  0.00636235 -0.00847937 -7.62994e-05  9.25449e-05 -0.000118797  0.0128719 0.00470364 0.00268747 -0.000647227  -0.00570006       -9.809 
             130.527 -0.980832 0.0244621   179.272 1.95675 2.25288 3.02467 0 0 0   -0.011 -0.02329  0.04412   -0.0634447    0.0035657 -0.000931093 -7.50374e-05  0.000103636 -6.19665e-05  0.0121473 0.00537277 0.00253371 -0.00108613  -0.0054255      -9.809 
             130.621 -0.999407 0.0656013   179.382 1.92802 2.25462 3.02398 0 0 0   -0.011 -0.02329  0.04412  -0.105544 -0.0121119  -0.001096 -6.20463e-05  9.64522e-05 -0.000110672  0.0101837 0.00546457 0.00257618 -0.00210523 -0.00556487      -9.809 
             130.723   -0.9913 0.0715846   179.358 1.92808 2.24811 3.02637 0 0 0   -0.011 -0.02329  0.04412 -0.0820082 -0.0352383 0.00575552 -5.38609e-05  9.35271e-05 -8.72721e-05  0.0110716 0.00512027 0.00236634 -0.00161584 -0.00565834      -9.809 
             130.827 -0.945617 0.0578589     179.3 1.92385 2.24078 3.02451 0 0 0   -0.011 -0.02329  0.04412  -0.0716066  -0.0560617 -0.00036264 -5.29449e-05  7.41367e-05 -4.44474e-05  0.0113831 0.00487501 0.00257133 -0.00143258 -0.00575284      -9.809 
             130.921   -0.92109 -0.0154418    179.394 1.92417 2.23069 3.02652 0 0 0   -0.011 -0.02329  0.04412  -0.054952 -0.0765006 0.00640727 -5.31464e-05  7.42337e-05 -8.46135e-05  0.0119131 0.00452095 0.00240531 -0.00112737 -0.00588444      -9.809 
             131.023  -0.911919 -0.0680266    179.332  1.9221 2.21446 3.02858 0 0 0   -0.011 -0.02329  0.04412 -0.045392 -0.105114 0.0116934 -5.17103e-05  5.50194e-05 -4.18258e-05   0.012092  0.0038494 0.00228612 -0.000971232  -0.00621031       -9.809 
              131.12 -0.881896 -0.169242   179.392 1.93177 2.20563 3.02806 0 0 0   -0.011 -0.02329  0.04412  -0.011261  -0.109551 0.00701194 -5.41148e-05  6.65588e-05 -6.55354e-05  0.0132975 0.00404699 0.00244599 -0.000376681  -0.00599509       -9.809 
              131.22 -0.844683 -0.245275   179.525 1.92231 2.19404 3.02793 0 0 0   -0.011 -0.02329  0.04412 -0.0216151  -0.121365 0.00612424 -5.13166e-05  5.90234e-05 -0.000126999   0.012568 0.00405323 0.00251685 -0.000747855  -0.00606019       -9.809 
             131.328 -0.798259 -0.317671   179.386 1.93163 2.17972 3.03027 0 0 0   -0.011 -0.02329  0.04412 0.00851621  -0.131095  0.0106763 -3.43955e-05  6.61419e-05  -3.7631e-05  0.0135074 0.00401564 0.00238838 -0.000268077   -0.0059917       -9.809 
             131.423 -0.709469  -0.35042   179.356 1.93655  2.1601 3.03532 0 0 0   -0.011 -0.02329  0.04412 0.0234211 -0.152314 0.0218727 -3.52298e-05  7.90952e-05 -1.16508e-05  0.0137494 0.00340382 0.00203542 -8.68371e-05  -0.00627986       -9.809 
             131.522 -0.623574  -0.36026   179.632 1.93589  2.1532   3.035 0 0 0   -0.011 -0.02329  0.04412  0.025609 -0.142319 0.0152666 -2.24025e-05   9.1169e-05  -0.00015661  0.0135636 0.00410986 0.00225562 -0.000248242  -0.00594037       -9.809 
             131.633 -0.518472 -0.327567   179.724  1.9381 2.13871 3.03803 0 0 0   -0.011 -0.02329  0.04412 0.0323836 -0.142253 0.0178315 -2.65058e-05  8.96793e-05 -0.000199368  0.0134864 0.00428551 0.00215183 -0.000303655  -0.00585984       -9.809 
             131.722 -0.405709 -0.297477   179.581 1.95306 2.13504  3.0355 0 0 0   -0.011 -0.02329  0.04412  0.0633088  -0.123986 0.00677663  -3.4759e-05  9.32183e-05 -0.000108024  0.0145834 0.00505043 0.00250549   0.0001742 -0.00537207      -9.809 
             131.823 -0.332261 -0.265414    179.69 1.93578  2.1111  3.0386 0 0 0   -0.011 -0.02329  0.04412 0.0216354  -0.15159 0.0125528 -2.32253e-05  8.95558e-05 -0.000159388  0.0125619 0.00406788 0.00229873 -0.000746247  -0.00605336       -9.809 
             131.948  -0.23163 -0.234912   179.608 1.94497 2.09516  3.0401 0 0 0   -0.011 -0.02329  0.04412 0.0394869 -0.144175 0.0108452 -3.13667e-05  9.96147e-05 -0.000103792  0.0130616 0.00428272 0.00229385 -0.000516539  -0.00589946       -9.809 
             132.023 -0.127935 -0.164328   179.766 1.92471 2.09539 3.03841 0 0 0   -0.011 -0.02329  0.04412 -0.0027707  -0.122142 0.00252924 -3.32995e-05  0.000103709 -0.000175658  0.0112401 0.00522693 0.00253033 -0.00151551 -0.00559779      -9.809 
             132.127 -0.0745755  -0.111343     179.69 1.91829 2.09655 3.04071 0 0 0   -0.011 -0.02329  0.04412 -0.0102466 -0.0926119 0.00658685 -3.78325e-05  0.000104562  -0.00012402  0.0108656 0.00632343 0.00235876 -0.00180543 -0.00508765      -9.809 
             132.226 -0.0185056 -0.0413964     179.57 1.90442 2.08849 3.04223 0 0 0   -0.011 -0.02329  0.04412  -0.034458  -0.087915 0.00736989 -3.85801e-05   9.8768e-05 -5.08894e-05 0.00981604 0.00638166 0.00227835 -0.00233243 -0.00515625      -9.809 
              132.32 0.0412628 0.0244528   179.519 1.89276 2.06644 3.03976 0 0 0   -0.011 -0.02329  0.04412  -0.0520011      -0.114 -0.00201959 -4.16342e-05  8.81915e-05 -1.86476e-05 0.00899154 0.00523102 0.00254952 -0.00263323 -0.00580165      -9.809 
             132.427 0.0687935  0.052303   179.627 1.88594 2.05145 3.04152 0 0 0   -0.011 -0.02329  0.04412 -0.0541645  -0.116481  0.0036512  -4.7316e-05  8.33059e-05 -7.83382e-05 0.00884788 0.00496953  0.0023818 -0.00267968 -0.00594422      -9.809 
             132.523 0.0528892 0.0479685   179.505 1.87859 2.04794 3.04156 0 0 0   -0.011 -0.02329  0.04412 -0.0562173 -0.0966455 0.00225844 -6.44274e-05  8.18395e-05 -1.16547e-05 0.00873482 0.00557243 0.00240684  -0.0027919 -0.00565752      -9.809 
             132.624 0.0236636 0.0150313   179.516 1.86803 2.04503 3.04151 0 0 0   -0.011 -0.02329  0.04412 -0.0632417 -0.0801224 0.00100576 -6.69863e-05  6.49914e-05 -1.76127e-05  0.0084029 0.00610227 0.00242874 -0.00300487  -0.0054274      -9.809 
              132.72 -0.0102303 -0.0638329    179.603  1.8567 2.03395 3.04175 0 0 0   -0.011 -0.02329  0.04412 -0.0714113 -0.0843467 0.00091102 -6.97467e-05  4.68485e-05 -6.65527e-05 0.00795515   0.005826 0.00241374 -0.00319932 -0.00560374      -9.809 
             132.821 -0.0587496  -0.188245    179.741 1.85671 2.02886 3.04641 0 0 0   -0.011 -0.02329  0.04412 -0.052348 -0.073967 0.0130506 -6.76598e-05  4.96629e-05 -0.000144221 0.00855089  0.0061057 0.00200904 -0.00293311 -0.00541291      -9.809 
             132.921 -0.0944452  -0.300408    179.702 1.85853 2.01661 3.04607 0 0 0   -0.011 -0.02329  0.04412 -0.0322989 -0.0818234 0.00760829 -6.27239e-05    4.564e-05 -0.000119187 0.00904145 0.00570523 0.00215239 -0.00265613   -0.005564      -9.809 
             133.023 -0.125475   -0.4241   179.559 1.86601 2.00452 3.04313 0 0 0   -0.011 -0.02329  0.04412 -0.00330721  -0.0869501 -0.00429037 -6.04806e-05  3.96106e-05 -3.86467e-05  0.0098621 0.00539772 0.00246642 -0.00222737  -0.0056395      -9.809 
              133.12 -0.148034 -0.554409   179.581 1.87278 1.99717 3.04402 0 0 0   -0.011 -0.02329  0.04412   0.0201072  -0.0836695 -0.00165385 -5.91123e-05  4.48062e-05 -4.77109e-05  0.0104411 0.00549276 0.00234792 -0.00195404 -0.00554125      -9.809 
             133.222 -0.171002 -0.645684   179.564 1.88235 1.98533 3.03937 0 0 0   -0.011 -0.02329  0.04412  0.0454856 -0.0879109 -0.0149119  -6.3526e-05  5.29479e-05 -3.55532e-05  0.0109733 0.00526252  0.0027292 -0.00167496 -0.00560474      -9.809 
             133.325 -0.214323 -0.708479    179.57 1.87491 1.97943 3.04292 0 0 0   -0.011 -0.02329  0.04412   -0.16336 -0.0802339  0.0981331 -6.35735e-05  5.69522e-05 -3.39875e-05  0.0104885 0.00549436 0.00260592 -0.00193088 -0.00553611      -9.809 
             133.421 -0.201332   2.32042   179.635  1.8534 1.97446 3.05156 0 0 0   -0.011 -0.02329  0.04412  -0.245342 -0.0745305  0.0832315 -5.8538e-05 0.000440733 -7.0131e-05  0.0104332 0.00574931 0.00275983  -0.0019812 -0.00541771      -9.809 
             133.526 -0.281877   7.92791   179.716 1.79206 1.95023 3.07237 0 0 0   -0.011 -0.02329  0.04412 -0.318973 -0.116509 0.0855798 -1.61145e-06   0.00262821 -0.000128813 0.00718464 0.00437454 0.00157489 -0.00342587 -0.00637101      -9.809 
             133.622 -0.18038  14.0771  179.704 1.76024 1.93889 3.05609 0 0 0   -0.011 -0.02329  0.04412   -0.438971   -0.112287 -0.00848319  -4.0301e-05   0.00172031 -0.000153317 0.00766338 0.00441479 0.00346336 -0.0031781 -0.0063047     -9.809 
             133.722 -0.185613   15.9388   179.864 1.72521 1.93728 3.07762 0 0 0   -0.011 -0.02329  0.04412  -0.619191 -0.0896507  0.0196172 -6.06269e-06 -0.000106123 -0.000254424 0.00950192 0.00519934 0.00152826 -0.00242542 -0.00577296      -9.809 
             133.824 -0.214045   13.7998   179.803  1.6437 1.92832 3.07508 0 0 0   -0.011 -0.02329  0.04412  -0.845364 -0.0891256 -0.0121421  3.46087e-06  -0.00100884 -0.000225003 0.00882965 0.00518903 0.00175338 -0.00273365 -0.00583606      -9.809 
             133.921 -0.17121    10.12  179.614 1.56816    1.93 3.04649 0 0 0   -0.011 -0.02329  0.04412   -0.95881 -0.0639321 -0.0960336 -2.72091e-05   -0.0009732 -0.000116095 0.00928225 0.00597994 0.00428915 -0.00241029 -0.00540391      -9.809 
             134.036 -0.120181   7.25336   179.564 1.45789 1.92039 3.04258 0 0 0   -0.011 -0.02329  0.04412   -1.04766 -0.0650017 -0.0744994 -2.85237e-05 -0.000689471 -7.81541e-05 0.00966786 0.00579603 0.00375984 -0.00225115 -0.00546086      -9.809 
             134.125 -0.0618126    4.96764    179.649 1.36041 1.92185 3.04185 0 0 0   -0.011 -0.02329  0.04412    -1.0781 -0.0475938 -0.0537863  -1.7465e-05 -0.000353139 -0.000117992 0.00995837 0.00637049 0.00329984 -0.00219854 -0.00516517      -9.809 
              134.22 -0.00619016      3.7671     179.542 1.25548 1.90607 3.03848 0 0 0   -0.011 -0.02329  0.04412   -1.10224 -0.0691476 -0.0460645 -2.69011e-05 -0.000219452 -5.59147e-05 0.00961372 0.00547693 0.00313058   -0.002292 -0.00561949      -9.809 
             134.323 0.0245117   2.82379   179.501 1.13929 1.89809 3.04046 0 0 0   -0.011 -0.02329  0.04412   -1.11131 -0.0688285 -0.0259397 -3.68974e-05 -0.000179881 -2.65034e-05 0.00937628 0.00539095 0.00259328 -0.00242502 -0.00568305      -9.809 
              134.42 0.0132456   1.88974    179.65 1.03665 1.88107 3.04067 0 0 0   -0.011 -0.02329  0.04412   -1.09568 -0.0874063 -0.0156657 -3.53951e-05 -0.000181944 -9.88611e-05 0.00953594 0.00456296 0.00242623  -0.0022838 -0.00606019      -9.809 
             134.523 0.0127208   1.03572   179.701 0.921006  1.87362  3.04208 0 0 0   -0.011 -0.02329  0.04412    -1.08135   -0.081541 -0.00425333  -4.6201e-05 -0.000156601 -0.000117094 0.00917482 0.00464433 0.00217044 -0.00246913  -0.0060537      -9.809 
             134.626 0.000782202    0.265793     179.615 0.820437  1.86257  3.04587 0 0 0   -0.011 -0.02329  0.04412   -1.03117 -0.0830423  0.0104767 -3.18946e-05 -0.000131639 -5.75341e-05 0.00973335 0.00444798 0.00189845 -0.00219433 -0.00609831      -9.809 
             134.723 0.0247467 -0.380527   179.585 0.70757 1.84953 3.04846 0 0 0   -0.011 -0.02329  0.04412    -1.0068 -0.0920687  0.0169994 -2.51937e-05  -7.7511e-05 -2.60836e-05 0.00890202 0.00404811 0.00173029 -0.00255179 -0.00635692      -9.809 
             134.824 0.0686933 -0.885893   179.712 0.613408  1.84119  3.04821 0 0 0   -0.011 -0.02329  0.04412  -0.947448 -0.0865086   0.013106 -2.03838e-05 -3.92385e-05   -8.163e-05 0.00919637 0.00411624 0.00191855 -0.00241908 -0.00629986      -9.809 
             134.924 0.118964 -1.27645  179.805 0.517333  1.84368  3.04371 0 0 0   -0.011 -0.02329  0.04412   -0.900528  -0.0607379 -0.00199868 -3.22591e-05 -2.17498e-05 -0.000120302  0.0089652   0.004917 0.00240925 -0.00259791  -0.0059462      -9.809 
              135.02 0.138576  -1.5884  179.766 0.428135  1.84585  3.04473 0 0 0   -0.011 -0.02329  0.04412  -0.855684 -0.0403786 0.00177764 -3.42598e-05 -3.67853e-06 -9.05269e-05 0.00860762 0.00548262 0.00229051 -0.00281341  -0.0057136      -9.809 
             135.122 0.175483 -1.83942   179.78 0.34297 1.83884 3.04332 0 0 0   -0.011 -0.02329  0.04412   -0.798198  -0.0428131 -0.00264094 -2.60045e-05  1.75912e-05  -9.3435e-05 0.00843727 0.00523659 0.00243277 -0.00287245 -0.00584216      -9.809 
             135.221 0.218197 -2.04913  179.915 0.266638  1.83509   3.0427 0 0 0   -0.011 -0.02329  0.04412   -0.728223  -0.0352095 -0.00501063 -2.81524e-05  3.13918e-05 -0.000169921 0.00866555 0.00527959 0.00245367 -0.00277053 -0.00580301      -9.809 
             135.322 0.264167 -2.21901  179.824 0.191472  1.83409  3.04066 0 0 0   -0.011 -0.02329  0.04412  -0.677084 -0.0265711 -0.0112858 -2.99477e-05  2.98607e-05 -0.000120727 0.00830096 0.00542874 0.00258378 -0.00295353 -0.00576501      -9.809 
             135.427 0.272114 -2.36544   179.94 0.120553  1.85235  3.04546 0 0 0   -0.011 -0.02329  0.04412  -0.615136  0.0215273 0.00223059 -3.62877e-05  4.94286e-05 -0.000187146 0.00826506 0.00693314 0.00207487 -0.00309318 -0.00507466      -9.809 
             135.523 0.281213 -2.47141  179.891 0.0443432    1.8529   3.04664 0 0 0   -0.011 -0.02329  0.04412  -0.597904  0.0188118 0.00433985 -3.58788e-05  6.14796e-05 -0.000165393  0.0067158 0.00670077 0.00203357 -0.00378487 -0.00531131      -9.809 
             135.624 0.290396  -2.5482  179.867 -0.0173276     1.8472    3.04644 0 0 0   -0.011 -0.02329  0.04412  -0.539294 0.00786214 0.00250994 -3.66517e-05  7.00269e-05  -0.00015555 0.00648548 0.00609931 0.00209844 -0.00383982 -0.00560629      -9.809 
             135.727  0.28835 -2.60069  179.895 -0.0749387    1.86669    3.04405 0 0 0   -0.011 -0.02329  0.04412   -0.486495   0.0506209 -0.00517573 -4.39969e-05  6.76418e-05 -0.000174124 0.00630671 0.00748697 0.00232019 -0.00404389 -0.00498776      -9.809 
             135.823 0.246167 -2.65774  179.935 -0.108097   1.85659   3.04446 0 0 0   -0.011 -0.02329  0.04412   -0.412305   0.0247956 -0.00449219  -5.609e-05  7.2279e-05 -0.00019606 0.00690663 0.00636037  0.0022128  -0.0036723 -0.00545078      -9.809 
             135.924 0.176925 -2.69905 -180.003 -0.132125   1.84033   3.04085 0 0 0   -0.011 -0.02329  0.04412   -0.329525 -0.00896818  -0.0141364 -6.45028e-05  7.59645e-05 -0.000242783 0.00776878  0.0049649 0.00243085 -0.00316477 -0.00601362      -9.809 
             136.023 0.0943781  -2.72915   179.879 -0.152077   1.82398   3.03632 0 0 0   -0.011 -0.02329  0.04412   -0.25402 -0.0378088 -0.0226922 -6.00828e-05  6.97032e-05 -0.000158823 0.00841128   0.003824 0.00265165 -0.00277997 -0.00647784      -9.809 
             136.121 0.0294588  -2.75847   179.759 -0.167898   1.83209   3.03248 0 0 0   -0.011 -0.02329  0.04412  -0.186554 -0.0110767 -0.0281875 -5.10584e-05  7.58084e-05 -9.61163e-05 0.00902786 0.00472334 0.00275892 -0.00257895 -0.00602005      -9.809 
             136.225 -0.0146781    -2.7563    179.682 -0.174196   1.82362   3.03078 0 0 0   -0.011 -0.02329  0.04412  -0.109123 -0.0241198 -0.0256155 -4.46174e-05   8.3974e-05 -5.68849e-05 0.00974969 0.00422091 0.00260546 -0.00220772 -0.00618675      -9.809 
             136.321 -0.0543267   -2.71606    179.733 -0.180494   1.80454   3.02775 0 0 0   -0.011 -0.02329  0.04412 -0.0615619 -0.0575011 -0.0275077 -4.70751e-05  8.82942e-05 -8.76176e-05 0.00972256 0.00302884 0.00264712 -0.00212031 -0.00672572      -9.809 
             136.426 -0.0793905   -2.66576    179.714 -0.177501   1.80132   3.02885 0 0 0   -0.011 -0.02329  0.04412 0.000989018  -0.0509611  -0.0161608 -3.74826e-05  9.57887e-05 -7.69651e-05  0.0102442 0.00324332 0.00230176 -0.00189759 -0.00658639      -9.809 
             136.523 -0.0697947   -2.57962    179.807 -0.1791 1.78568 3.03217 0 0 0   -0.011 -0.02329  0.04412   0.0325744  -0.0743093 -0.00144807 -2.66836e-05  0.000115346 -0.000126481 0.00984211 0.00244874 0.00191738 -0.00200487 -0.00697484      -9.809 
             136.621 -0.0328199   -2.44363    179.674 -0.169259   1.79058   3.03227 0 0 0   -0.011 -0.02329  0.04412  0.0845727 -0.0464381 0.00123985 -2.00842e-05  0.000133478 -5.38656e-05  0.0103222  0.0033593 0.00188908 -0.00186512 -0.00652917      -9.809 
              136.72 0.0364233  -2.23271   179.722 -0.154737   1.77505    3.0269 0 0 0   -0.011 -0.02329  0.04412   0.125572 -0.0668134 -0.0116883 -9.49369e-06   0.00014148   -7.535e-05  0.0105699 0.00256884 0.00234065 -0.00169711 -0.00686129      -9.809 
             136.823 0.133937 -1.99124  179.731 -0.127758   1.76125   3.02248 0 0 0   -0.011 -0.02329  0.04412   0.180559 -0.0761529 -0.0184613 -3.87115e-07  0.000148253 -7.10388e-05  0.0114283 0.00209951 0.00257477 -0.00128019 -0.00700086      -9.809 
             136.923 0.244669 -1.73316  179.649 -0.106657   1.74798   3.02215 0 0 0   -0.011 -0.02329  0.04412   0.208584 -0.0834916 -0.0129537 -1.77316e-06  0.000157759 -1.29865e-05  0.0115136 0.00166905 0.00244968 -0.00120521 -0.00718481      -9.809 
             137.026  0.35028 -1.46654  179.642 -0.0688635    1.72896    3.01887 0 0 0   -0.011 -0.02329  0.04412   0.255407 -0.0948464 -0.0166051 -1.60754e-06  0.000150113  6.05066e-06  0.0124047 0.00097912   0.002575 -0.000755832  -0.00741892       -9.809 
             137.122 0.457551 -1.20485  179.716 -0.0411925    1.71728    3.02238 0 0 0   -0.011 -0.02329  0.04412      0.27309   -0.0931099 -0.000850652  3.14871e-06  0.000146368 -1.37859e-05   0.0125617 0.000771655  0.00213113 -0.000664056  -0.00749755       -9.809 
             137.221  0.567603 -0.960848   179.733 -0.025689   1.72363   3.02301 0 0 0   -0.011 -0.02329  0.04412   0.262875 -0.0551423 0.00353292  -2.3284e-06  0.000153099 -2.04117e-06  0.0119407 0.00179561 0.00211236 -0.00102066 -0.00709606      -9.809 
             137.324  0.666491 -0.672701    179.77 -0.00764214      1.7199       3.027 0 0 0   -0.011 -0.02329  0.04412   0.250626 -0.0437108  0.0164726 1.29274e-06  0.00017211 4.09945e-07  0.0113333 0.00184348 0.00183158 -0.00128922  -0.0071222      -9.809 
             137.421 0.782573 -0.34399  179.712 0.0152906   1.72135   3.02568 0 0 0   -0.011 -0.02329  0.04412 0.246076 -0.02111 0.010704  2.2906e-06 0.000171329 5.40447e-05   0.011234 0.00220607 0.00210294 -0.00136402 -0.00697193      -9.809 
             137.523   0.890987 -0.0142874    179.784 0.0118734   1.73309   3.02679 0 0 0   -0.011 -0.02329  0.04412  0.186961 0.0136606 0.0126139 -5.72679e-08  0.000168767  3.82104e-05 0.00943104 0.00301446 0.00214726 -0.00221809 -0.00675992      -9.809 
             137.626  1.00661 0.304684      180 0.0175737   1.74804   3.03164 0 0 0   -0.011 -0.02329  0.04412  0.153696 0.0515431  0.023841 -4.23455e-06  0.000164483 -5.58118e-05 0.00866632 0.00385616 0.00184861 -0.00261806 -0.00645171      -9.809 
              137.72  1.09513 0.592758 -179.988 0.0171419    1.7548   3.03325 0 0 0   -0.011 -0.02329  0.04412  0.109613 0.0650951  0.022149 -7.29992e-06  0.000149888 -5.39583e-05 0.00763449 0.00387746  0.0019245 -0.00306905 -0.00652306      -9.809 
             137.821 1.15041 0.82146 179.991 0.0255869   1.77261   3.03427 0 0 0   -0.011 -0.02329  0.04412 0.0915966   0.10122 0.0195478 -2.07479e-05  0.000134638  -7.3341e-06 0.00762665 0.00460942 0.00202695 -0.00313069   -0.006207      -9.809 
             137.927  1.15164 0.988129 -179.959 0.03192 1.78751  3.0338 0 0 0   -0.011 -0.02329  0.04412 0.0685306  0.123338 0.0134052 -3.68385e-05  0.000115197 -2.77061e-05 0.00750184 0.00484853 0.00223926 -0.00320328 -0.00611454      -9.809 
             138.021  1.10042  1.08249 -179.963 0.0349946    1.8067   3.03389 0 0 0   -0.011 -0.02329  0.04412 0.0467923  0.149438 0.0111968 -5.13966e-05   9.3415e-05 -6.87296e-06 0.00740355 0.00534874 0.00233748 -0.00328511 -0.00590718      -9.809 
             138.126  0.99329  1.10119 -179.777 0.034732  1.83881   3.0342 0 0 0   -0.011 -0.02329  0.04412  0.0206752   0.190907 0.00922533 -6.30941e-05  6.86077e-05 -9.89178e-05 0.00726698 0.00634998 0.00240147 -0.00342319 -0.00548773      -9.809 
              138.22 0.845563  1.05959 -179.807 0.0462618   1.84671   3.03658 0 0 0   -0.011 -0.02329  0.04412 0.0234773  0.180158 0.0129285    -7.32e-05  5.62677e-05 -7.12905e-05 0.00788465 0.00565991  0.0022888   -0.003104 -0.00573477      -9.809 
             138.324 0.714094 0.997932 -179.847 0.041567  1.86204  3.03963 0 0 0   -0.011 -0.02329  0.04412 -0.00603475    0.176678   0.0170081 -7.05072e-05  4.92358e-05 -4.22206e-05 0.00741853 0.00540128 0.00213524 -0.00328401 -0.00588071      -9.809 
             138.423 0.561587 0.899636 -179.934 0.0342348   1.87476   3.03824 0 0 0   -0.011 -0.02329  0.04412 -0.0330458   0.168444  0.0074353 -7.48566e-05  5.00501e-05  1.02531e-05 0.00692506 0.00505597 0.00238274 -0.00346544 -0.00606745      -9.809 
              138.52 0.383535 0.807642 -179.897 0.0327781   1.88837   3.04049 0 0 0   -0.011 -0.02329  0.04412 -0.0407073   0.161996  0.0105464 -9.09475e-05  3.83983e-05 -6.91511e-06 0.00706111 0.00481666  0.0022544  -0.0033894 -0.00615806      -9.809 
             138.626 0.180498 0.687148 -179.679 0.0277808   1.90315   3.04125 0 0 0   -0.011 -0.02329  0.04412 -0.0513955   0.154161 0.00899374 -8.06807e-05    3.959e-05 -0.000121761 0.00702299  0.0046773 0.00228053 -0.00339438 -0.00622018      -9.809 
             138.722 -0.00562308    0.567642    -179.675 0.0276538   1.92764   3.04455 0 0 0   -0.011 -0.02329  0.04412 -0.0455032   0.170592  0.0158884 -7.97581e-05  4.37875e-05  -0.00011798 0.00748817 0.00537894 0.00207247 -0.00325409 -0.00588707      -9.809 
             138.821 -0.160309  0.470367  -179.781 0.0236118   1.93947    3.0458 0 0 0   -0.011 -0.02329  0.04412 -0.049263  0.153322 0.0154998 -8.24396e-05  4.33005e-05 -5.58535e-05 0.00748023 0.00507466 0.00210416 -0.00323326 -0.00601603      -9.809 
             138.922 -0.322783  0.365018  -179.775 0.0296935   1.94948   3.04859 0 0 0   -0.011 -0.02329  0.04412 -0.0127779     0.1081  0.0126079 -6.91156e-05  3.82997e-05 -5.61297e-05 0.00819607 0.00474059 0.00202953  -0.0029057 -0.00610137      -9.809 
              139.02 -0.611302  0.141002  -179.644 0.0236747   1.94085    3.0455 0 0 0   -0.011 -0.02329  0.04412  0.0841087  -0.111979 -0.0691161 -6.42823e-05  3.50934e-05  -0.00014134 0.00729621 0.00415213 0.00204448 -0.00323731 -0.00641736      -9.809 
             139.123 -4.32633 -2.49342  178.725 0.0271271   1.91816   3.03051 0 0 0   -0.011 -0.02329  0.04412 0.0441719 -0.219686 -0.148271  -0.00137169 -0.000820792 -0.000537714 0.00698329 0.00354126 0.00250256 -0.00331973 -0.00669543      -9.809 
             139.224 -9.62323  -6.1144  171.511 0.0373437   1.90768   3.05445 0 0 0   -0.011 -0.02329  0.04412 0.0310319 -0.330327 0.0313794 -0.00201121 -0.00114436 -0.00126666   0.00764839   0.00477101 -0.000641143 -0.00312717 -0.00616044      -9.809 
              139.32  -13.385 -9.40312  157.822 0.0406134   1.88909   3.04142 0 0 0   -0.011 -0.02329  0.04412  0.056628 -0.507065  0.103819 -0.00136812 9.23411e-06 -0.00125659 0.00785311 0.00647569 0.00126369 -0.00318239 -0.00540159      -9.809 
             139.425 -13.2144 -10.4529  140.732 0.0306063   1.84373    3.0189 0 0 0   -0.011 -0.02329  0.04412 0.0347197 -0.718497 0.0225437 -0.000785488   0.00101267   -0.0015294  0.0071289 0.00740357 0.00419425 -0.00361327 -0.00493822      -9.809 
             139.523 -10.3034  -10.047  121.739 -0.0112788    1.78532    2.99139 0 0 0   -0.011 -0.02329  0.04412  -0.103055  -0.889578 -0.0757556 -0.000209761   0.00134292  -0.00193256 0.00487396 0.00787095 0.00681688 -0.00469744 -0.00465216      -9.809 
             139.626 -6.46527 -9.14111  103.677 -0.0119266    1.72534    2.97765 0 0 0   -0.011 -0.02329  0.04412 -0.167657 -0.944768  -0.10135 0.000154805  0.00106596 -0.00224485 0.00551451  0.0107046 0.00764103 -0.00437365 -0.00343396      -9.809 
             139.725 -2.21871 -8.13201  83.2934 -0.0592261    1.64054    2.99846 0 0 0   -0.011 -0.02329  0.04412  -0.303239  -0.990814 -0.0172125 0.000252434 0.000715114 -0.00238033 0.00367411  0.0110656 0.00514823 -0.00510478  -0.0033706      -9.809 
             139.823 0.865425 -6.78465  65.1343 -0.0590814    1.54359    3.01441 0 0 0   -0.011 -0.02329  0.04412 -0.287486  -1.00523 0.0432643 9.87313e-05 0.000462059 -0.00265829 0.00459387   0.012152 0.00387863 -0.00442509 -0.00318451      -9.809 
             139.926  2.59365 -5.04178  47.5301 -0.0798866    1.44134    3.02587 0 0 0   -0.011 -0.02329  0.04412 -0.279033  -1.02282 0.0698811 -0.000133741  0.000325302  -0.00245995 0.00469213  0.0125113 0.00341022 -0.00425598  -0.0031225      -9.809 
              140.02  3.08398 -3.26335  32.4958 -0.113888   1.33672   3.04467 0 0 0   -0.011 -0.02329  0.04412 -0.290995  -1.05973  0.100262 -0.00038418 0.000215044 -0.00230375 0.00475812  0.0121783 0.00239007 -0.00441732  -0.0032867      -9.809 
              140.13  2.75433 -1.95421  22.6368 -0.143045     1.194   3.06432 0 0 0   -0.011 -0.02329  0.04412 -0.290104  -1.12946  0.114646 -0.000421995  6.05273e-05  -0.00257139 0.00611018  0.0119563 0.00142072 -0.00434793 -0.00381947      -9.809 
             140.222  2.28927 -1.02882  15.2168 -0.14328  1.02664  3.08075 0 0 0   -0.011 -0.02329  0.04412 -0.248506  -1.24484  0.117186 -0.000307928 -8.73651e-05  -0.00280281  0.00891011   0.0132091 0.000511742 -0.00380641  -0.0048453      -9.809 
             140.322   2.0956 -0.55876  10.6879 -0.129024  0.849884   3.08877 0 0 0   -0.011 -0.02329  0.04412 -0.183681  -1.34142 0.0974147 -0.000222433 -0.000135193  -0.00266046   0.0107926   0.0154153 0.000419234 -0.00312389 -0.00571954      -9.809 
             140.424   2.03423 -0.200976   8.07304 -0.135838  0.690402   3.09506 0 0 0   -0.011 -0.02329  0.04412 -0.163294   -1.3799 0.0803987 -0.000182889 -0.000153755  -0.00261032   0.0116059   0.0166121 0.000520713 -0.00296023   -0.006142      -9.809 
             140.522   2.00288 0.0953761   6.67146 -0.150406  0.553898   3.10004 0 0 0   -0.011 -0.02329  0.04412 -0.158885  -1.37298 0.0674897 -0.000190437 -0.000143922  -0.00255287   0.0117257   0.0168319 0.000703315  -0.0029525 -0.00620745      -9.809 
             140.623  1.85146 0.353291  6.11454 -0.137221  0.383335   3.10119 0 0 0   -0.011 -0.02329  0.04412  -0.10299  -1.40342 0.0478422 -0.000244093 -0.000157505  -0.00253142  0.0112766  0.0186525 0.00109644 -0.002531 -0.006649    -9.809 
             140.722 1.49098 0.54961 5.95731 -0.100842  0.208975   3.10694 0 0 0   -0.011 -0.02329  0.04412 -0.0136134   -1.45147  0.0489004 -0.000300628 -0.000202435  -0.00251468  0.00996905   0.0213271 0.000900445 -0.00188789 -0.00732394      -9.809 
             140.822 0.993891 0.612827  5.50003 -0.0628847  0.0820601    3.11094 0 0 0   -0.011 -0.02329  0.04412 0.0746068   -1.3764 0.0449456 -0.000358041 -0.000224591   -0.0022276  0.00762733   0.0203312 0.000986425 -0.00110425  -0.0070541      -9.809 
              140.92 0.326284 0.608683  5.26173 -0.0515534 -0.0256914    3.10725 0 0 0   -0.011 -0.02329  0.04412 0.0933733  -1.28206 0.0228776 -0.000383407 -0.000231086  -0.00203141 0.00703025  0.0186906 0.00167565 -0.000888244  -0.00661662       -9.809 
              141.02 -0.402398  0.564409   5.67506 -0.0311257  -0.162996    3.10761 0 0 0   -0.011 -0.02329  0.04412  0.114261  -1.23734 0.0169779 -0.000400587 -0.000251692  -0.00219905 0.00651195  0.0190875 0.00182292 -0.000739762  -0.00673555       -9.809 
             141.126 -1.26229 0.422468  5.99195 0.00531699  -0.285711    3.11255 0 0 0   -0.011 -0.02329  0.04412  0.160512  -1.15651 0.0249583 -0.000410453 -0.000275508  -0.00232721 0.00513044  0.0187483 0.00154547 -0.000296329  -0.00668437       -9.809 
             141.222 -2.13094 0.189202  5.99503 0.0373597 -0.382914   3.11626 0 0 0   -0.011 -0.02329  0.04412   0.18955  -1.06298 0.0282622 -0.000416809 -0.000292058  -0.00230825 0.00406797  0.0180367 0.00139763 6.44697e-05 -0.00651916      -9.809 
              141.32   -2.87489 -0.0773165    6.22066 0.0710481 -0.493651   3.11821 0 0 0   -0.011 -0.02329  0.04412  0.204693  -1.00413 0.0262014 -0.000401019 -0.000304591  -0.00243733 0.00329967  0.0186687 0.00144585 0.000257763 -0.00673075      -9.809 
             141.427  -3.58971 -0.406576   6.28872 0.0995919 -0.604861   3.12906 0 0 0   -0.011 -0.02329  0.04412  0.194837 -0.911331 0.0464903 -0.000346914  -0.00031167  -0.00249494  0.00297604    0.018928 0.000844721  0.00034083 -0.00681479      -9.809 
              141.52 -4.23269 -0.80523  5.94328  0.109994 -0.675271   3.12276 0 0 0   -0.011 -0.02329  0.04412  0.162533 -0.806436 0.0217319 -0.000325369 -0.000323278  -0.00233745 0.00324359  0.0183464 0.00159662 0.000293233 -0.00663908      -9.809 
             141.646 -4.68106 -1.14642  5.65341  0.138183 -0.771333     3.124 0 0 0   -0.011 -0.02329  0.04412  0.143076 -0.685523 0.0187391 -0.000299168 -0.000338508  -0.00221094 0.00274087  0.0184409 0.00169457 0.000435449  -0.0066909      -9.809 
             141.726 -5.15504 -1.60615  5.76246  0.149141 -0.828264     3.114 0 0 0   -0.011 -0.02329  0.04412    0.114907   -0.620578 -0.00842853 -0.000292691 -0.000327843  -0.00231386  0.0027655  0.0187662 0.00255739  0.00041287 -0.00680965      -9.809 
              141.82 -5.42371 -1.88624  5.43666  0.158149 -0.889658   3.11185 0 0 0   -0.011 -0.02329  0.04412  0.0760464  -0.544167 -0.0129408 -0.000261236 -0.000325747  -0.00215871 0.00285112  0.0192331 0.00268915 0.000364399 -0.00695183      -9.809 
             141.925 -5.63091 -2.18646  5.48171  0.165318 -0.935161   3.10157 0 0 0   -0.011 -0.02329  0.04412  0.0343326  -0.417665 -0.0347925 -0.000254167 -0.000313681  -0.00221458 0.00271333    0.01868 0.00327967 0.000436593 -0.00680885      -9.809 
              142.02 -5.81793 -2.48424  5.41362  0.163155 -0.965142   3.11221 0 0 0   -0.011 -0.02329  0.04412  -0.0143081   -0.312047 -0.00279666  -0.00020688 -0.000303372  -0.00220946 0.00282479  0.0184736 0.00219667 0.000402662 -0.00670232      -9.809 
             142.127  -5.9106 -2.72514  5.45631 0.150876 -0.98394  3.11614 0 0 0   -0.011 -0.02329  0.04412 -0.0784542  -0.193137  0.0058417 -0.000199194 -0.000276316  -0.00225344 0.00317743  0.0179945 0.00182779 0.000316285 -0.00652721      -9.809 
             142.229 -5.96108 -2.92788  5.25807  0.117486 -0.993054   3.12043 0 0 0   -0.011 -0.02329  0.04412 -0.169994 -0.093116 0.0129622  -0.00019449 -0.000280452  -0.00215659 0.00440815  0.0177918 0.00150144 -4.44448e-05  -0.00639548       -9.809 
              142.32 -5.97119  -3.0702  4.96019 0.0920407 -0.986579   3.12465 0 0 0   -0.011 -0.02329  0.04412 -0.226278 0.0156741 0.0186406 -0.000151349 -0.000268813  -0.00199982 0.00469368  0.0171266 0.00117693 -0.000104021  -0.00617011       -9.809 
             142.421 -5.87981 -3.09943  5.31393 0.0641007 -0.985927    3.1281 0 0 0   -0.011 -0.02329  0.04412 -0.280124 0.0887273 0.0203568  -0.00013644 -0.000227524  -0.00220283 0.00492478  0.0174604 0.00107644 -0.000190172  -0.00625404       -9.809 
             142.524 -5.75057 -3.07108   5.0798 0.0388105 -0.964591   3.14021 0 0 0   -0.011 -0.02329  0.04412 -0.311265  0.189889 0.0416562  -9.3183e-05 -0.000192437  -0.00208305  0.00449338   0.0169608 0.000259784 -5.58194e-05  -0.00609219       -9.809 
             142.624 -5.50945 -2.92172  4.79857 -0.0141044  -0.918313    3.14102 0 0 0   -0.011 -0.02329  0.04412 -0.382704  0.310789 0.0316199 -7.00838e-05 -0.000185401  -0.00194233  0.00543374   0.0155408 0.000266912 -0.000267523   -0.0056303       -9.809 
             142.726 -5.25313 -2.70278  4.87788 -0.0620287   -0.88965    3.14482 0 0 0   -0.011 -0.02329  0.04412 -0.430297  0.361037 0.0282163  -5.4465e-05 -0.000149175  -0.00199561 0.00582169  0.0160612 0.00025095 -0.000407097  -0.00576365       -9.809 
              142.82 -4.90223 -2.36751  4.57229 -0.101726 -0.845113   3.14157 0 0 0   -0.011 -0.02329  0.04412 -0.448746  0.434892 0.0102601 -4.60025e-05 -0.000137779  -0.00184553   0.0056798   0.0154526 0.000623151 -0.000328142  -0.00560792       -9.809 
             142.927 -4.57411 -2.02555  4.37054 -0.150228 -0.790147   3.13606 0 0 0   -0.011 -0.02329  0.04412 -0.464952  0.501498 -0.009521 -3.14647e-05 -0.000135379  -0.00175526 0.00564801  0.0150179 0.00104547 -0.000289042  -0.00549953       -9.809 
             143.024 -4.14523 -1.58424   4.1296 -0.206967 -0.733346   3.13365 0 0 0   -0.011 -0.02329  0.04412   -0.49575   0.554893 -0.0162055 -1.34018e-05  -0.00013752  -0.00165207 0.00626197  0.0146576 0.00106024 -0.000451046  -0.00536578       -9.809 
              143.12 -3.71992 -1.16444  4.16354  -0.27343 -0.668046   3.13394 0 0 0   -0.011 -0.02329  0.04412  -0.527775   0.602207 -0.0140333 -5.04718e-06 -0.000120394  -0.00170551  0.00712085   0.0142924 0.000816839 -0.000688226  -0.00520928       -9.809 
             143.229  -3.24646 -0.678563   4.01108 -0.337349 -0.604499   3.12506 0 0 0   -0.011 -0.02329  0.04412  -0.535876   0.620614 -0.0320124 -3.86546e-06 -0.000109911  -0.00167058 0.00758149   0.014473 0.00133843 -0.000823566  -0.00525515       -9.809 
             143.323  -2.71664 -0.139502   3.84803 -0.387779 -0.545957   3.12693 0 0 0   -0.011 -0.02329  0.04412  -0.524274   0.637548 -0.0208832  1.12912e-05 -0.000114314  -0.00164359  0.00764231   0.0144883 0.000981253 -0.00084632 -0.00524579      -9.809 
             143.423 -2.22998 0.307198  3.87187 -0.444089 -0.477347   3.12518 0 0 0   -0.011 -0.02329  0.04412    -0.5118   0.656783 -0.0197926  8.80895e-06 -0.000111428  -0.00171882  0.00790303   0.0142082 0.000922362 -0.000907996  -0.00515038       -9.809 
              143.52 -1.72647 0.767359    3.755  -0.49418 -0.406737   3.12319 0 0 0   -0.011 -0.02329  0.04412 -0.478527  0.667992 -0.017948  6.55097e-06 -0.000128816  -0.00172905  0.00784378   0.0139669 0.000904556 -0.000878483  -0.00508419       -9.809 
             143.629 -1.22517  1.20413  3.42954 -0.543147 -0.337262   3.10754 0 0 0   -0.011 -0.02329  0.04412 -0.438504  0.654742 -0.049539  -1.0228e-05 -0.000125361  -0.00163386 0.00783629  0.0140492  0.0019631 -0.000879541  -0.00512833       -9.809 
              143.73 -0.742959   1.65435   3.23014 -0.586887 -0.262141   3.10772 0 0 0   -0.011 -0.02329  0.04412  -0.397204   0.664016 -0.0340738 -1.54275e-05 -0.000129362  -0.00161259 0.00785231  0.0134296  0.0015082 -0.000849778  -0.00494468       -9.809 
              143.82 -0.319927   2.03947   3.11924 -0.621018 -0.205229    3.1094 0 0 0   -0.011 -0.02329  0.04412  -0.356367   0.643869 -0.0187562  -1.6105e-05 -0.000140953  -0.00163337 0.00790298  0.0135253 0.00111469 -0.000866489  -0.00496482       -9.809 
             143.925 0.0444375   2.35328   2.95027 -0.665651 -0.135689    3.1105 0 0 0   -0.011 -0.02329  0.04412   -0.317874    0.615667 -0.00601422 -2.13885e-05  -0.00015837  -0.00161561 0.00836662  0.0135655 0.00087644 -0.000998147  -0.00494849       -9.809 
             144.021 0.460757  2.65908   3.0887  -0.692353 -0.0798732    3.11445 0 0 0   -0.011 -0.02329  0.04412 -0.265448  0.587348 0.0107069 -2.24007e-05  -0.00018049  -0.00178124  0.00834218   0.0135702 0.000503902 -0.000986392  -0.00494979       -9.809 
              144.12 0.799186  2.87228  2.67062   -0.71183 -0.0162198    3.11494 0 0 0   -0.011 -0.02329  0.04412 -0.199714  0.571206 0.0124177 -4.27964e-05 -0.000201791  -0.00161755   0.0080442   0.0130548 0.000542957 -0.000873958   -0.0048223       -9.809 
             144.224 1.12847 3.04331 2.41403 -0.727081 0.0374991   3.11178 0 0 0   -0.011 -0.02329  0.04412  -0.134287   0.517024 0.00420562 -4.41479e-05 -0.000201204  -0.00154879 0.00790109  0.0133956 0.00092394 -0.000859894  -0.00492539       -9.809 
              144.32 1.47433 3.20595 2.28745 -0.716388 0.0787941   3.11406 0 0 0   -0.011 -0.02329  0.04412 -0.0404635   0.470791  0.0113371 -6.01503e-05 -0.000213416    -0.001559  0.00678176   0.0135382 0.000738693 -0.000550479  -0.00503242       -9.809 
             144.423 1.73157 3.30255 2.30887 -0.721204   0.12856   3.11419 0 0 0   -0.011 -0.02329  0.04412 0.0120333  0.432802 0.0107023 -5.83707e-05 -0.000231459  -0.00163598  0.00693186   0.0133261 0.000835915 -0.000581986  -0.00496377       -9.809 
             144.522 1.97705 3.35754 2.36457 -0.723163  0.162032    3.1134 0 0 0   -0.011 -0.02329  0.04412  0.0519553   0.370461 0.00678657 -6.38463e-05 -0.000240907  -0.00172578 0.00729969  0.0138116 0.00100159 -0.000717357  -0.00507409       -9.809 
             144.621 2.16692 3.36705 2.32513 -0.708986  0.196329   3.11744 0 0 0   -0.011 -0.02329  0.04412  0.118461   0.31836 0.0141255 -8.27849e-05 -0.000258919  -0.00175842  0.00698287   0.0138399 0.000720119 -0.000624555  -0.00510475       -9.809 
             144.724 2.30772 3.31851 1.85464 -0.693982  0.225799   3.11949 0 0 0   -0.011 -0.02329  0.04412  0.170391  0.266372 0.0142309 -0.000108511 -0.000277823  -0.00155407 0.00695813  0.0138653 0.00066499 -0.000617946    -0.005114       -9.809 
              144.82 2.40653   3.186 1.79606 -0.679869  0.241528   3.11627 0 0 0   -0.011 -0.02329  0.04412   0.203683   0.202508 0.00269139 -0.000114039 -0.000287284  -0.00156943 0.00722064   0.014376 0.00100186 -0.000730213  -0.00523245       -9.809 
             144.924 2.46512 3.03183 1.77293 -0.666794  0.266686   3.10865 0 0 0   -0.011 -0.02329  0.04412   0.228745   0.163986 -0.0164473 -0.000105006 -0.000289231  -0.00159196 0.00768388  0.0140842 0.00161602 -0.000853801  -0.00511337       -9.809 
             145.025 2.52784 2.85011 1.68704 -0.639218  0.287311   3.10677 0 0 0   -0.011 -0.02329  0.04412   0.272644   0.127148 -0.0174173 -0.000118186 -0.000295545   -0.0015712 0.0075578 0.0137222 0.0016298 -0.000796605  -0.00502272       -9.809 
              145.12 2.53392 2.64739 1.73641 -0.614676   0.30094   3.10895 0 0 0   -0.011 -0.02329  0.04412    0.299837   0.0906919 -0.00948343 -0.000126369 -0.000300316  -0.00161985 0.00768455  0.0135054 0.00135732 -0.000810718  -0.00496079       -9.809 
             145.224 2.52788 2.46396 2.02679 -0.586908  0.303712   3.11404 0 0 0   -0.011 -0.02329  0.04412  0.319353 0.0345486 0.0043549 -0.000134957 -0.000317475  -0.00179562  0.00799489    0.013798 0.000921399 -0.000904036  -0.00502788       -9.809 
              145.32 2.46245 2.22718 2.13479 -0.558718  0.305441   3.10987 0 0 0   -0.011 -0.02329  0.04412    0.335883 -0.00534056 -0.00672498 -0.000129337 -0.000308206  -0.00186739 0.00814585  0.0138361 0.00126268 -0.000954568  -0.00502166       -9.809 
             145.423 2.40195 2.03813 2.14737 -0.551515  0.319857   3.11213 0 0 0   -0.011 -0.02329  0.04412    0.303418  -0.0193451 0.000422255 -0.000144585 -0.000312804  -0.00187972 0.00965987  0.0130804 0.00118405 -0.00131176 -0.00472112      -9.809 
             145.522  2.2865 1.79968 1.99738 -0.511686    0.3141   3.11054 0 0 0   -0.011 -0.02329  0.04412    0.336364  -0.0565459 -0.00328212 -0.000144303 -0.000311493  -0.00179781 0.00913966  0.0131298 0.00127259 -0.00117703 -0.00476643      -9.809 
             145.619 2.18366 1.58365  2.1176 -0.472926  0.294285   3.11522 0 0 0   -0.011 -0.02329  0.04412   0.356067   -0.11604 0.00882037 -0.000152392 -0.000322631  -0.00186071  0.00891533   0.0138624 0.000853224 -0.00115648 -0.00498484      -9.809 
             145.721 2.06434 1.37407 1.98269 -0.423382  0.290874   3.11751 0 0 0   -0.011 -0.02329  0.04412  0.392354 -0.121672 0.0118402 -0.000154036 -0.000314533    -0.001779  0.00812999   0.0131356 0.000752944 -0.000899864  -0.00484304       -9.809 
             145.822 1.93094 1.16404 2.03101 -0.392907  0.291305   3.10992 0 0 0   -0.011 -0.02329  0.04412     0.38064   -0.121879 -0.00988767 -0.000148641 -0.000298211  -0.00179606 0.00858065  0.0123903 0.00146635 -0.00098295 -0.00460337      -9.809 
             145.921 1.80616 1.00759 2.07156 -0.36302 0.279894  3.11475 0 0 0   -0.011 -0.02329  0.04412   0.368229  -0.144648 0.00310298 -0.000154644 -0.000297191  -0.00180764  0.0089761  0.0123548 0.00102526 -0.00108045 -0.00457627      -9.809 
             146.021  1.67086 0.869989  2.18575 -0.338781  0.262375   3.11637 0 0 0   -0.011 -0.02329  0.04412   0.342976  -0.174272 0.00523444 -0.000160063 -0.000279037  -0.00185992  0.00963096   0.0126208 0.000931329 -0.00126887 -0.00460686      -9.809 
              146.12  1.52656 0.753777  2.20743 -0.302702   0.25745   3.11597 0 0 0   -0.011 -0.02329  0.04412   0.349283  -0.163085 0.00223664 -0.000161302 -0.000281499  -0.00185768 0.00937807   0.011816 0.00102932  -0.0011542 -0.00440896      -9.809 
             146.225  1.35787 0.640611  2.25178 -0.272288  0.237679   3.11572 0 0 0   -0.011 -0.02329  0.04412     0.332485    -0.185693 -0.000956366 -0.000161821 -0.000288748  -0.00186715 0.00968397  0.0119937 0.00106257 -0.00124554 -0.00443625      -9.809 
             146.322  1.20494 0.504775  2.38107 -0.227871  0.207644   3.11996 0 0 0   -0.011 -0.02329  0.04412   0.342702  -0.217029 0.00973252 -0.000165005 -0.000293292  -0.00192059 0.00919701  0.0124944 0.00066084 -0.00114541  -0.0046025      -9.809 
             146.422 1.07178 0.36791 2.28221 -0.205065  0.187969   3.12153 0 0 0   -0.011 -0.02329  0.04412  0.314612 -0.225995  0.011137 -0.000154938 -0.000287996  -0.00185538  0.00973137   0.0124741 0.000618549 -0.00128358 -0.00456498      -9.809 
             146.522 0.964124 0.242083  2.30498 -0.164708  0.162667   3.12392 0 0 0   -0.011 -0.02329  0.04412  0.321745 -0.235996 0.0140427  -0.00015005 -0.000284503  -0.00185667  0.00923797   0.0125275 0.000497427 -0.00115776 -0.00460994      -9.809 
              146.62 0.862828 0.135793  2.22829 -0.120148  0.127117   3.11939 0 0 0   -0.011 -0.02329  0.04412    0.332804   -0.263861 -0.00184743 -0.000140072 -0.000282567  -0.00180462  0.00858354   0.0131371 0.000957714 -0.00102478 -0.00480344      -9.809 
              146.72  0.787318 0.0255353   2.18707 -0.0787475  0.0898966    3.11484 0 0 0   -0.011 -0.02329  0.04412   0.329455  -0.285609 -0.0142733 -0.000140397 -0.000275884  -0.00177417 0.00825869  0.0136271 0.00128301 -0.000969736  -0.00494701       -9.809 
             146.821   0.680149 -0.0806871    2.27815 -0.037019 0.0735992   3.11204 0 0 0   -0.011 -0.02329  0.04412   0.336619  -0.258786 -0.0190035 -0.000145211 -0.000276169    -0.001821 0.00764288  0.0128228 0.00140816 -0.000765228  -0.00477482       -9.809 
             146.921  0.540796 -0.193801   2.20882 0.000341478   0.0472691      3.1093 0 0 0   -0.011 -0.02329  0.04412   0.330332   -0.25905 -0.0217004 -0.000147102 -0.000280331  -0.00177954 0.00738585  0.0128308 0.00147805 -0.000699663   -0.0047915       -9.809 
              147.02  0.392777 -0.286948   2.34463 0.0342457  0.013611   3.10945 0 0 0   -0.011 -0.02329  0.04412  0.315766 -0.274765 -0.015045 -0.000159117 -0.000282649  -0.00185144 0.00730528  0.0133109 0.00128058 -0.000706268  -0.00492026       -9.809 
              147.12  0.230815 -0.403795   2.25815  0.0893435 -0.0294583    3.10918 0 0 0   -0.011 -0.02329  0.04412   0.337675  -0.295596 -0.0123103 -0.000164442 -0.000270551  -0.00180442 0.00610998  0.0140005 0.00116568 -0.000440048  -0.00516607       -9.809 
             147.221 0.0446078 -0.526773   2.19131   0.113789 -0.0513098    3.11098 0 0 0   -0.011 -0.02329  0.04412    0.302477   -0.274311 -0.00436342 -0.000158424 -0.000280459  -0.00176764  0.00652441   0.0136299 0.000904288 -0.000525117  -0.00504877       -9.809 
             147.327 -0.129292 -0.668854    2.0783   0.158458 -0.0822977    3.11142 0 0 0   -0.011 -0.02329  0.04412    0.305735    -0.26551 -0.00158569 -0.000159837 -0.000279088  -0.00170713  0.00576923   0.0136759 0.000840901 -0.000336149  -0.00510404       -9.809 
              147.42 -0.321665  -0.83807   2.23012 0.180632 -0.10103   3.1091 0 0 0   -0.011 -0.02329  0.04412    0.275508   -0.245042 -0.00738694 -0.000168085 -0.000283735  -0.00179429 0.00601294  0.0133998 0.00103186 -0.000381766  -0.00502005       -9.809 
             147.523 -0.494461  -0.97539   2.36552 0.215692 -0.12991    3.106 0 0 0   -0.011 -0.02329  0.04412   0.259858  -0.234867 -0.0136774 -0.000165097 -0.000289027   -0.0018735 0.00566472  0.0135396 0.00122543 -0.000300979  -0.00507521       -9.809 
             147.621 -0.661251  -1.15953   1.96122  0.233398 -0.144196   3.10248 0 0 0   -0.011 -0.02329  0.04412   0.222592  -0.204185 -0.0190071 -0.000152077 -0.000287306  -0.00165666 0.00595213  0.0131266 0.00140967 -0.000349348  -0.00495529       -9.809 
             147.721 -0.794656  -1.33421   2.02937  0.238056 -0.158441   3.10315 0 0 0   -0.011 -0.02329  0.04412   0.163679  -0.179843 -0.0112072 -0.000154663 -0.000285036  -0.00170576 0.00676856  0.0129677 0.00119096 -0.000546472  -0.00486843       -9.809 
             147.826 -0.935587  -1.49035   1.98307 0.254552 -0.17827  3.10036 0 0 0   -0.011 -0.02329  0.04412   0.132547  -0.164184 -0.0145801 -0.000139862 -0.000286068  -0.00169376 0.00673228  0.0130837 0.00133084 -0.000542865  -0.00489994       -9.809 
              147.92 -1.04262 -1.66299  2.08756  0.250173 -0.197219   3.10398 0 0 0   -0.011 -0.02329  0.04412    0.0690761    -0.156715 -0.000267483 -0.000142717 -0.000278205  -0.00176497  0.00758175   0.0134606 0.000905091 -0.000778931  -0.00494314       -9.809 
             148.026 -1.15175 -1.80783  1.63759   0.25273 -0.209732   3.09913 0 0 0   -0.011 -0.02329  0.04412  0.0308801  -0.130852 -0.0113008 -0.000128291 -0.000277964  -0.00153599 0.00772494  0.0133303 0.00129477 -0.000803688  -0.00490489       -9.809 
             148.122 -1.22013 -1.90343  1.88574  0.277635 -0.237507   3.09577 0 0 0   -0.011 -0.02329  0.04412   0.038099  -0.137721 -0.0170837 -0.000126194 -0.000265443  -0.00168674 0.00664701  0.0140486 0.00152669 -0.00057441 -0.00514557      -9.809 
              148.22 -1.26491 -1.95996  1.82335  0.292954 -0.265388   3.09665 0 0 0   -0.011 -0.02329  0.04412   0.025271   -0.14356 -0.0099895 -0.000119886  -0.00024313  -0.00166725 0.00607661  0.0147778 0.00135187 -0.000476457  -0.00535652       -9.809 
             148.323 -1.27071 -1.93364  1.74236 0.294735 -0.27682  3.09669 0 0 0   -0.011 -0.02329  0.04412 -0.00486117   -0.117317 -0.00604028 -0.000116962 -0.000223902  -0.00163887 0.00601884   0.014646 0.00127145 -0.000455816  -0.00532689       -9.809 
              148.42 -1.29641 -1.87712  1.76482  0.281371 -0.280883   3.09936 0 0 0   -0.011 -0.02329  0.04412 -0.0549141 -0.0876415 0.00303236 -9.74823e-05  -0.00020993  -0.00166434      0.0066    0.014393 0.000987494 -0.000587441  -0.00522911       -9.809 
             148.523  -1.2949 -1.80467  1.81335  0.276934 -0.293989   3.09983 0 0 0   -0.011 -0.02329  0.04412 -0.0800313 -0.0772547 0.00483894 -0.000118304   -0.0002029  -0.00170046  0.00650198   0.0146659 0.000987778 -0.000578963  -0.00530124       -9.809 
             148.626 -1.33858 -1.72167  1.67513  0.272871 -0.302936    3.0997 0 0 0   -0.011 -0.02329  0.04412 -0.0956309 -0.0576417 0.00498162 -0.000119688 -0.000217044  -0.00163333 0.00619457  0.0147109 0.00106127 -0.000505846  -0.00533058       -9.809 
              148.72 -1.39906 -1.66443  1.75466  0.257324 -0.300478   3.10189 0 0 0   -0.011 -0.02329  0.04412   -0.12686 -0.0256185  0.0112046 -0.000119801 -0.000222001  -0.00169258  0.00647639   0.0143384 0.000902256 -0.000554956  -0.00522276       -9.809 
             148.826 -1.44567 -1.62717  1.64118  0.239461 -0.283676   3.10376 0 0 0   -0.011 -0.02329  0.04412 -0.151811 0.0326434 0.0143204 -0.000129448 -0.000207843  -0.00164206  0.00656295   0.0132704 0.000812934 -0.000516354  -0.00495944       -9.809 
             148.921  -1.5051 -1.54667  1.49122  0.213418 -0.262052   3.10372 0 0 0   -0.011 -0.02329  0.04412 -0.187137 0.0878309 0.0119387 -0.000117852 -0.000207582  -0.00157186  0.00707922   0.0122805 0.000876892 -0.000583656  -0.00469248       -9.809 
             149.022 -1.53126 -1.46414  1.42588 0.183383 -0.25224  3.10279 0 0 0   -0.011 -0.02329  0.04412  -0.223648   0.105299 0.00644138 -0.000103252  -0.00020189  -0.00154614 0.00760996  0.0123833 0.00102888 -0.00071498 -0.00468799      -9.809 
             149.121 -1.53286 -1.33813  1.32361  0.160489 -0.233086   3.10453 0 0 0   -0.011 -0.02329  0.04412  -0.236442   0.140774 0.00866525 -9.71081e-05 -0.000193361  -0.00149973  0.00758865   0.0118927 0.000922392 -0.000683126  -0.00457108       -9.809 
             149.221 -1.49802 -1.20547  1.18812  0.131974 -0.215616    3.1064 0 0 0   -0.011 -0.02329  0.04412 -0.256517  0.162747 0.0114699  -9.4335e-05 -0.000185812  -0.00143569  0.00783729     0.01176 0.000823947 -0.000735753  -0.00452411       -9.809 
             149.324 -1.44845  -1.0441    1.358  0.111115 -0.191896   3.10488 0 0 0   -0.011 -0.02329  0.04412  -0.251575   0.192924 0.00460877 -7.79192e-05 -0.000176545  -0.00153779 0.00749126  0.0113215 0.00104342 -0.000626416  -0.00444263       -9.809 
              149.42 -1.32737 -0.85634  1.32942 0.0822188 -0.187944   3.10223 0 0 0   -0.011 -0.02329  0.04412   -0.267489    0.170751 -0.00325676 -7.21762e-05 -0.000170002  -0.00152835 0.00777232  0.0123006 0.00132481 -0.000746994  -0.00466031       -9.809 
             149.523   -1.1794 -0.660237   1.60336 0.0525871 -0.156994   3.10268 0 0 0   -0.011 -0.02329  0.04412   -0.270101     0.20829 0.000386965 -5.90797e-05 -0.000171746  -0.00167844 0.00783064  0.0115496 0.00123889 -0.000718064  -0.00447927       -9.809 
             149.623 -0.998618  -0.46346   1.42154  0.011881 -0.133989   3.10703 0 0 0   -0.011 -0.02329  0.04412   -0.2966  0.216086 0.0135672 -5.48958e-05  -0.00016513  -0.00158254  0.00858256     0.01156 0.000869153 -0.000897808  -0.00443402       -9.809 
             149.719 -0.822596 -0.273552   1.50138 -0.0200593  -0.106028    3.11077 0 0 0   -0.011 -0.02329  0.04412 -0.297908   0.23445 0.0203473 -4.47755e-05 -0.000165511  -0.00163079 0.00875834   0.011163 0.00064808 -0.000917368  -0.00432891       -9.809 
             149.825 -0.626488 -0.087416   1.53087 -0.0625427 -0.0686029    3.11068 0 0 0   -0.011 -0.02329  0.04412 -0.305466  0.256283 0.0136895 -4.82805e-05 -0.000174255   -0.0016553  0.00923158   0.0105678 0.000808007 -0.000993485   -0.0041637       -9.809 
             149.921 -0.397846  0.112055   1.53298 -0.0859318   -0.05564    3.10942 0 0 0   -0.011 -0.02329  0.04412  -0.287696    0.23025 0.00669156 -4.09833e-05 -0.000164269  -0.00166664 0.00901609  0.0112029 0.00104881 -0.000978705   -0.0043254       -9.809 
             150.024 -0.18663  0.29457  1.31547  -0.112688 -0.0413508    3.10847 0 0 0   -0.011 -0.02329  0.04412   -0.27192   0.205424 0.00202929  -3.9107e-05 -0.000163917  -0.00155502 0.00897422  0.0117121 0.00119929 -0.000997392  -0.00444668       -9.809 
              150.12 0.0350762  0.514885       1.2  -0.140956 -0.0169644     3.1102 0 0 0   -0.011 -0.02329  0.04412  -0.260969   0.206913 0.00650243 -4.93777e-05 -0.000157404  -0.00150334 0.00910994  0.0114182  0.0010581 -0.00101234 -0.00437045      -9.809 
              150.22 0.210804  0.72081  1.20491   -0.186021 -0.00248298     3.11335 0 0 0   -0.011 -0.02329  0.04412 -0.282414  0.177003 0.0124616 -5.01068e-05  -0.00015552  -0.00151497    0.010218   0.0119324 0.000846816  -0.001296 -0.0044252     -9.809 
             150.326 0.395318 0.929885  1.46994  -0.209817 0.00784809    3.11438 0 0 0   -0.011 -0.02329  0.04412 -0.247989  0.145733 0.0112066 -4.30358e-05 -0.000166965  -0.00167265  0.00993885   0.0123761 0.000883702 -0.00125669 -0.00454304      -9.809 
              150.42 0.576867   1.1354  1.44199  -0.22974 0.0326619   3.11601 0 0 0   -0.011 -0.02329  0.04412 -0.217812  0.157427 0.0130288 -5.05434e-05 -0.000169606  -0.00166139  0.00975363   0.0116084 0.000823652 -0.00117124  -0.0043781      -9.809 
             150.523 0.715769  1.30713   1.3019 -0.244508  0.045225    3.1182 0 0 0   -0.011 -0.02329  0.04412 -0.178483   0.13539 0.0157938 -6.34014e-05 -0.000177761   -0.0015868  0.00943063   0.0117164 0.000754187 -0.00110313 -0.00442119      -9.809 
             150.624 0.830789  1.46849  1.24582 -0.249557 0.0423604    3.1191 0 0 0   -0.011 -0.02329  0.04412 -0.131386 0.0847799 0.0136003 -7.74929e-05 -0.000173496  -0.00156417  0.00887479   0.0125625 0.000813202   -0.001024 -0.00464467      -9.809 
              150.72 0.908213   1.6281  1.50944 -0.260777 0.0628634    3.1178 0 0 0   -0.011 -0.02329  0.04412 -0.0972198  0.0934118 0.00630689 -7.38458e-05 -0.000172363  -0.00171584 0.00876205  0.0117874 0.00103076 -0.000957493  -0.00447436       -9.809 
             150.826 0.964532  1.77527  1.54755 -0.257411 0.0774796   3.11675 0 0 0   -0.011 -0.02329  0.04412   -0.0396973    0.0883212 -0.000450636 -7.49869e-05 -0.000185162  -0.00174366 0.00807465  0.0113481 0.00115428 -0.000779202  -0.00441301       -9.809 
             150.921 1.00736 1.89449 1.10187 -0.247208 0.0726051   3.11912 0 0 0   -0.011 -0.02329  0.04412  0.0116912  0.0457581 0.00350286 -9.03447e-05 -0.000191041  -0.00150453  0.00743123   0.0119948 0.000926148 -0.000667304  -0.00459597       -9.809 
             151.023 1.03065 1.94679 1.15425 -0.248525 0.0855632   3.11909 0 0 0   -0.011 -0.02329  0.04412    0.037057    0.045283 0.000756665 -0.000102473 -0.000201794  -0.00154005  0.00759715   0.0114691 0.000958402 -0.000676263  -0.00446853       -9.809 
             151.122 1.02648 1.97037 1.06819 -0.224443 0.0853642   3.11771 0 0 0   -0.011 -0.02329  0.04412   0.103715  0.0224335 -0.0040384 -0.000101482 -0.000220617  -0.00149884 0.00657972  0.0115536 0.00104389 -0.000454468  -0.00454322       -9.809 
             151.221 1.01068 1.92476 1.09516 -0.221869 0.0893739   3.11913 0 0 0   -0.011 -0.02329  0.04412    0.114017  0.00824687 0.000294664  -0.00010725 -0.000232451  -0.00152233  0.00705766   0.0114702 0.000908899 -0.000554623  -0.00449917       -9.809 
             151.325 0.983795   1.8464  1.10099 -0.203793 0.0837422   3.12372 0 0 0   -0.011 -0.02329  0.04412   0.149251 -0.0200952   0.011469 -0.000116392 -0.000254424  -0.00153449  0.00682243   0.0117597 0.000528879 -0.000512978  -0.00457959       -9.809 
             151.421 0.946694  1.71224  1.08534 -0.190824 0.0784727   3.12473 0 0 0   -0.011 -0.02329  0.04412   0.164765 -0.0413701  0.0109484 -0.000114101 -0.000257287   -0.0015341  0.00695008   0.0119448 0.000535611 -0.00055151 -0.00461337      -9.809 
             151.523 0.904372  1.55673  1.07212 -0.176659 0.0679761   3.11955 0 0 0   -0.011 -0.02329  0.04412    0.173978  -0.0688532 -0.00632681 -0.000113444  -0.00026272  -0.00153356 0.00719547  0.0123065 0.00104206 -0.000632448  -0.00467537       -9.809 
             151.623 0.846221  1.35798 0.883829 -0.155992 0.0545662   3.11932 0 0 0   -0.011 -0.02329  0.04412    0.193655  -0.0939058 -0.00657766 -0.000115923 -0.000278693  -0.00143489 0.00707405  0.0126455 0.00099183 -0.000623732  -0.00475702       -9.809 
             151.722 0.789138  1.15176 0.676138 -0.117614 0.0402005   3.12075 0 0 0   -0.011 -0.02329  0.04412   0.241966  -0.110738 -0.0014894 -0.000121077 -0.000278435  -0.00132633  0.00603093   0.0127678 0.000766751 -0.000399095  -0.00484377       -9.809 
             151.822 0.702928 0.929165 0.590712 -0.0792966  0.0310387    3.11633 0 0 0   -0.011 -0.02329  0.04412   0.278128  -0.112363 -0.0148276 -0.000122078 -0.000264528  -0.00128352 0.00521074  0.0125133 0.00108884 -0.00020933 -0.00483199      -9.809 
             151.924 0.626897 0.740878 0.424404 -0.0475083  0.0170036    3.11734 0 0 0   -0.011 -0.02329  0.04412   0.285203  -0.124109 -0.0105458 -0.000126072 -0.000273589   -0.0011932  0.00511461    0.012588 0.000865886 -0.000190331  -0.00485514       -9.809 
             152.022 0.536217 0.496887 0.350566 -0.0163513 -0.0166658    3.11757 0 0 0   -0.011 -0.02329  0.04412    0.287383   -0.173308 -0.00797981  -0.00012976 -0.000269746  -0.00115586   0.0050193   0.0138071 0.000738308 -0.000236599  -0.00512552       -9.809 
             152.121 0.431559 0.295735 0.532924  0.0251767 -0.0405636     3.1155 0 0 0   -0.011 -0.02329  0.04412   0.308678  -0.188557 -0.0120134 -0.000134127  -0.00027254  -0.00125993  0.00430206   0.0140696 0.000827466  -9.651e-05 -0.00522294      -9.809 
             152.222  0.298064 0.0756122  0.533583  0.0448992 -0.0554599    3.11153 0 0 0   -0.011 -0.02329  0.04412   0.277249  -0.183433 -0.0195156 -0.000136337 -0.000270604  -0.00126198 0.00495003  0.0138884 0.00107248 -0.000227404  -0.00514528       -9.809 
             152.324  0.155311 -0.173449  0.743035  0.0760413 -0.0782532    3.11072 0 0 0   -0.011 -0.02329  0.04412   0.271677  -0.191249 -0.0165805 -0.000144531 -0.000272328  -0.00137746  0.00476642   0.0141128 0.000966461 -0.000200384  -0.00520448       -9.809 
             152.421 -0.0120197  -0.436635   0.644173 0.0855368 -0.090382   3.10896 0 0 0   -0.011 -0.02329  0.04412   0.22719 -0.179492 -0.017919 -0.000141998 -0.000272534  -0.00132121  0.00559663   0.0138932 0.000990561 -0.000365943  -0.00510907       -9.809 
              152.52 -0.167646  -0.68848  0.623991 0.0975372  -0.10227   3.10774 0 0 0   -0.011 -0.02329  0.04412   0.192646  -0.165025 -0.0174102 -0.000150546 -0.000282455  -0.00131026  0.00607055   0.0136526 0.000943833 -0.000453546   -0.0050303       -9.809 
             152.622 -0.341267 -0.953044  0.425414  0.122615 -0.108823   3.10474 0 0 0   -0.011 -0.02329  0.04412   0.182642  -0.132648 -0.0206626 -0.000144897 -0.000283564  -0.00120107 0.00573175  0.0129715 0.00104098 -0.000342545  -0.00490508       -9.809 
             152.722 -0.528043  -1.21332   0.54111  0.141933 -0.132161   3.10271 0 0 0   -0.011 -0.02329  0.04412   0.160148  -0.144993 -0.0192109  -0.00014469 -0.000270345  -0.00126694 0.00565003  0.0135953 0.00104476 -0.000360475  -0.00504199       -9.809 
             152.821 -0.689855  -1.41905  0.526988  0.148964 -0.143368   3.10094 0 0 0   -0.011 -0.02329  0.04412   0.120428  -0.130487 -0.0178012 -0.000145205  -0.00025713  -0.00125982 0.00603777  0.0135148 0.00103584 -0.000437968  -0.00500259       -9.809 
             152.925 -0.826653  -1.56718  0.368948   0.14527 -0.153551   3.09758 0 0 0   -0.011 -0.02329  0.04412  0.0632101   -0.11419 -0.0204699   -0.0001296 -0.000238404  -0.00117307 0.00680578  0.0134963 0.00115459 -0.000598013  -0.00495479       -9.809 
             153.022 -0.936346  -1.66559  0.413542  0.142347 -0.150638   3.09861 0 0 0   -0.011 -0.02329  0.04412  0.0212504 -0.0725442 -0.0113352 -0.000126241 -0.000223352  -0.00119213  0.00716246   0.0127535 0.000892093 -0.000633259  -0.00477744       -9.809 
             153.122 -1.01709 -1.73465 0.408274  0.142765 -0.140884   3.10086 0 0 0   -0.011 -0.02329  0.04412 -0.00356031  -0.0217603 -0.00158268  -0.00011054 -0.000221459  -0.00118274   0.0071095   0.0117949 0.000617816 -0.000570823  -0.00457872       -9.809 
             153.224 -1.06187 -1.78553 0.634613  0.132247 -0.135023   3.10525 0 0 0   -0.011 -0.02329  0.04412 -0.0470443  0.0078095    0.01066 -0.000101164 -0.000201977  -0.00130514  0.00754167   0.0114469 0.000247192 -0.000645131  -0.00447939       -9.809 
             153.321 -1.08931 -1.77347 0.519332 0.127382 -0.12905    3.102 0 0 0   -0.011 -0.02329  0.04412 -0.0700285  0.0325191 0.00144842 -9.86836e-05 -0.000179417  -0.00124473  0.00749647   0.0111646 0.000586735 -0.000616201  -0.00442552       -9.809 
             153.421 -1.09522 -1.69432 0.318252  0.112733 -0.126691   3.10113 0 0 0   -0.011 -0.02329  0.04412  -0.107276  0.0428236 0.00066572  -9.7294e-05 -0.000161331  -0.00114705  0.00782686   0.0113186 0.000667434 -0.000692292  -0.00443919       -9.809 
             153.524 -1.10261 -1.53515 0.205679 0.101027 -0.11763  3.09712 0 0 0   -0.011 -0.02329  0.04412   -0.127747   0.0653737 -0.00943732  -9.3375e-05 -0.000151281   -0.0010861  0.00780767   0.0110658 0.000981916 -0.000670625   -0.0043905       -9.809 
             153.621 -1.06759 -1.37878 0.658473 0.0826626 -0.112591     3.099 0 0 0   -0.011 -0.02329  0.04412   -0.156262   0.0723593 -0.00173621 -8.48585e-05 -0.000145308  -0.00133749  0.00809231   0.0112242 0.000753376 -0.000740569  -0.00440519       -9.809 
             153.728 -1.00216 -1.22655 0.454392  0.0563466 -0.0983579    3.09863 0 0 0   -0.011 -0.02329  0.04412    -0.187169    0.0947047 -0.000735305 -6.52827e-05 -0.000154979  -0.00122287  0.00853798     0.01095 0.000750064 -0.000816742  -0.00432387       -9.809 
             153.821 -0.881047  -1.06597  0.379256  0.0321681 -0.0716683    3.09656 0 0 0   -0.011 -0.02329  0.04412   -0.205212    0.138196 -0.00485866 -6.33922e-05 -0.000152852  -0.00117884  0.00877572  0.00998485 0.000886887 -0.000810543  -0.00411455       -9.809 
             153.923 -0.743173 -0.896636  0.493059 -0.00124467  -0.0566491     3.09331 0 0 0   -0.011 -0.02329  0.04412  -0.237291   0.143813 -0.0115268 -5.57658e-05 -0.000146803  -0.00123944 0.00945013  0.0100421 0.00109704 -0.000949052  -0.00409003       -9.809 
             154.025 -0.585778 -0.693478  0.699517  -0.017916 -0.0502181    3.09191 0 0 0   -0.011 -0.02329  0.04412  -0.229457   0.131143 -0.0130459 -4.54267e-05 -0.000135722   -0.0013551 0.00907786  0.0104665 0.00113986 -0.000896451  -0.00419713       -9.809 
              154.12 -0.407445 -0.480542   0.45661 -0.0496787 -0.0336013    3.09403 0 0 0   -0.011 -0.02329  0.04412   -0.249486    0.139115 -0.00510709 -4.95889e-05 -0.000139204  -0.00122106  0.00961735    0.010299 0.000823091 -0.000998543  -0.00413154       -9.809 
             154.228 -0.256002 -0.288289  0.609271  -0.083638 -0.0203662     3.0975 0 0 0   -0.011 -0.02329  0.04412  -0.261553   0.131921 0.00387281 -5.23002e-05 -0.000139275  -0.00130785   0.0100175   0.0104581 0.000470777 -0.00108974 -0.00413987      -9.809 
             154.321 -0.0945555 -0.0556746   0.664482   -0.10534 0.00689035    3.10318 0 0 0   -0.011 -0.02329  0.04412 -0.245192   0.15997  0.017253 -5.45158e-05 -0.000132136  -0.00133839   0.00975193   0.00953797 -5.65371e-06 -0.000988929  -0.00396767       -9.809 
             154.421 0.0533366  0.158873  0.679253 -0.133058 0.0189139   3.10271 0 0 0   -0.011 -0.02329  0.04412 -0.244586  0.145177 0.0101675 -5.13392e-05  -0.00013519  -0.00134646  0.00999079  0.00978266 0.000179711 -0.00104933 -0.00400421      -9.809 
             154.523 0.208748 0.370226  0.82888 -0.159532 0.0352511   3.09955 0 0 0   -0.011 -0.02329  0.04412   -0.235923    0.139947 -0.00192661 -5.21782e-05 -0.000129292  -0.00142969   0.0101179  0.00967619 0.000539425 -0.00106876  -0.0039765      -9.809 
             154.621  0.35289 0.610223 0.935643 -0.180524 0.0482894   3.09751 0 0 0   -0.011 -0.02329  0.04412   -0.218388    0.129055 -0.00729321 -5.40871e-05 -0.000133104  -0.00148917   0.0100516  0.00966921 0.000703922  -0.0010553 -0.00397864      -9.809 
             154.722 0.502053 0.826926  0.90573 -0.195735 0.0573066   3.09457 0 0 0   -0.011 -0.02329  0.04412  -0.186858   0.108747 -0.0134424 -4.99195e-05 -0.000133951  -0.00147494    0.009688  0.00985546 0.000894913 -0.000993129  -0.00403462       -9.809 
             154.824 0.665665   1.0277 0.777038 -0.231662 0.0703712   3.09103 0 0 0   -0.011 -0.02329  0.04412  -0.200231  0.0962597 -0.0196052 -5.04287e-05 -0.000145807  -0.00140534  0.0106677 0.00983323 0.00108304 -0.00118646 -0.00397865      -9.809 
             154.922 0.798347  1.17976 0.730701 -0.240694 0.0690962   3.08684 0 0 0   -0.011 -0.02329  0.04412  -0.16171 0.0606975 -0.026747 -6.21169e-05 -0.000150779  -0.00138026  0.0101924  0.0103649 0.00127284 -0.00112043 -0.00410756      -9.809 
             155.025 0.909548   1.3193 0.960614 -0.259364 0.0747661    3.0893 0 0 0   -0.011 -0.02329  0.04412  -0.143454  0.0427927 -0.0131671 -6.58769e-05  -0.00015361  -0.00151162    0.010388   0.0103714 0.000843201 -0.00115655 -0.00410068      -9.809 
              155.12 0.992005   1.4593 0.986518 -0.273338 0.0836923   3.08857 0 0 0   -0.011 -0.02329  0.04412 -0.118953 0.0374685 -0.011285 -6.62676e-05 -0.000157173  -0.00152714   0.0104099   0.0100446 0.000799776 -0.00114429 -0.00403568      -9.809 
             155.222  1.04802  1.57715 0.916498 -0.270971 0.0818714   3.08897 0 0 0   -0.011 -0.02329  0.04412  -0.0669737   0.0120594 -0.00713678 -7.69479e-05 -0.000156725  -0.00149021  0.00970065   0.0102182 0.000670702 -0.00101331 -0.00410613      -9.809 
             155.324  1.07568   1.6843 0.697519  -0.27158 0.0907335   3.09078 0 0 0   -0.011 -0.02329  0.04412  -0.0276333   0.0133628 9.17788e-05 -9.15207e-05 -0.000169185  -0.00137027  0.00938378  0.00965841 0.000460844 -0.000922235   -0.0040143       -9.809 
              155.42  1.07951  1.75526 0.848337 -0.267271  0.102574   3.09124 0 0 0   -0.011 -0.02329  0.04412   0.013884  0.0230896 0.00135046 -9.45899e-05 -0.000178294  -0.00145855  0.00897819   0.0089171 0.000421818 -0.000807059  -0.00389073       -9.809 
             155.526  1.06716  1.81063 0.912525 -0.265177 0.0988229   3.09318 0 0 0   -0.011 -0.02329  0.04412   0.0403378 -0.00637402  0.00604308 -9.67692e-05 -0.000182157  -0.00149918  0.00906778  0.00923914 0.000276013 -0.000838414  -0.00394979       -9.809 
              155.62  1.04453  1.85276 0.891386  -0.25465 0.0891363   3.09188 0 0 0   -0.011 -0.02329  0.04412  0.0747968 -0.0379152 0.00012137 -0.000102303 -0.000187659  -0.00149061   0.0087611   0.0097077 0.000414597 -0.000803722   -0.0040541       -9.809 
             155.723  1.02025  1.86114 0.819862 -0.252217 0.0928639   3.08955 0 0 0   -0.011 -0.02329  0.04412   0.0884496  -0.0358564 -0.00723248 -9.87549e-05 -0.000195558  -0.00145001  0.00908291  0.00926338 0.000620072 -0.000846586  -0.00395126       -9.809 
             155.827 0.990707  1.82145 0.998619 -0.253729 0.0918718   3.09016 0 0 0   -0.011 -0.02329  0.04412   0.0894911  -0.0452708 -0.00463068 -9.96335e-05 -0.000218623   -0.0015471  0.00974311  0.00915474 0.000524364 -0.000966527  -0.00389897       -9.809 
             155.921 0.949942  1.72483 0.964948 -0.240977 0.0804602   3.08622 0 0 0   -0.011 -0.02329  0.04412   0.114769  -0.069535 -0.0153899 -0.000100063 -0.000226342  -0.00152576 0.00959245 0.00952237 0.00078811 -0.000958788  -0.00397439       -9.809 
             156.027 0.892619   1.6067 0.902501 -0.216883 0.0515091   3.08114 0 0 0   -0.011 -0.02329  0.04412   0.152914  -0.123917 -0.0273282 -0.000104659 -0.000223702  -0.00149076 0.00902973  0.0106956 0.00102935 -0.000910768  -0.00422308       -9.809 
             156.121 0.827247  1.48321    0.722  -0.19031 0.0279089   3.07861 0 0 0   -0.011 -0.02329  0.04412  0.189974 -0.156806 -0.030246 -0.000112762 -0.000226451  -0.00139132  0.00840734     0.01132 0.000989197 -0.00082185 -0.00437177      -9.809 
             156.221 0.770837  1.37483  1.00071   -0.148715 -0.00125579     3.07542 0 0 0   -0.011 -0.02329  0.04412   0.243053  -0.186962 -0.0326099 -0.000100316 -0.000223185  -0.00154578  0.00731326   0.0119101 0.000943665 -0.000642223  -0.00453618       -9.809 
             156.324 0.703769   1.2576  0.91667  -0.116707 -0.0239212     3.0705 0 0 0   -0.011 -0.02329  0.04412   0.266557   -0.19862 -0.0386249 -0.000100154 -0.000218685  -0.00149949 0.00695301  0.0120652  0.0010589 -0.000582883  -0.00458189       -9.809 
             156.423 0.606648  1.13738  1.05012 -0.0808091 -0.0589415    3.07097 0 0 0   -0.011 -0.02329  0.04412   0.289119  -0.235092 -0.0287507 -0.000116023 -0.000226298  -0.00157546  0.00652865   0.0129273 0.000667288 -0.00053933  -0.0047665      -9.809 
             156.521 0.483302 0.993517 0.980804 -0.0447612 -0.0738658    3.07384 0 0 0   -0.011 -0.02329  0.04412   0.311354  -0.217948 -0.0147326 -0.000127864 -0.000241498  -0.00153581 0.00608591  0.0123652 0.00017855 -0.000425562  -0.00468502       -9.809 
             156.625 0.330538 0.800101 0.832077 -0.00255616   -0.109614     3.07213 0 0 0   -0.011 -0.02329  0.04412   0.326933  -0.241344 -0.0152031 -0.000135461 -0.000252815  -0.00145059  0.00568936   0.0130335 0.000175434 -0.000382286  -0.00482854       -9.809 
              156.72 0.115216 0.542841 0.685481 0.0442585 -0.137484   3.06688 0 0 0   -0.011 -0.02329  0.04412   0.356279  -0.247102 -0.0253522 -0.000146392 -0.000257717   -0.0013693   0.0047992   0.0132577 0.000491671 -0.000229208   -0.0049106       -9.809 
             156.828 -0.0935802   0.307941    0.73244 0.0778361 -0.162587   3.06189 0 0 0   -0.011 -0.02329  0.04412   0.340939  -0.238714 -0.0302093 -0.000151676 -0.000263101  -0.00139436  0.00501487   0.0132322 0.000693032 -0.000269343  -0.00489512       -9.809 
             156.925  -0.333892 0.00796943   0.709481  0.114807 -0.179762   3.06188 0 0 0   -0.011 -0.02329  0.04412   0.341542  -0.215464 -0.0196324 -0.000152727 -0.000263996  -0.00138011    0.004736   0.0128675 0.000443817 -0.00019983 -0.00484126      -9.809 
             157.021 -0.562045 -0.266392   0.57515  0.137379 -0.196101   3.06218 0 0 0   -0.011 -0.02329  0.04412  0.305884 -0.193577 -0.011082 -0.000152036 -0.000271821  -0.00130301  0.00532643   0.0126571 0.000259734 -0.000298528  -0.00477496       -9.809 
             157.125 -0.801907 -0.556948  0.577369  0.155563 -0.209407   3.05706 0 0 0   -0.011 -0.02329  0.04412  0.262723  -0.16665 -0.019428  -0.00015395 -0.000265928  -0.00130017  0.00597847   0.0123928 0.000619847 -0.000406817  -0.00469617       -9.809 
             157.222  -1.03465 -0.840575    0.5559  0.186953 -0.229466   3.05263 0 0 0   -0.011 -0.02329  0.04412   0.254821  -0.156712 -0.0241243 -0.000151323   -0.0002618  -0.00128242    0.005594   0.0126362 0.000854778 -0.000347533   -0.0047594       -9.809 
             157.321 -1.24309 -1.08017 0.453408  0.203965 -0.239075   3.04857 0 0 0   -0.011 -0.02329  0.04412    0.21728  -0.126369 -0.0269221  -0.00014023 -0.000263471  -0.00121649 0.00595204  0.0124015 0.00100745 -0.000401746   -0.0047003       -9.809 
             157.425 -1.42034 -1.32328 0.473192  0.215586 -0.236501   3.04876 0 0 0   -0.011 -0.02329  0.04412   0.168503 -0.0711334 -0.0163261 -0.000132292 -0.000247568  -0.00121832  0.00644571   0.0116159 0.000736685 -0.000456159  -0.00453258       -9.809 
              157.52 -1.59338 -1.55269 0.290033  0.213746 -0.230699   3.04762 0 0 0   -0.011 -0.02329  0.04412   0.109473 -0.0260026 -0.0118693 -0.000120292 -0.000246495  -0.00111135  0.00730819   0.0110587 0.000690283 -0.000586874  -0.00439027       -9.809 
             157.625 -1.70197  -1.7188 0.609433   0.22398 -0.224497   3.04881 0 0 0   -0.011 -0.02329  0.04412   0.0789915   0.0165386 -0.00252954  -0.00011493 -0.000231588   -0.0012815  0.00724479   0.0106139 0.000499318 -0.000555851  -0.00431146       -9.809 
             157.721 -1.76839  -1.8626 0.310277   0.23306 -0.217888   3.04803 0 0 0   -0.011 -0.02329  0.04412   0.055054  0.0501125 -0.0015403 -9.11092e-05 -0.000210869  -0.00111443 0.00706311  0.0103514  0.0005554 -0.000510199  -0.00427357       -9.809 
             157.821 -1.77345 -1.91926 0.622238  0.228576 -0.204123   3.04675 0 0 0   -0.011 -0.02329  0.04412   0.0068441   0.0902044 -0.00192169 -7.55997e-05 -0.000190637   -0.0012887  0.00748923  0.00999265 0.000633943 -0.000568985   -0.0041897       -9.809 
             157.926 -1.73591 -1.91461 0.366903 0.20616 -0.1795   3.048 0 0 0   -0.011 -0.02329  0.04412 -0.0642472   0.139176 0.00338904 -5.50648e-05   -0.0001683  -0.00114973  0.00855746  0.00933793 0.000470543 -0.000730976  -0.00401973       -9.809 
              158.02 -1.63635 -1.85511 0.645419    0.2025 -0.176444   3.04825 0 0 0   -0.011 -0.02329  0.04412 -0.0873385    0.13576 0.00384079 -5.99931e-05 -0.000151782  -0.00130128  0.00842267  0.00994543 0.000498696 -0.000735338  -0.00413459       -9.809 
             158.121 -1.53479 -1.77802 0.281634 0.191421 -0.15785  3.04954 0 0 0   -0.011 -0.02329  0.04412  -0.114848   0.161613 0.00641441 -4.21891e-05 -0.000156221  -0.00110089 0.00846262 0.00970979 0.00041968 -0.000732302  -0.00408992       -9.809 
             158.224 -1.36947  -1.6818 0.666232  0.166303 -0.139871    3.0484 0 0 0   -0.011 -0.02329  0.04412  -0.162067    0.17545 0.00228434 -3.73759e-05 -0.000144853  -0.00130857   0.0091065  0.00976129 0.000538571 -0.000847214  -0.00406981       -9.809 
             158.323 -1.18677  -1.5545 0.608403  0.139084 -0.107463   3.04612 0 0 0   -0.011 -0.02329  0.04412   -0.197504    0.212793 -0.00371857 -1.29711e-05 -0.000136677  -0.00126964  0.00954527  0.00904919 0.000696733 -0.000889351  -0.00392522       -9.809 
             158.424 -0.944749  -1.38331  0.705799   0.130619 -0.0919602    3.04992 0 0 0   -0.011 -0.02329  0.04412  -0.192702   0.209551 0.00731699  -2.7394e-05 -0.000121977  -0.00131984  0.00893171  0.00931093 0.000404008 -0.000797138  -0.00399704       -9.809 
             158.523 -0.742035  -1.17327  0.542789   0.110297 -0.0782739    3.05146 0 0 0   -0.011 -0.02329  0.04412  -0.209278   0.197419 0.00955512 -1.40986e-05 -0.000103423  -0.00122554  0.00901345  0.00973338 0.000344315 -0.000831501  -0.00406676       -9.809 
             158.621 -0.512096 -0.935909  0.632688  0.0934658 -0.0537556    3.05124 0 0 0   -0.011 -0.02329  0.04412  -0.208462   0.209262 0.00610031 -1.93359e-05  -0.00010323  -0.00127166  0.00877626   0.0093743 0.000438083 -0.000772843  -0.00401569       -9.809 
             158.722 -0.299017  -0.70226  0.871783  0.0730696 -0.0378671    3.05324 0 0 0   -0.011 -0.02329  0.04412 -0.210763  0.193348 0.0089999 -1.68799e-05 -0.000101546  -0.00139962  0.00870326  0.00971437 0.000332154 -0.000776425  -0.00407767       -9.809 
             158.822 -0.0721981  -0.444229    0.86513  0.0504794 -0.0120024    3.05353 0 0 0   -0.011 -0.02329  0.04412   -0.21343   0.201531 0.00679196  -1.9442e-05 -9.93914e-05  -0.00139493  0.00877249  0.00930201 0.000367931 -0.000769749  -0.00400303       -9.809 
             158.929  0.114582 -0.214225  0.579669  0.0232405 0.00620682    3.05355 0 0 0   -0.011 -0.02329  0.04412 -0.219527  0.183898 0.0042304 -3.51689e-05  -0.00010274  -0.00123286  0.00904811  0.00948707 0.000418835 -0.000825276  -0.00402284       -9.809 
             159.026  0.292887 0.0194537  0.478852 -0.00746788   0.0248935     3.05124 0 0 0   -0.011 -0.02329  0.04412   -0.232604    0.174034 -0.00398188 -3.24101e-05 -0.000106307  -0.00117274  0.00959505  0.00946497 0.000641015 -0.000917738  -0.00399489       -9.809 
             159.121 0.439874 0.214879 0.490623 -0.0308973  0.0398826    3.04957 0 0 0   -0.011 -0.02329  0.04412   -0.224896    0.156074 -0.00807385 -3.4098e-05 -0.00010554 -0.00117606  0.00964368  0.00957153 0.000751793 -0.000930458  -0.00401105       -9.809 
             159.225 0.585629 0.409897 0.569968 -0.0476522   0.054903    3.05272 0 0 0   -0.011 -0.02329  0.04412   -0.20073   0.140804 0.00256423 -4.70716e-05 -0.000118934  -0.00121912   0.0093335  0.00954023 0.000410073 -0.000876185  -0.00401996       -9.809 
             159.321 0.692975  0.58818 0.833016 -0.0646439   0.060944    3.05406 0 0 0   -0.011 -0.02329  0.04412  -0.184276   0.110274 0.00479941 -4.75769e-05 -0.000133108  -0.00136477  0.00928215  0.00994207 0.000312873 -0.000884793  -0.00409112       -9.809 
              159.42 0.779252 0.721702 0.629523 -0.0728181  0.0657746    3.05054 0 0 0   -0.011 -0.02329  0.04412   -0.150643   0.0827569 -0.00748196 -6.30047e-05 -0.000122828  -0.00124835  0.00878417   0.0101949 0.000647934 -0.000811521  -0.00415491       -9.809 
             159.527 0.856362 0.869201 0.636986 -0.0857223  0.0721446    3.05002 0 0 0   -0.011 -0.02329  0.04412   -0.125354   0.0598635 -0.00889628 -5.91937e-05 -0.000126832  -0.00125231  0.00863658   0.0102837 0.000612582 -0.000790167  -0.00417661       -9.809 
             159.621 0.924793  1.01589 0.419824 -0.091004 0.0766045   3.05306 0 0 0   -0.011 -0.02329  0.04412  -0.0957407   0.0433641 0.000235361 -6.56606e-05  -0.00013153  -0.00113828  0.00832449   0.0102558 0.000268268 -0.000734618  -0.00418746       -9.809 
             159.723 0.955879  1.11707 0.561512 -0.114806 0.0782898   3.05335 0 0 0   -0.011 -0.02329  0.04412   -0.105478   0.0177584 0.000400298 -8.22238e-05  -0.00014626  -0.00121882  0.00916986   0.0104815 0.000246677 -0.000886809  -0.00418874       -9.809 
             159.823 0.946609  1.17961 0.466437 -0.120459 0.0892356   3.04882 0 0 0   -0.011 -0.02329  0.04412 -0.0755608  0.0232133 -0.0120636 -8.79221e-05 -0.000151573  -0.00116695  0.00890041  0.00986259 0.000633567 -0.000817426  -0.00409397       -9.809 
             159.923 0.908874  1.21672 0.404552 -0.105604 0.0832099   3.04795 0 0 0   -0.011 -0.02329  0.04412  -0.0138294 -0.00353144  -0.0105115 -9.68358e-05 -0.000153581  -0.00113403   0.0077735   0.0101264 0.000579543 -0.000639377  -0.00418772       -9.809 
             160.024 0.836256  1.23457 0.482547 -0.087718 0.0801908   3.04855 0 0 0   -0.011 -0.02329  0.04412   0.0413995  -0.0184119 -0.00585562 -0.000102324 -0.000167392  -0.00117918  0.00679332   0.0100867 0.000418088 -0.000472597  -0.00422509       -9.809 
             160.121 0.767015  1.22177 0.621974 -0.0790282  0.0683153    3.05074 0 0 0   -0.011 -0.02329  0.04412  0.0652171 -0.0503591 0.00205608 -0.000106178  -0.00017798  -0.00125785  0.00663448   0.0106205 0.000168408 -0.000467047  -0.00432252       -9.809 
             160.223 0.700803  1.17939 0.812731 -0.0820794  0.0669989    3.04948 0 0 0   -0.011 -0.02329  0.04412   0.0631846  -0.0537725 -0.00281818  -9.5492e-05 -0.000181274  -0.00136189   0.0071976   0.0104423 0.000302775 -0.000553996  -0.00426749       -9.809 
             160.323 0.619477  1.11673 0.768386  -0.07817 0.0499556   3.04666 0 0 0   -0.011 -0.02329  0.04412 0.0694445 -0.088826 -0.010651 -0.000103041 -0.000186128  -0.00133675 0.00740263  0.0111437  0.0005098 -0.000619653  -0.00437313       -9.809 
              160.42  0.54377  1.01697 0.473783 -0.0715877  0.0458464    3.04287 0 0 0   -0.011 -0.02329  0.04412  0.0816341 -0.0862847 -0.0186475 -0.000108856 -0.000198313  -0.00117084  0.00740574   0.0108646 0.000754589 -0.000610433  -0.00432557       -9.809 
             160.526 0.450743 0.878107  0.58462 -0.0683231  0.0325449    3.04303 0 0 0   -0.011 -0.02329  0.04412  0.0811333  -0.101845 -0.0132238 -9.95654e-05 -0.000212637  -0.00123212  0.00773419   0.0111468 0.000573105 -0.00067475 -0.00435885      -9.809 
             160.621 0.356124 0.699763 0.617132 -0.0659291   0.041946     3.0426 0 0 0   -0.011 -0.02329  0.04412  0.0800559 -0.0642788 -0.0101306 -0.000103997 -0.000213922  -0.00125176  0.00799181  0.00997793 0.000521321 -0.000667834  -0.00415675       -9.809 
             160.722 0.261088 0.547055 0.521098 -0.0543361  0.0364268    3.04549 0 0 0   -0.011 -0.02329  0.04412  0.0910245 -0.0634692 0.00183319 -0.000112155 -0.000211365  -0.00119919  0.00781664  0.00989056 0.000191264 -0.000633374  -0.00415126       -9.809 
             160.822 0.140436 0.375938  0.29578 -0.053231 0.0302895    3.0425 0 0 0   -0.011 -0.02329  0.04412  0.0811822 -0.0787825  -0.023945 -0.000111055  -0.00020681  -0.00107398  0.00824168  0.00992196 0.000454845 -0.000705382  -0.00413755       -9.809 
              160.92  0.312173  0.410303 -0.371312 -0.0398388  0.0226289    3.03923 0 0 0   -0.011 -0.02329  0.04412  0.0769685 -0.0492664 -0.0744611 -0.000110332 -0.000203791  -0.00106524 0.00791573 0.00995193   0.000325 -0.000653104  -0.00415649       -9.809 
             161.024 0.330503 0.706376 -6.10388 -0.0148627  0.0409574    3.02883 0 0 0   -0.011 -0.02329  0.04412 0.0832637 0.0432678 -0.120207 9.93263e-05 5.87071e-05 -0.00142933  0.00680575  0.00855476 0.000435384 -0.000415013   -0.0039782       -9.809 
             161.121 0.338473 0.781678  -20.129 -0.0298649  0.0706612    3.00441 0 0 0   -0.011 -0.02329  0.04412  0.062747  0.103889 -0.297343 -0.000123795 -0.000140557  -0.00125345 0.00798786 0.00725888 0.00103622 -0.000546928  -0.00371348       -9.809 
             161.223 -0.283111  0.168669  -31.9192 -0.0216071  0.0852169    2.96968 0 0 0   -0.011 -0.02329  0.04412 0.0953624 0.0993772 -0.486593 -0.000184213 -0.000580657  -0.00185897  0.00798126   0.0069678 0.000681267 -0.000525419  -0.00366965       -9.809 
             161.326 -0.898369   -1.1324  -42.5887 -0.024432 0.0913012   2.92315 0 0 0   -0.011 -0.02329  0.04412 0.0706027  0.071445 -0.614753 -0.000266063 -0.000576691  -0.00195804   0.00863797   0.00737609 -0.000253498 -0.000678474  -0.00366797       -9.809 
             161.421 -1.18036 -2.08281 -49.2391 -0.0121985  0.0862209    2.86796 0 0 0   -0.011 -0.02329  0.04412 0.0653646 0.0496385 -0.673328 -0.000203455 -0.000304592  -0.00212375  0.00819595  0.00797696 -0.00116185 -0.00069253 -0.00380625      -9.809 
             161.526 -0.980738  -2.24285  -52.2199 -0.0342286  0.0698475    2.79884 0 0 0   -0.011 -0.02329  0.04412 -0.0102938  0.0160826  -0.700488 -6.21497e-05 -7.66095e-05  -0.00208003  0.00883841   0.0100615 -0.00134959 -0.00122124 -0.00392585      -9.809 
             161.626 -0.470579  -1.89209  -52.4872 -0.0587627  0.0590808    2.72889 0 0 0   -0.011 -0.02329  0.04412 -0.0720337 0.00186884  -0.685464 2.44278e-05 4.25919e-05 -0.00176939  0.00922581   0.0115641 -0.00121463 -0.00165107 -0.00396415      -9.809 
             161.723 0.0603729  -1.41969    -51.17 -0.0857978  0.0651227    2.66125 0 0 0   -0.011 -0.02329  0.04412 -0.115048 0.0151446 -0.660435 5.82215e-06 4.59747e-05 -0.00111581    0.0100852    0.0120346 -0.000903352 -0.00186425 -0.00378552      -9.809 
             161.822  0.412371 -0.806534  -48.0284 -0.120312 0.0733124    2.5849 0 0 0   -0.011 -0.02329  0.04412 -0.169429 0.0306378 -0.669719 -5.10135e-05  0.000103116 -0.000808867    0.0109969    0.0126546 -0.000153493 -0.00209928  -0.0035715      -9.809 
             161.925  0.572432 -0.234539  -43.7327 -0.117272 0.0858691    2.5129 0 0 0   -0.011 -0.02329  0.04412 -0.138432 0.0551711 -0.679091 -0.000142745  0.000104998 -0.000577846   0.0110068   0.0112114 0.000202917 -0.00165613 -0.00358439      -9.809 
             162.022 0.525647 0.145691 -39.2027 -0.106589 0.0677362   2.44571 0 0 0   -0.011 -0.02329  0.04412 -0.0980145 0.00129964  -0.688106 -0.000208355 -2.19924e-06 -0.000363062   0.0091348     0.01102 0.000448908 -0.00159367 -0.00409314      -9.809 
             162.123 0.368354 0.306487 -34.9869 -0.103971 0.0734085   2.37439 0 0 0   -0.011 -0.02329  0.04412 -0.0702683 0.00845822  -0.700843 -0.000243126 -5.01607e-05 -0.000111374  0.00915264   0.0100943 0.000688414 -0.00132475 -0.00410594      -9.809 
             162.225 0.171968 0.409508 -30.1808 -0.0929317  0.0878428    2.29813 0 0 0   -0.011 -0.02329  0.04412 -0.0252879  0.0355141  -0.711259 -0.000242591  -4.1922e-05 -0.000104695  0.00935975  0.00850664 0.000819297 -0.000881763  -0.00406382       -9.809 
              162.32 0.000427617    0.577797     -25.119 -0.0989102  0.0952591    2.23062 0 0 0   -0.011 -0.02329  0.04412 -0.0241518  0.0406004  -0.717575 -0.000230012 -3.29436e-05 -0.000111057  0.00968652  0.00852347 0.000883366 -0.000887372  -0.00397363       -9.809 
             162.424 -0.104368  0.755782  -20.8861 -0.0763829    0.10086    2.16073 0 0 0   -0.011 -0.02329  0.04412 0.0358986 0.0474123 -0.709622 -0.000208257 -2.70078e-05 -3.96378e-05  0.00892342  0.00717846 0.000508189 -0.000537629  -0.00414546       -9.809 
             162.521 -0.136831  0.949368  -16.4705 -0.0748916   0.101918    2.09071 0 0 0   -0.011 -0.02329  0.04412 0.0421372 0.0370489 -0.719662  -0.00020084 -3.76692e-05  0.000122712  0.00888953  0.00747641 0.000701563 -0.000605669  -0.00417023       -9.809 
             162.623 -0.11104  1.06908 -12.0602 -0.0448646  0.0914096      2.021 0 0 0   -0.011 -0.02329  0.04412  0.104052 0.0099568 -0.714456 -0.000190711 -5.48824e-05  7.99961e-05  0.00734984  0.00701867 0.000427739 -0.000423473  -0.00451637       -9.809 
             162.725 -0.0263094     1.1234   -7.80331 -0.0224559  0.0911626    1.94669 0 0 0   -0.011 -0.02329  0.04412   0.142357 0.00776157  -0.711073 -0.000176399  -9.2158e-05  0.000231477  0.00681241  0.00664021 0.000253751 -0.000310608  -0.00459671       -9.809 
              162.82 0.109603  1.07619 -3.02549 0.00130576  0.0766838    1.87606 0 0 0   -0.011 -0.02329  0.04412   0.171722 -0.0260127   -0.72488 -0.000158349 -0.000109423  0.000223169  0.00597833  0.00712525 0.000640421 -0.00030983 -0.00482331      -9.809 
             162.925 0.266624 0.975341  1.11332 0.0219422 0.0668175   1.80346 0 0 0   -0.011 -0.02329  0.04412   0.181855 -0.0473565  -0.711296 -0.000165806 -0.000113426  0.000239464  0.00575002  0.00742896 0.000415003 -0.000324038  -0.00490705       -9.809 
              163.02  0.49717 0.822849  5.20122  0.047911 0.0685652   1.73553 0 0 0   -0.011 -0.02329  0.04412   0.201857 -0.0330747  -0.714206 -0.000134559 -0.000135208  0.000139943  0.00529709  0.00684722 0.000547056 -0.000207761  -0.00487513       -9.809 
              163.12  0.71774 0.617775  7.15297 0.0866233 0.0614724   1.66058 0 0 0   -0.011 -0.02329  0.04412   0.233614 -0.0376313  -0.716885 -0.000104673 -0.000147185  0.000139857  0.00427608  0.00672149 0.000566468 -6.2387e-05 -0.00496107      -9.809 
             163.228 0.840286 0.334602  7.45541  0.115211 0.0547351   1.58321 0 0 0   -0.011 -0.02329  0.04412   0.236228 -0.0490181  -0.723598 -0.000172274 -0.000150299  0.000215308 0.00405658 0.00680142 0.00063364 -3.62181e-05  -0.00499015       -9.809 
             163.322 0.711419 0.012936  6.79161  0.143516 0.0529014   1.51462 0 0 0   -0.011 -0.02329  0.04412   0.246066 -0.0502909  -0.732272 -0.000265965 -0.000166441  0.000117683  0.00364505  0.00656038 0.000770565 2.61557e-05 -0.00496413      -9.809 
             163.421  0.468139 -0.275626   5.45299  0.167532 0.0510999   1.44393 0 0 0   -0.011 -0.02329  0.04412   0.238554 -0.0499187  -0.732437 -0.000290397 -0.000164123  0.000157907  0.00358902  0.00635745 0.000673863 3.53523e-05 -0.00493138      -9.809 
             163.525  0.202412 -0.594769    3.6962 0.170581 0.058414  1.36079 0 0 0   -0.011 -0.02329  0.04412   0.182212 -0.0324517   -0.74563 -0.000269587 -0.000147755  0.000314669 0.00472478 0.00569442 0.00106504 -0.000126869  -0.00482077       -9.809 
             163.621 0.0263606 -0.906995   1.93034  0.170863 0.0640083   1.29603 0 0 0   -0.011 -0.02329  0.04412   0.133243 -0.0185394  -0.724876 -0.000232509 -0.000151052  0.000449641  0.00558023  0.00519365 0.000472717 -0.000254253  -0.00475367       -9.809 
             163.723 -0.0249851   -1.18421   0.547149  0.183523 0.0663033   1.22511 0 0 0   -0.011 -0.02329  0.04412   0.112903 -0.0097897  -0.713755 -0.000203884 -0.000139839  0.000600936   0.0055072  0.00494251 0.000281586 -0.000247389  -0.00471562       -9.809 
             163.823 0.00345141   -1.44617  -0.373066   0.16929 0.0749137   1.15291 0 0 0   -0.011 -0.02329  0.04412  0.0409538 0.00566018  -0.713131 -0.000180715 -0.000136765  0.000596443  0.00679491  0.00439301 0.000511731 -0.000440787  -0.00464825       -9.809 
             163.921 0.0845985  -1.66954   -1.6391  0.151791 0.0771096   1.08015 0 0 0   -0.011 -0.02329  0.04412 -0.0286323 0.00489616  -0.705609 -0.000155985 -0.000125717  0.000927024  0.00793605   0.0043321 0.000526415 -0.000613661  -0.00464509       -9.809 
             164.026 0.186561 -1.85275 -2.33633 0.135058 0.082091  1.00698 0 0 0   -0.011 -0.02329  0.04412 -0.0826763  0.0103109  -0.703364  -0.00015466 -0.000104665   0.00103847  0.00860605  0.00408255 0.000711437 -0.000713151  -0.00460758       -9.809 
             164.122 0.293165 -1.96764 -2.72145  0.114214 0.0812812   0.93757 0 0 0   -0.011 -0.02329  0.04412  -0.134745 0.00105323   -0.70643 -0.000157763 -8.59773e-05   0.00106875 0.00929888 0.00424326 0.00105377 -0.000820113  -0.00462187       -9.809 
             164.225 0.384903 -1.99136  -2.9167 0.0794575 0.0817217  0.864891 0 0 0   -0.011 -0.02329  0.04412   -0.203813 -0.00611542   -0.687991 -0.000150781 -5.79866e-05   0.00106453   0.0103229  0.00431467 0.000739102 -0.000985703   -0.0046116       -9.809 
             164.326 0.507416 -1.92476 -3.21476 0.0402535 0.0839451  0.797465 0 0 0   -0.011 -0.02329  0.04412   -0.265379 -0.00825839    -0.67752 -0.000144404 -3.18878e-05   0.00114379   0.0112826   0.0042455 0.000635986 -0.00113352 -0.00457498      -9.809 
             164.421 0.620034 -1.78956 -3.40841 -0.00634785   0.0964072    0.734875 0 0 0   -0.011 -0.02329  0.04412 -0.327265 0.0107632 -0.668627 -0.000148231 -1.43066e-05   0.00120408    0.012399  0.00357817 0.000537022 -0.00128006 -0.00444243      -9.809 
             164.522 0.693649 -1.61278 -3.51984 -0.0340935  0.0873343   0.668401 0 0 0   -0.011 -0.02329  0.04412  -0.336675 -0.0174775  -0.662218 -0.000151319  5.36806e-07   0.00123426   0.0120938  0.00412798 0.000567255 -0.00125757 -0.00453201      -9.809 
             164.621 0.770227 -1.36901 -3.49339 -0.0725808  0.0861886   0.602144 0 0 0   -0.011 -0.02329  0.04412  -0.357015 -0.0252853  -0.648216 -0.000162517   1.2749e-05   0.00119463    0.012249  0.00408594 0.000362337 -0.00128126 -0.00451965      -9.809 
             164.721 0.823698 -1.04617 -3.59995 -0.0814337  0.0769748   0.537084 0 0 0   -0.011 -0.02329  0.04412  -0.312014 -0.0444061  -0.646932 -0.000161271  3.79812e-05   0.00123448     0.01077   0.0042042 0.000576434 -0.00106736 -0.00460873      -9.809 
             164.823   0.86695 -0.670781  -3.61666 -0.105542 0.0521765  0.472496 0 0 0   -0.011 -0.02329  0.04412  -0.304146 -0.0960858  -0.640467 -0.000156386  6.22805e-05   0.00123024   0.0103431  0.00531398 0.000560467  -0.0010634 -0.00478775      -9.809 
             164.921   0.92764 -0.250227  -3.56522  -0.12855 0.0510832  0.411215 0 0 0   -0.011 -0.02329  0.04412  -0.286515 -0.0874114  -0.635146 -0.000161756  6.92767e-05   0.00118967  0.00999664   0.0047156 0.000531162 -0.000981821  -0.00472189       -9.809 
             165.022 0.960775 0.164284 -3.66416  -0.13874 0.0393337  0.343214 0 0 0   -0.011 -0.02329  0.04412 -0.237881 -0.100594 -0.638735 -0.000164282  5.97953e-05   0.00123581  0.00891547  0.00462409 0.000696578 -0.000821914  -0.00476718       -9.809 
             165.126 0.995947  0.54906 -3.49733 -0.150268 0.0204638   0.27716 0 0 0   -0.011 -0.02329  0.04412 -0.199544  -0.12693 -0.643667 -0.000167744  5.33473e-05   0.00113384  0.00821421   0.0049862 0.000752148 -0.00074218 -0.00485683      -9.809 
             165.222 0.967065 0.875856 -3.58673   -0.162478 -0.00164739    0.216938 0 0 0   -0.011 -0.02329  0.04412 -0.170911 -0.157166 -0.643905 -0.000184404  3.35878e-05   0.00117338  0.00785644  0.00551435 0.000657174 -0.000720334  -0.00495189       -9.809 
             165.328 0.885577  1.13154 -3.40698  -0.168365 -0.0288226   0.150493 0 0 0   -0.011 -0.02329  0.04412 -0.127409 -0.188099 -0.642653 -0.000195734   1.2686e-05   0.00106478  0.00721762  0.00600603 0.000535338 -0.00065683 -0.00505729      -9.809 
             165.424 0.780467  1.32749  -3.4401  -0.179447 -0.0419143  0.0877623 0 0 0   -0.011 -0.02329  0.04412 -0.100645 -0.182137 -0.637912 -0.000204683 -7.76465e-06   0.00107403 0.00719512 0.00561981 0.00033085 -0.000631879  -0.00500565       -9.809 
             165.521 0.653949  1.45344 -3.65175  -0.181366 -0.0701717  0.0275093 0 0 0   -0.011 -0.02329  0.04412 -0.0994436  0.0492647   -0.10672 -0.000204271  -2.9902e-05   0.00118091  0.00673627  0.00632326 0.000514627 -0.000606528  -0.00512793       -9.809 
             165.624 -0.226069   0.68803  -3.37119  -0.167679 -0.0792324  0.0324924 0 0 0   -0.011 -0.02329  0.04412  0.0328447 0.00505767  0.0720555 -0.000222624 -4.71672e-05   0.00111229  0.00588969  0.00688598 0.000551348 -0.000518697  -0.00525176       -9.809 
             165.721 -0.0532518   0.227955   -3.45772  -0.165883 -0.0808163 0.00492684 0 0 0   -0.011 -0.02329  0.04412    0.037292 -0.00163459  -0.0669313 -0.000308477  0.000436026   0.00111502 0.00585037 0.00708631 0.00445703 -0.000557264  -0.00526524       -9.809 
             165.821 -0.00702772    0.859939    -3.40891  -0.162488 -0.0835892 -0.0105624 0 0 0   -0.011 -0.02329  0.04412   0.0406418 -0.00297971   -0.109868 -0.000271495   0.00056486   0.00103361 0.00586029 0.00728361 0.00532166 -0.000575062   -0.0052904       -9.809 
             165.925 -0.0224019    1.57366   -3.77614  -0.141116 -0.0947828 -0.0141276 0 0 0   -0.011 -0.02329  0.04412  0.0844957 -0.0216715 -0.0943861 -0.000323276  0.000534892   0.00119764 0.00498406 0.00773145  0.0043841 -0.00047091 -0.00539882      -9.809 
             166.021 -0.19879   1.9001 -3.83289   -0.146723  -0.0886224 -0.00820226 0 0 0   -0.011 -0.02329  0.04412   0.0782599 -0.00754402  -0.0521336 -0.00037954 0.000346333  0.00120576 0.00581097 0.00740535 0.00266544 -0.000555224  -0.00531149       -9.809 
             166.123 -0.428714   1.75731  -3.69511   -0.146583  -0.0837886 -0.00264855 0 0 0   -0.011 -0.02329  0.04412   0.0753334 -0.00397554  -0.0241232 -0.000388526  0.000222818   0.00112792 0.00630892 0.00715796 0.00139068 -0.000598924  -0.00525168       -9.809 
             166.216 -0.62024  1.30812 -3.77478  -0.145609 -0.0654603  0.0018043 0 0 0   -0.011 -0.02329  0.04412   0.0630785   0.0254413 -0.00733867 -0.000338065  0.000162921   0.00118581  0.00665555  0.00608329 0.000574846 -0.000582788  -0.00508629       -9.809 
             166.325 -0.615517  0.764491   -3.6058   -0.14889 -0.0650221 0.00220379 0 0 0   -0.011 -0.02329  0.04412   0.0155936  -0.0104147 -0.00471716 -0.000297326  0.000152633   0.00109969 0.00713492 0.00624702 0.00041945 -0.000654975  -0.00508348       -9.809 
              166.42 -0.205685  0.352979  -3.35835  -0.146225 -0.0716459 0.00181172 0 0 0   -0.011 -0.02329  0.04412 -0.0302762  0.0126901  0.0155448 -0.000224768  0.000151698   0.00108404  0.00685103  0.00670709 0.000734234 -0.000642483  -0.00516139       -9.809 
             166.521  -0.106742 -0.0214945   -3.52252   -0.151342  -0.0599069 -0.00117843 0 0 0   -0.011 -0.02329  0.04412 -0.0312862  0.0340128 0.00343969 -0.000248548  0.000345486    0.0011761 0.00694393 0.00611865 0.00129539 -0.000628647  -0.00507838       -9.809 
             166.621 -0.0419301  0.0420816   -3.36939   -0.149212  -0.0491671 -0.00296332 0 0 0   -0.011 -0.02329  0.04412 -0.0190014  0.0498376 -0.0041073 -0.000283118  0.000309131   0.00108779 0.00665722 0.00561605 0.00152268 -0.000565306  -0.00502566       -9.809 
              166.72 -0.0490274  0.0423399   -3.39901   -0.148729  -0.0495982 -0.00327571 0 0 0   -0.011 -0.02329  0.04412   -0.015401   0.0385809 -0.00385589 -0.000278619  0.000308011   0.00110055 0.00652805 0.00591404  0.0015124 -0.000562713   -0.0050723       -9.809 
             166.822 -0.0380506  0.0420011   -3.49195   -0.140077  -0.0625904 -0.00439712 0 0 0   -0.011 -0.02329  0.04412  0.00111462  0.00461973 -0.00676189 -0.00028444 0.000306924  0.00114783 0.00598005 0.00679597 0.00159745 -0.000532568  -0.00521824       -9.809 
             166.922 -0.0355917  0.0507969   -3.41892   -0.136625  -0.0714393 -0.00556377 0 0 0   -0.011 -0.02329  0.04412  0.00608855   -0.015412 -0.00874161 -0.000284995  0.000300972   0.00110309 0.00579814 0.00732184 0.00165713 -0.000533924  -0.00529765       -9.809 
              167.02 -0.0280453  0.0419151   -3.25816   -0.137054  -0.0711481 -0.00529399 0 0 0   -0.011 -0.02329  0.04412  0.00439971  -0.0124087 -0.00474905 -0.000288248  0.000305052   0.00100975 0.00585504 0.00721999 0.00152924 -0.000536566  -0.00528125       -9.809 
             167.125 -0.0411167  0.0375562   -3.48677    -0.12895  -0.0767777 -0.00354965 0 0 0   -0.011 -0.02329  0.04412  0.0184453 -0.0204514 0.00289216 -0.000280403  0.000306307   0.00113128 0.00544396 0.00739105 0.00128403 -0.000490015   -0.0053242       -9.809 
             167.221 -0.0475359  0.0505511   -3.42265   -0.112292  -0.0922159 -0.00334707 0 0 0   -0.011 -0.02329  0.04412  0.0450243 -0.0471318 0.00237539 -0.000276502  0.000297893   0.00109272  0.0046481 0.00805019  0.0012983 -0.000415896  -0.00545045       -9.809 
             167.322 -0.0276899  0.0275131    -3.4526  -0.0928234   -0.100955 -0.00339411 0 0 0   -0.011 -0.02329  0.04412  0.0731505 -0.0537312 0.00126867 -0.000286663  0.000309233   0.00110577 0.00385022 0.00812905 0.00133096 -0.000313996  -0.00549968       -9.809 
             167.424 -0.0388523  0.0332046   -3.48824   -0.101868  -0.0909822 -0.00323467 0 0 0   -0.011 -0.02329  0.04412  0.0446577 -0.0237323 0.00161495 -0.000279461  0.000305268   0.00112244 0.00472217 0.00735933 0.00131896 -0.000392542  -0.00535618       -9.809 
             167.521 -0.044752 0.0475483   -3.4505  -0.0799775   -0.106576 -0.00334379 0 0 0   -0.011 -0.02329  0.04412   0.0766505  -0.0496217 0.000375897 -0.000275188  0.000296306    0.0010976 0.00378353 0.00797806 0.00135749 -0.000298373  -0.00548259       -9.809 
             167.622 -0.038667 0.0351612  -3.60954  -0.0899416   -0.116213 -0.00480744 0 0 0   -0.011 -0.02329  0.04412   0.0405214  -0.0640948 -0.00506778 -0.00027747 0.000301934  0.00118294 0.00475201 0.00845703 0.00152878 -0.000448104  -0.00549863       -9.809 
             167.723 -0.0372259   0.024572   -3.43783  -0.0990317   -0.109541 -0.00331276 0 0 0   -0.011 -0.02329  0.04412  0.0162039 -0.0384079 0.00221601 -0.000277509  0.000306854   0.00108301 0.00549183 0.00778536 0.00129458 -0.000512967  -0.00537566       -9.809 
             167.822 -0.0448313  0.0456669   -3.53703  -0.0996766   -0.102394 -0.00436059 0 0 0   -0.011 -0.02329  0.04412   0.0140816  -0.0152928 -0.00212021 -0.000272483  0.000294015    0.0011351 0.00562209 0.00712975 0.00143117 -0.000499001  -0.00528439       -9.809 
             167.924 -0.051368 0.0361556  -3.57495  -0.0975789   -0.104989 -0.00374416 0 0 0   -0.011 -0.02329  0.04412   0.0150547  -0.0175599 0.000748917 -0.00026802 0.000298379  0.00115269 0.00558857 0.00718093 0.00133831 -0.000497034   -0.0052926       -9.809 
             168.022 -0.0378848  0.0404487   -3.50169   -0.097533    -0.11084 -0.00353541 0 0 0   -0.011 -0.02329  0.04412  0.0116764 -0.0274192 0.00113659 -0.000274638  0.000295131   0.00110879  0.0056623 0.00744845 0.00132528 -0.000519192  -0.00532356       -9.809 
             168.122 -0.0303945  0.0367956   -3.46783   -0.104914  -0.0976911 -0.00255955 0 0 0   -0.011 -0.02329  0.04412 -0.00199812  0.00406512  0.00448763 -0.000277289  0.000296424   0.00108684 0.00612927 0.00658063 0.00121843 -0.000538595  -0.00518972       -9.809 
             168.223 -0.0462357  0.0327243   -3.53894  -0.0986883  -0.0933046 -0.00248833 0 0 0   -0.011 -0.02329  0.04412  0.0112608  0.0135995 0.00310921 -0.000267431  0.000297487   0.00112285 0.00578078  0.0062683  0.0012606 -0.000479113  -0.00516633       -9.809 
             168.321 -0.0484818  0.0351118   -3.47787   -0.096572  -0.0927446 -0.00371988 0 0 0   -0.011 -0.02329  0.04412   0.0131294   0.0118934 -0.00239452 -0.000265309  0.000295182   0.00108548 0.00572491 0.00630235  0.0014324 -0.000473594  -0.00517336       -9.809 
             168.422 -0.0346799  0.0432079   -3.45231  -0.0939219   -0.087392 -0.00272359 0 0 0   -0.011 -0.02329  0.04412   0.016913  0.0206822 0.00199464 -0.000272041  0.000289727   0.00106789 0.00564905 0.00602845 0.00129302 -0.000451101  -0.00514206       -9.809 
             168.524 -0.0399401  0.0367884   -3.34713    -0.10414   -0.094526 -0.00314988 0 0 0   -0.011 -0.02329  0.04412   -0.0089241  -0.00214749 -0.000275916 -0.000268371  0.000292654   0.00100576 0.00631111 0.00672573  0.0013647 -0.00056777 -0.00519934      -9.809 
             168.621 -0.0408798  0.0425542   -3.41735  -0.110759 -0.0861218 -0.0034296 0 0 0   -0.011 -0.02329  0.04412  -0.0185033    0.014931 -0.00107605 -0.000266899  0.000288572   0.00104169 0.00662786 0.00625978 0.00138861 -0.000586485  -0.00512553       -9.809 
             168.723 -0.0360913  0.0453603   -3.40717   -0.124357  -0.0821606 -0.00345666 0 0 0   -0.011 -0.02329  0.04412   -0.0410729    0.0173387 -0.000839256 -0.000268663  0.000286214    0.0010326 0.00726968 0.00623782 0.00138026 -0.000666669  -0.00509284       -9.809 
             168.823 -0.0225525  0.0427738   -3.41829   -0.126021  -0.0782637 -0.00303679 0 0 0   -0.011 -0.02329  0.04412  -0.0359334   0.0218299 0.000944841 -0.000275341  0.000286705   0.00103549 0.00713642  0.0060736 0.00132212 -0.000642379  -0.00507834       -9.809 
             168.921 -0.0288442  0.0628668   -3.43129  -0.133175 -0.0801482 -0.0034057 0 0 0   -0.011 -0.02329  0.04412    -0.043862    0.0117299 -0.000780812 -0.000271054  0.000274638   0.00103947 0.00734726 0.00636416 0.00137641 -0.000682029  -0.00510508       -9.809 
             169.024 -0.0382904  0.0408372   -3.39858   -0.133795    -0.06596 -0.00387513 0 0 0   -0.011 -0.02329  0.04412   -0.033258   0.0400698 -0.00190523 -0.000264505  0.000285822    0.0010182 0.00711439 0.00552211 0.00141003 -0.000614989  -0.00501049       -9.809 
             169.123 -0.0455681  0.0407987    -3.4716   -0.145483  -0.0619488 -0.00451803 0 0 0   -0.011 -0.02329  0.04412  -0.0503867   0.0382919 -0.00356812 -0.000259825  0.000285278   0.00105443  0.0075903 0.00561229 0.00146163 -0.000678479  -0.00500005       -9.809 
             169.221 -0.0369249  0.0392318   -3.39065   -0.137262  -0.0661744 -0.00383524 0 0 0   -0.011 -0.02329  0.04412 -0.0254199  0.0233114 1.1273e-05 -0.000264066  0.000284681   0.00100656 0.00684968 0.00595228 0.00134824 -0.000601399  -0.00507586       -9.809 
             169.325 -0.0297574   0.031638   -3.30266    -0.14987  -0.0675021 -0.00536139 0 0 0   -0.011 -0.02329  0.04412  -0.0466473   0.0124934 -0.00547467 -0.00026743 0.000288468 0.000954427 0.00740935 0.00629124 0.00151941 -0.000685992  -0.00509254       -9.809 
             169.421 -0.0435165  0.0423841   -3.38835   -0.148754  -0.0531636 -0.00483401 0 0 0   -0.011 -0.02329  0.04412   -0.031891   0.0419908 -0.00137536 -0.000258566  0.000281367  0.000998994 0.00707361  0.0054195 0.00138799 -0.000605869  -0.00500007       -9.809 
             169.523 -0.0400287  0.0458091   -3.26153   -0.148724  -0.0456052 -0.00483863 0 0 0   -0.011 -0.02329  0.04412    -0.024598    0.0493929 -0.000868702 -0.000259584  0.000278551  0.000924937 0.00689102 0.00518226 0.00137043 -0.000572907  -0.00497905       -9.809 
             169.622 -0.0449654  0.0420941   -3.32735   -0.148925  -0.0558407 -0.00333273 0 0 0   -0.011 -0.02329  0.04412 -0.0235257  0.0174118 0.00457128 -0.000256304  0.000279629  0.000958625 0.00677985 0.00606942 0.00119741 -0.000597982  -0.00509278       -9.809 
             169.721 -0.0273075  0.0442092   -3.26289   -0.147756  -0.0595055 -0.00398228 0 0 0   -0.011 -0.02329  0.04412   -0.017739  0.00601999 0.000560774 -0.000265457  0.000277518  0.000919633 0.00659165 0.00635165 0.00132423 -0.000587217  -0.00513565       -9.809 
             169.819 -0.0354063  0.0416283   -3.14907   -0.160373  -0.0519804 -0.00450552 0 0 0   -0.011 -0.02329  0.04412 -0.0373146    0.01771 -0.0013822 -0.000259947  0.000278402  0.000853708 0.00717076 0.00606069 0.00138505 -0.000645457  -0.00507469       -9.809 
             169.921 -0.0440967  0.0340292   -3.24004     -0.1616  -0.0569769 -0.00568754 0 0 0   -0.011 -0.02329  0.04412 -0.0342002 0.00377346 -0.0052216 -0.000254576  0.000281617  0.000901232 0.00704264 0.00643539 0.00150521 -0.000645938  -0.00512588       -9.809 
             170.025 -0.046878 0.0536455  -3.34536  -0.138986 -0.0737514 -0.0047672 0 0 0   -0.011 -0.02329  0.04412    0.0129865   -0.0267177 -0.000423517 -0.000252591  0.000269079  0.000956968 0.00565157 0.00716055 0.00135188 -0.000507751  -0.00527408       -9.809 
              170.12 -0.0230996  0.0382833   -3.30443   -0.132112  -0.0799044 -0.00415271 0 0 0   -0.011 -0.02329  0.04412  0.0232533 -0.0339937 0.00183668 -0.000265025  0.000276619  0.000931094 0.00534452 0.00731075 0.00127925 -0.000476894  -0.00530545       -9.809 
             170.224 -0.0356239  0.0502234   -3.38681   -0.118349  -0.0774716 -0.00390335 0 0 0   -0.011 -0.02329  0.04412  0.0474945 -0.0193878 0.00210362 -0.000257094  0.000268824  0.000973522 0.00471055 0.00682106  0.0012691 -0.000379788  -0.00527363       -9.809 
              170.32 -0.0395277  0.0372912   -3.58138   -0.118322  -0.0811074 -0.00345721 0 0 0   -0.011 -0.02329  0.04412  0.0376145 -0.0244999 0.00288571 -0.000254327  0.000275186   0.00107722 0.00497688 0.00697522 0.00124407 -0.00041829 -0.00528076      -9.809 
             170.418 -0.0270892  0.0401305   -3.50963   -0.112593   -0.090499 -0.00282976 0 0 0   -0.011 -0.02329  0.04412  0.0403027 -0.0397874 0.00400005 -0.000260576  0.000272686   0.00103366 0.00487021 0.00737415 0.00120864 -0.000422223  -0.00533301       -9.809 
             170.525 -0.0291619  0.0430958    -3.2842    -0.12137  -0.0873429 -0.00436862 0 0 0   -0.011 -0.02329  0.04412    0.015799  -0.0277809 -0.00277726 -0.000258417  0.000270563  0.000906942 0.00559481 0.00707813 0.00142183 -0.00049648 -0.00526677      -9.809 
             170.621 -0.0417697  0.0454022   -3.46633   -0.119108  -0.0798733 -0.00418079 0 0 0   -0.011 -0.02329  0.04412    0.0199944  -0.00561007 -0.000962289 -0.000250446   0.00026831    0.0010035 0.00553979 0.00643754 0.00136345 -0.000462868  -0.00519317       -9.809 
             170.723 -0.0488506  0.0422995   -3.16496   -0.116853  -0.0735347 -0.00408846 0 0 0   -0.011 -0.02329  0.04412    0.0219001   0.00894937 -0.000191691 -0.000245574  0.000269359  0.000834863 0.00552758 0.00601875 0.00133783 -0.000443754  -0.00514417       -9.809 
             170.825 -0.0406153  0.0399895   -3.47865   -0.110462  -0.0796756 -0.00344235 0 0 0   -0.011 -0.02329  0.04412   0.0288651 -0.00558853  0.00202852 -0.00024947 0.000269522  0.00100335 0.0053006 0.0063925 0.0012678 -0.000432557  -0.00519791       -9.809 
             170.927 -0.0243573  0.0449837   -3.45796   -0.120055  -0.0822836 -0.00376534 0 0 0   -0.011 -0.02329  0.04412  0.00327109  -0.0134739 0.000172897 -0.000257595  0.000265952  0.000988674 0.00599961 0.00665238 0.00132555 -0.00052588 -0.00519878      -9.809 
             171.029 -0.0290291  0.0442877   -3.35014   -0.126857  -0.0781726 -0.00458921 0 0 0   -0.011 -0.02329  0.04412   -0.010017 -0.00334658 -0.00268247 -0.000254129  0.000265578  0.000926439 0.00639799 0.00638707 0.00141384 -0.000561688  -0.00515088       -9.809 
             171.132 -0.0406365  0.0318401   -3.33752   -0.121927  -0.0824621 -0.00400687 0 0 0   -0.011 -0.02329  0.04412 0.000952869  -0.0110738 0.000193033 -0.000247077  0.000271408  0.000916681  0.0060691 0.00656267 0.00132269 -0.000530418  -0.00518524       -9.809 
             171.227 -0.0446967   0.047662   -3.38056   -0.116856  -0.0898515 -0.00420263 0 0 0   -0.011 -0.02329  0.04412   0.00989049   -0.0244705 -0.000731423 -0.000244167  0.000261722  0.000937213 0.00579789 0.00690157  0.0013505 -0.000512769  -0.00523608       -9.809 
             171.328 -0.0255355  0.0310877   -3.43648   -0.108368  -0.0931373 -0.00415543 0 0 0   -0.011 -0.02329  0.04412     0.024407   -0.0256427 -0.000350582 -0.000253902  0.000269845  0.000965023 0.00538967 0.00687239 0.00133726 -0.000464041  -0.00524979       -9.809 
              171.43 -0.0331337  0.0361359   -3.49672   -0.119349   -0.082967 -0.00386401 0 0 0   -0.011 -0.02329  0.04412  8.39814e-05 -0.000406853   0.00101296 -0.000248635  0.000266702  0.000994062  0.0061255 0.00622218 0.00129413 -0.00052272 -0.00514392      -9.809 
              171.53 -0.0394365  0.0476056   -3.43388   -0.101156  -0.0985708 -0.00356209 0 0 0   -0.011 -0.02329  0.04412  0.0339251 -0.0313855 0.00137809 -0.000245024   0.00025915  0.000957531 0.00512737 0.00697798 0.00128179 -0.000438272  -0.00527254       -9.809 
             171.628 -0.0358896  0.0365444   -3.57942   -0.103623   -0.105017 -0.00402675 0 0 0   -0.011 -0.02329  0.04412   0.0214413    -0.04066 -0.00087357 -0.000246265  0.000264391   0.00103387 0.00544662 0.00724605 0.00134998 -0.000486039  -0.00529006       -9.809 
              171.73 -0.0354656  0.0321443   -3.49893 -0.109469   -0.1031 -0.003159 0 0 0   -0.011 -0.02329  0.04412 0.00606973 -0.0293668 0.00260545 -0.000245785  0.000265983  0.000986305 0.00589469  0.0069581 0.00124143 -0.000525683  -0.00523852       -9.809 
              171.82 -0.0403331  0.0339555    -3.4705   -0.110605  -0.0957662 -0.00494465 0 0 0   -0.011 -0.02329  0.04412  0.00458209 -0.00758383 -0.00465939 -0.000242619  0.000264223  0.000967721 0.00598961 0.00635212 0.00146599 -0.000511816  -0.00516554       -9.809 
              171.92 -0.0501304  0.0369036   -3.49412   -0.112462  -0.0931536 -0.00439715 0 0 0   -0.011 -0.02329  0.04412  0.000543592 -0.000823693 -0.000998097 -0.000236705  0.000261854  0.000977882 0.00611824 0.00617046 0.00135035 -0.000519036  -0.00513955       -9.809 
             172.021 -0.038896 0.0455622  -3.50121   -0.108869   -0.103116 -0.00403473 0 0 0   -0.011 -0.02329  0.04412  0.00614381  -0.0223216 0.000497268 -0.000241769  0.000256295  0.000978558 0.00591773 0.00673373 0.00130331 -0.00051923 -0.00521163      -9.809 
             172.125 -0.0314862  0.0437343   -3.48023   -0.113136  -0.0951471 -0.00297842 0 0 0   -0.011 -0.02329  0.04412   -0.001797 -0.00138354  0.00418107 -0.000245678  0.000256381  0.000963907 0.00619249 0.00615646 0.00118693 -0.000526813   -0.0051351       -9.809 
             172.225 -0.0497857   0.039107   -3.56207    -0.10321  -0.0921868 -0.00265626 0 0 0   -0.011 -0.02329  0.04412  0.0189506 0.00724426 0.00378467 -0.000235061  0.000258602   0.00100622 0.00563941 0.00585875 0.00119821 -0.000452242  -0.00512442       -9.809 
             172.328 -0.0484395  0.0324044   -3.55622   -0.100855  -0.0883275 -0.00382687 0 0 0   -0.011 -0.02329  0.04412   0.0203652   0.0139009 -0.00162485 -0.000235156  0.000261451  0.000999731 0.00561419 0.00566159 0.00136826 -0.000441467  -0.00510337       -9.809 
             172.431 -0.0329911   0.046927   -3.46141  -0.0986935  -0.0815103 -0.00262301 0 0 0   -0.011 -0.02329  0.04412  0.0219082  0.0251908 0.00322517 -0.000242671   0.00025278  0.000945421 0.00560936 0.00532671 0.00121517 -0.000427335  -0.00506612       -9.809 
             172.524 -0.0322373  0.0394976   -3.34766  -0.105338 -0.0931505 -0.0034605 0 0 0   -0.011 -0.02329  0.04412  0.00142938 -0.00796038 -0.00107084 -0.000242501  0.000256226  0.000880083 0.00609581 0.00628823 0.00134887 -0.000520567  -0.00515333       -9.809 
             172.626 -0.0360459  0.0419077   -3.44629   -0.111433  -0.0841009 -0.00382497 0 0 0   -0.011 -0.02329  0.04412 -0.00888867   0.0117341 -0.00180734 -0.000239797  0.000254023  0.000932633 0.00643447 0.00575449 0.00137042 -0.000536895  -0.00508022       -9.809 
             172.727 -0.0385892  0.0433063   -3.39744   -0.123028  -0.0802181 -0.00336033 0 0 0   -0.011 -0.02329  0.04412  -0.0293978   0.0150437 0.000422254 -0.000237603   0.00025237  0.000902656 0.00701549 0.00570569 0.00129969 -0.000599481  -0.00505123       -9.809 
             172.826 -0.0171402   0.042447   -3.42002  -0.123952 -0.0770968 -0.0030772 0 0 0   -0.011 -0.02329  0.04412  -0.025171    0.01825 0.00129028 -0.00024831 0.000251993  0.00091202 0.00690647 0.00558043 0.00127153 -0.000582443  -0.00504179       -9.809 
             172.928 -0.0285452  0.0548955   -3.42338   -0.132549  -0.0779259 -0.00378552 0 0 0   -0.011 -0.02329  0.04412  -0.0378109   0.0106826 -0.00174656 -0.000241532  0.000244673  0.000911017 0.00724707 0.00580917  0.0013648 -0.000629048  -0.00505334       -9.809 
             173.029 -0.0326443  0.0401783   -3.39808   -0.135437  -0.0648696 -0.00394546 0 0 0   -0.011 -0.02329  0.04412  -0.0332017   0.0363773 -0.00148373 -0.000238233   0.00025192  0.000894283 0.00717788 0.00507295 0.00135493 -0.000592656  -0.00497528       -9.809 
             173.127 -0.0377358   0.041809   -3.43604   -0.144355   -0.060998 -0.00482054 0 0 0   -0.011 -0.02329  0.04412  -0.0447897   0.0356445 -0.00412582 -0.000234639  0.000250248  0.000912221 0.00749616 0.00511436 0.00143602 -0.000629182  -0.00496722       -9.809 
             173.226 -0.0384496  0.0498907   -3.40445   -0.134421  -0.0644925 -0.00428197 0 0 0   -0.011 -0.02329  0.04412   -0.0172823    0.0232071 -0.000890722 -0.000233577  0.000244955   0.00089215  0.0067088 0.00538101 0.00133315 -0.000553407  -0.00502731       -9.809 
             173.329 -0.030337 0.0355586  -3.24772    -0.14836  -0.0663632 -0.00570608 0 0 0   -0.011 -0.02329  0.04412  -0.0427217   0.0109253 -0.00567466 -0.000237296  0.000252226  0.000804288 0.00737805 0.00576887 0.00148168 -0.000641328  -0.00504324       -9.809 
             173.426 -0.0459533  0.0446647   -3.34158    -0.15134  -0.0521112 -0.00535908 0 0 0   -0.011 -0.02329  0.04412  -0.0368991   0.0395474 -0.00214732 -0.000227835   0.00024641  0.000852667 0.00728708 0.00495709 0.00136978 -0.000600337   -0.0049588       -9.809 
             173.527 -0.0369507  0.0453813   -3.27451   -0.152564  -0.0495679 -0.00518684 0 0 0   -0.011 -0.02329  0.04412    -0.032281    0.0367459 -0.000821572 -0.000231965  0.000245214  0.000813862 0.00715389 0.00501178 0.00132767 -0.000587984  -0.00496986       -9.809 
             173.626 -0.0343331  0.0388018   -3.34107   -0.148403  -0.0568813 -0.00340069 0 0 0   -0.011 -0.02329  0.04412 -0.0200503  0.0144929 0.00571195 -0.000232949  0.000247831  0.000847269 0.00676067 0.00558422 0.00112575 -0.000567102  -0.00504663       -9.809 
             173.732 -0.0277597  0.0426004   -3.26746   -0.150048  -0.0596413 -0.00378898 0 0 0   -0.011 -0.02329  0.04412 -0.0200493 0.00492126 0.00222054 -0.00023584 0.000245023 0.000804646 0.00674006 0.00582945 0.00123269 -0.000574111  -0.00507377       -9.809 
             173.831 -0.0319849  0.0403163    -3.2167   -0.167638  -0.0512013 -0.00443088 0 0 0   -0.011 -0.02329  0.04412   -0.0488427    0.0177052 -0.000681314 -0.00023265 0.000245534 0.000774204 0.00756156 0.00553413 0.00132188 -0.000651246  -0.00501095       -9.809 
             173.931  -0.04037 0.0361903   -3.2616   -0.165575   -0.059082 -0.00599804 0 0 0   -0.011 -0.02329  0.04412  -0.0377505 -0.00118699 -0.00616595 -0.000227048  0.000247033  0.000796519 0.00720655 0.00601999 0.00149193 -0.000631308  -0.00507623       -9.809 
              174.03 -0.0513455  0.0502174   -3.25129   -0.145058   -0.072348 -0.00459018 0 0 0   -0.011 -0.02329  0.04412  0.00714596  -0.0235594 0.000723335 -0.000220027  0.000238966  0.000787927 0.00591889 0.00652672  0.0012731 -0.000512627  -0.00517838       -9.809 
              174.13 -0.0276225  0.0283678   -3.19793   -0.148409  -0.0777184 -0.00460161 0 0 0   -0.011 -0.02329  0.04412 -0.00189039  -0.0317087 0.000383466 -0.00023238  0.00025028 0.000755756 0.00614416 0.00675253 0.00128339 -0.000544802  -0.00519395       -9.809 
              174.23 -0.0265122  0.0590077   -3.28687   -0.136768  -0.0727035 -0.00423112 0 0 0   -0.011 -0.02329  0.04412  0.0244436 -0.0122052 0.00167344 -0.000232368   0.00023279  0.000802036 0.00546934 0.00612075 0.00124063 -0.000450425  -0.00515209       -9.809 
              174.33 -0.0375756  0.0456051   -3.57168   -0.134441  -0.0771431 -0.00393516 0 0 0   -0.011 -0.02329  0.04412   0.023384  -0.019293 0.00205021 -0.000225895  0.000239254  0.000953224 0.00548686 0.00631089 0.00122818 -0.000459131  -0.00517149       -9.809 
             174.429 -0.0337798  0.0405205   -3.40642   -0.123303  -0.0966855 -0.00272256 0 0 0   -0.011 -0.02329  0.04412  0.0370221 -0.0553111 0.00540555 -0.000227534  0.000241289  0.000859736 0.00502739 0.00726874 0.00112391 -0.000445248  -0.00528891       -9.809 
              174.53 -0.0323818  0.0419108    -3.2866   -0.128581  -0.0966406 -0.00455019 0 0 0   -0.011 -0.02329  0.04412   0.0204142  -0.0462367 -0.00294446 -0.00022753 0.000239828 0.000790784  0.0055182 0.00703612 0.00138353 -0.000488439  -0.00524657       -9.809 
             174.619 -0.038176 0.0471441  -3.46168   -0.120203  -0.0867115 -0.00403041 0 0 0   -0.011 -0.02329  0.04412   0.0376834  -0.0142199 0.000226433 -0.000223649  0.000236113  0.000883909 0.00511895 0.00608742  0.0012826 -0.000412291  -0.00516242       -9.809 
              174.73 -0.0409985  0.0449053   -3.30519   -0.107852  -0.0878867 -0.00368288 0 0 0   -0.011 -0.02329  0.04412   0.053921 -0.0119644 0.00132464 -0.000221409  0.000236701  0.000796107 0.00467938  0.0059727 0.00124701 -0.000362276  -0.00516666       -9.809 
              174.82   -0.0467 0.0455181  -3.51863   -0.103594  -0.0934684 -0.00304006 0 0 0   -0.011 -0.02329  0.04412  0.0520706 -0.0221833 0.00313958 -0.000217551  0.000235416  0.000910299 0.00471465 0.00625672 0.00119021 -0.000376198  -0.00519475       -9.809 
             174.929 -0.0238482  0.0463866   -3.51732   -0.106052  -0.0989072 -0.00393509 0 0 0   -0.011 -0.02329  0.04412   0.0354753  -0.0312021 -0.00118188 -0.000229552  0.000234049  0.000906936 0.00516571 0.00652271 0.00132529 -0.000432575  -0.00520565       -9.809 
             175.037 -0.0290161   0.040239   -3.26072   -0.108661  -0.0966127 -0.00472446 0 0 0   -0.011 -0.02329  0.04412   0.0236713  -0.0207064 -0.00335567 -0.000225931  0.000236578  0.000764055 0.00552403 0.00624049 0.00139261 -0.000459361  -0.00516353       -9.809 
             175.129 -0.0432828  0.0347738   -3.26618   -0.105658  -0.0985795 -0.00396162 0 0 0   -0.011 -0.02329  0.04412   0.0251044   -0.020718 0.000481345 -0.000217392  0.000238773  0.000764502 0.00548408 0.00623066 0.00127183 -0.00045486 -0.00516398      -9.809 
             175.231 -0.0473404  0.0437971   -3.41682   -0.101913   -0.100213 -0.00397937 0 0 0   -0.011 -0.02329  0.04412   0.0278079   -0.019784 0.000234606 -0.000214525  0.000232962  0.000846142 0.00541847 0.00619059  0.0012786 -0.000446694  -0.00516228       -9.809 
              175.33 -0.0257309   0.030769   -3.40985  -0.095189 -0.0999785 -0.0040707 0 0 0   -0.011 -0.02329  0.04412    0.0361631   -0.0148577 -0.000163355 -0.000225974  0.000239583  0.000839612 0.00519436 0.00600948 0.00128997 -0.000417336  -0.00515198       -9.809 
             175.423 -0.0279109  0.0356942   -3.51984   -0.108463  -0.0947273 -0.00326375 0 0 0   -0.011 -0.02329  0.04412  0.00386317 -0.00373892  0.00295086 -0.000224172  0.000235804  0.000897625 0.00612681 0.00576327 0.00119105 -0.000503501  -0.00509327       -9.809 
             175.528 -0.0399447  0.0461341   -3.46638 -0.0912161  -0.110601 -0.0034496 0 0 0   -0.011 -0.02329  0.04412   0.0346402  -0.0345608 0.000860896 -0.000216723  0.000229488  0.000865641  0.0051992 0.00654317 0.00125631 -0.000437044  -0.00520564       -9.809 
             175.629 -0.0386818  0.0332085   -3.57429   -0.101026   -0.113013 -0.00447478 0 0 0   -0.011 -0.02329  0.04412  0.00774896  -0.0352963 -0.00308666 -0.000216737  0.000235769  0.000922254 0.00595104 0.00661728 0.00138065 -0.000515746  -0.00518603       -9.809 
              175.73 -0.0357859    0.03147   -3.48809   -0.108192   -0.103463 -0.00329247 0 0 0   -0.011 -0.02329  0.04412 -0.00622701  -0.0080439  0.00242615 -0.000217556  0.000236001  0.000871695 0.00640676 0.00586887 0.00120549 -0.000535058  -0.00509444       -9.809 
             175.828 -0.0397988  0.0348037   -3.44707   -0.112274  -0.0912065 -0.00497337 0 0 0   -0.011 -0.02329  0.04412 -0.0109106  0.0198493 -0.0041758 -0.000214479  0.000233424  0.000846387 0.00660508  0.0050846 0.00141201 -0.000527143  -0.00500882       -9.809 
             175.929 -0.0513739  0.0310453   -3.45188   -0.115803  -0.0849652 -0.00481069 0 0 0   -0.011 -0.02329  0.04412   -0.015077   0.0283185 -0.00204269 -0.000207413   0.00023479  0.000846462 0.00673741 0.00485605 0.00134374 -0.000532261  -0.00498124       -9.809 
             176.027 -0.0400468  0.0452813   -3.52825   -0.111996  -0.0923629 -0.00426746 0 0 0   -0.011 -0.02329  0.04412 -0.00609397  0.00686655 0.000422647 -0.000213145  0.000226074   0.00088574 0.00643881 0.00542644 0.00126596 -0.000522668  -0.00504869       -9.809 
             176.121 -0.0297836  0.0451844   -3.46797   -0.120164  -0.0850269 -0.00305462 0 0 0   -0.011 -0.02329  0.04412 -0.0202467  0.0198791 0.00483155 -0.000218121  0.000225523  0.000849748 0.00687144 0.00508151 0.00112674 -0.000553495  -0.00499895       -9.809 
             176.227 -0.047088 0.0392625  -3.53786   -0.116475  -0.0827382 -0.00268937 0 0 0   -0.011 -0.02329  0.04412 -0.00857988   0.0211285  0.00422622 -0.000208032  0.000227973  0.000885428 0.00654427 0.00501482 0.00114506 -0.000518686  -0.00500408       -9.809 
             176.325 -0.045439 0.0316842  -3.53533   -0.112007   -0.080312 -0.00350781 0 0 0   -0.011 -0.02329  0.04412  0.00193128   0.0229128 -0.00015186 -0.000208154  0.000231177  0.000881009 0.00624851 0.00493227 0.00128085 -0.000486571  -0.00500654       -9.809 
             176.428 -0.0314573   0.049331   -3.45772   -0.107959  -0.0776759 -0.00272633 0 0 0   -0.011 -0.02329  0.04412 0.00998426  0.0238664 0.00263332 -0.000215139  0.000220756  0.000835749 0.00603553 0.00487098 0.00119331 -0.000463407   -0.0050081       -9.809 
             176.529 -0.0329249   0.038697   -3.31875   -0.110812  -0.0882346 -0.00378023 0 0 0   -0.011 -0.02329  0.04412 -0.00027842 -0.00574561 -0.00220449 -0.000213906  0.000225962  0.000757725 0.00624899 0.00571177 0.00134409 -0.00051387 -0.00508281      -9.809 
             176.626 -0.0329529  0.0446955   -3.36806   -0.124452  -0.0762202 -0.00357394 0 0 0   -0.011 -0.02329  0.04412   -0.0251304    0.0188075 -0.000461154 -0.000212866  0.000222402  0.000781948 0.00700552   0.005077 0.00128911 -0.000565789  -0.00499409       -9.809 
             176.729 -0.0357675   0.043976   -3.40714   -0.132663   -0.072411 -0.00351498 0 0 0   -0.011 -0.02329  0.04412   -0.0360104    0.0214489 -9.38881e-05 -0.00021066 0.000222256 0.000800596 0.00731432  0.0050206 0.00127708 -0.000593961  -0.00497774       -9.809 
             176.825 -0.0149656  0.0387299   -3.40258   -0.129499  -0.0738178 -0.00364951 0 0 0   -0.011 -0.02329  0.04412   -0.0234117    0.0145212 -0.000643681 -0.000221387  0.000224274  0.000795518 0.00694649 0.00515809 0.00129301 -0.000562923  -0.00500391       -9.809 
             176.927 -0.0276104  0.0520597   -3.44815   -0.135376  -0.0758691 -0.00431842 0 0 0   -0.011 -0.02329  0.04412  -0.0310625  0.00572906 -0.00286448 -0.000213616  0.000216136  0.000818422  0.0071448 0.00540749 0.00136108 -0.000590643  -0.00502117       -9.809 
              177.03 -0.0323957  0.0401254   -3.39676   -0.137709  -0.0669791 -0.00413617 0 0 0   -0.011 -0.02329  0.04412   -0.027519   0.0233839 -0.00105107 -0.000210522  0.000222181  0.000787316 0.00708371 0.00489658 0.00130266 -0.000567447  -0.00497401       -9.809 
             177.125 -0.0367201  0.0442276   -3.44959    -0.14262  -0.0647003 -0.00488921 0 0 0   -0.011 -0.02329  0.04412  -0.0322077   0.0228066 -0.00342921 -0.000207395  0.000219081  0.000813959 0.00721437 0.00491666 0.00137673 -0.000580724  -0.00497146       -9.809 
             177.229 -0.0358405  0.0499935   -3.39519    -0.12944  -0.0696957 -0.00417281 0 0 0   -0.011 -0.02329  0.04412 -0.000797334    0.0100679  0.000214279 -0.00020717 0.000215513 0.000781293 0.00631386 0.00518504 0.00125973 -0.000503231  -0.00502791       -9.809 
             177.319 -0.0233075  0.0333055   -3.22045   -0.146175  -0.0715279 -0.00550566 0 0 0   -0.011 -0.02329  0.04412   -0.0357054 -0.000341997  -0.00480565 -0.000213385   0.00022405    0.0006836 0.00726236 0.00554701  0.0014184 -0.00060616 -0.00503021      -9.809 
             177.432 -0.0431878  0.0482933   -3.42082   -0.147904  -0.0639722 -0.00542687 0 0 0   -0.011 -0.02329  0.04412  -0.0290788   0.0160139 -0.00249101 -0.000201839  0.000215138  0.000790049 0.00711902 0.00506562 0.00134413 -0.000576459  -0.00498923       -9.809 
             177.528 -0.0382206  0.0468238   -3.27153  -0.150982 -0.0556417 -0.0052802 0 0 0   -0.011 -0.02329  0.04412  -0.0281088   0.0303858 -0.00103612 -0.000203515   0.00021516  0.000705998 0.00712653 0.00465196 0.00129799 -0.000563503  -0.00494972       -9.809 
              177.62 -0.0373136  0.0422975   -3.33162   -0.150095  -0.0635784 -0.00380791 0 0 0   -0.011 -0.02329  0.04412  -0.023676 0.00754251 0.00453295 -0.000203461  0.000216971  0.000737001 0.00694932 0.00527118 0.00112453 -0.000566991  -0.00501421       -9.809 
             177.723 -0.0249653  0.0432219   -3.30603   -0.150681  -0.0621488 -0.00405756 0 0 0   -0.011 -0.02329  0.04412 -0.0199056 0.00877635 0.00198383 -0.000209685  0.000215858  0.000720764 0.00684826 0.00520897 0.00120343 -0.000555428  -0.00501171       -9.809 
             177.828 -0.0341068  0.0401554   -3.27949   -0.165793  -0.0565672 -0.00491679 0 0 0   -0.011 -0.02329  0.04412  -0.0439616   0.0151357 -0.00166374  -0.0002039 0.000216713 0.000703831   0.007533 0.00507875 0.00131723 -0.00061577 -0.00497683      -9.809 
              177.92 -0.0360161  0.0350822   -3.26955   -0.162123  -0.0584694 -0.00621807 0 0 0   -0.011 -0.02329  0.04412  -0.0296884  0.00964005 -0.00587403 -0.000202104  0.000218935  0.000695805 0.00711508 0.00518955 0.00144876 -0.000580115  -0.00500096       -9.809 
             178.027 -0.0499262  0.0494345   -3.30188   -0.139722  -0.0735607 -0.00449127 0 0 0   -0.011 -0.02329  0.04412  0.0165537 -0.0183993 0.00200256 -0.000193475  0.000210761   0.00071158 0.00575961 0.00586545 0.00119795 -0.000474751  -0.00510839       -9.809 
             178.128 -0.0296376  0.0309727   -3.39588   -0.134982  -0.0784332 -0.00407502 0 0 0   -0.011 -0.02329  0.04412  0.0217277 -0.0246896  0.0027073 -0.000203946  0.000220171  0.000760689 0.00559436 0.00600986 0.00117499 -0.000463914   -0.0051272       -9.809 
             178.225 -0.0281991  0.0394039   -3.51786   -0.119938  -0.0782955 -0.00385895 0 0 0   -0.011 -0.02329  0.04412  0.0484451 -0.0168171 0.00260555 -0.000203871  0.000214598  0.000824228 0.00486531 0.00570788 0.00117701 -0.000386502  -0.00512271       -9.809 
             178.328 -0.0283422  0.0398044   -3.64943   -0.123167  -0.0835007 -0.00372768 0 0 0   -0.011 -0.02329  0.04412    0.03108 -0.0263253 0.00200014 -0.000203429  0.000213937  0.000894358 0.00533687 0.00599872 0.00119569 -0.000439473  -0.00513441       -9.809 
             178.426 -0.0297011  0.0365084   -3.51336   -0.119063  -0.0943205 -0.00317878 0 0 0   -0.011 -0.02329  0.04412  0.0313778 -0.0441663 0.00311311 -0.000202098  0.000215088  0.000815883 0.00528941 0.00648447 0.00116067 -0.00045054  -0.0051807      -9.809 
             178.529  -0.02919 0.0435227  -3.33498   -0.128618  -0.0878052 -0.00466182 0 0 0   -0.011 -0.02329  0.04412  0.00812878  -0.0242564 -0.00310115 -0.000201484  0.000210888  0.000715619 0.00599597 0.00596234 0.00135481 -0.000499003  -0.00510982       -9.809 
             178.628  -0.04037 0.0446971  -3.43581   -0.127614  -0.0780312 -0.00449139 0 0 0   -0.011 -0.02329  0.04412  0.0114866 0.00202443 -0.0011863 -0.000194241  0.000209441  0.000767891 0.00596794 0.00520793 0.00129335 -0.000472148   -0.0050418       -9.809 
             178.724 -0.0414705  0.0440193   -3.21875   -0.127775    -0.07634 -0.00409642 0 0 0   -0.011 -0.02329  0.04412  0.00920654  0.00468617 0.000661036 -0.000192895  0.000209307   0.00064757 0.00604201  0.0051313 0.00123531 -0.000476455   -0.0050324       -9.809 
             178.822 -0.0397917  0.0391221   -3.49779    -0.11956  -0.0832722 -0.00335822 0 0 0   -0.011 -0.02329  0.04412   0.0224049 -0.00991847  0.00295406 -0.000193537  0.000210993  0.000798974 0.00563975 0.00549964  0.0011635 -0.000451493  -0.00507893       -9.809 
              178.92 -0.0278112  0.0494903   -3.43491   -0.128562  -0.0855588 -0.00418001 0 0 0   -0.011 -0.02329  0.04412 -0.000480278     -0.01583  -0.00104521 -0.000199591  0.000204861  0.000761483 0.00627537 0.00570205 0.00128801 -0.000515742  -0.00507678       -9.809 
             179.025 -0.028351 0.0464444  -3.34221   -0.135149  -0.0803881 -0.00459234 0 0 0   -0.011 -0.02329  0.04412  -0.0122277 -0.00246469 -0.00198432 -0.000198554  0.000206063  0.000707771 0.00663932  0.0053391 0.00131651 -0.000537267  -0.00503232       -9.809 
             179.127 -0.0327743  0.0271167   -3.34145  -0.127708 -0.0831536 -0.0038789 0 0 0   -0.011 -0.02329  0.04412  0.00413825 -0.00660633  0.00112547 -0.000195492  0.000215957   0.00070506 0.00616035 0.00540336 0.00121756 -0.000495993  -0.00505341       -9.809 
             179.219 -0.0391803  0.0470281   -3.39203   -0.118308  -0.0895527 -0.00405447 0 0 0   -0.011 -0.02329  0.04412   0.0209317  -0.0178768 2.44351e-05 -0.000191359  0.000204128  0.000730648 0.00567242 0.00567288 0.00125156 -0.000460477  -0.00509315       -9.809 
              179.33 -0.0170056  0.0267139   -3.44833   -0.107188  -0.0943388 -0.00395578 0 0 0   -0.011 -0.02329  0.04412   0.0370474  -0.0230338 0.000294333 -0.000203049  0.000214567  0.000759556 0.00520068 0.00575116 0.00124194 -0.000420554  -0.00511509       -9.809 
             179.421 -0.0305552  0.0341009   -3.52181   -0.11566 -0.0882109 -0.0037939 0 0 0   -0.011 -0.02329  0.04412   0.0151127 -0.00730082 0.000929187 -0.000194805  0.000209971  0.000797134 0.00585696 0.00535099 0.00122157 -0.000466883  -0.00505872       -9.809 
             179.527 -0.0407364  0.0491208   -3.43893  -0.0962184   -0.102483 -0.00367052 0 0 0   -0.011 -0.02329  0.04412   0.0478432  -0.0332706 0.000739304 -0.000188867  0.000200876  0.000749537 0.00488799 0.00599588  0.0012265 -0.000400388  -0.00514652       -9.809 
             179.621 -0.031658 0.0332345   -3.5198   -0.103737   -0.104885 -0.00438182 0 0 0   -0.011 -0.02329  0.04412   0.0232263  -0.0347646 -0.00213726 -0.000193209  0.000209024  0.000790991 0.00557384 0.00607997 0.00131589 -0.00046396 -0.00513245      -9.809 
             179.726 -0.0335222  0.0316689   -3.50609   -0.110327   -0.102251 -0.00362961 0 0 0   -0.011 -0.02329  0.04412 0.00606035 -0.0231946 0.00140317 -0.000191585  0.000209323  0.000781077 0.00608081 0.00578225 0.00120498 -0.000499658  -0.00509026       -9.809 
             179.828 -0.0370471  0.0369605   -3.45606   -0.112293  -0.0961483 -0.00520003 0 0 0   -0.011 -0.02329  0.04412  0.00254145 -0.00542693  -0.0044755 -0.000189102  0.000205737  0.000750791 0.00622288 0.00528036 0.00138844 -0.000496726  -0.00504168       -9.809 
             179.928 -0.0505286  0.0287057   -3.45875   -0.116889  -0.0873988 -0.00479893 0 0 0   -0.011 -0.02329  0.04412 -0.00561014   0.0137677 -0.00135982 -0.000181115  0.000209624  0.000749906 0.00649039 0.00475938 0.00128898 -0.000504155  -0.00498761       -9.809 
             180.029 -0.0433413  0.0461392   -3.52567   -0.111316  -0.0946794 -0.00432834 0 0 0   -0.011 -0.02329  0.04412  0.00531866 -0.00416708 0.000647219 -0.000184569  0.000199272  0.000784244 0.00614911 0.00523044 0.00122531 -0.000488733  -0.00503944       -9.809 
             180.127 -0.0288685  0.0455696   -3.50451   -0.115696  -0.0879298 -0.00291099 0 0 0   -0.011 -0.02329  0.04412 -0.00317936   0.0101306  0.00562488 -0.000191791  0.000199031  0.000770268 0.00642584 0.00483277 0.00106825 -0.000500659  -0.00499614       -9.809 
             180.232 -0.0445041   0.039236   -3.62525   -0.103029   -0.090829 -0.00259322 0 0 0   -0.011 -0.02329  0.04412  0.0216195  0.0038815 0.00450274 -0.000182709  0.000201594   0.00083401 0.00571411 0.00494553  0.0011026 -0.000442081  -0.00502813       -9.809 
             180.329 -0.0462194  0.0321099   -3.53932   -0.102954   -0.086839 -0.00347846 0 0 0   -0.011 -0.02329  0.04412    0.0183487    0.0112698 -0.000149015 -0.000181041  0.000204902   0.00078345  0.0058204 0.00474149 0.00124738 -0.000445085  -0.00500718       -9.809 
              180.43 -0.0343873  0.0451486   -3.48006   -0.098509  -0.0821463 -0.00275358 0 0 0   -0.011 -0.02329  0.04412  0.0245205  0.0191769 0.00249906 -0.000187018  0.000197038  0.000748125 0.00567337 0.00449135  0.0011631 -0.000424644  -0.00499018       -9.809 
             180.527 -0.0296722  0.0392404   -3.32836   -0.103509  -0.0948981 -0.00365624 0 0 0   -0.011 -0.02329  0.04412  0.00684065  -0.0146862 -0.00177995 -0.000189193  0.000199828  0.000662429 0.00609317 0.00547649 0.00129842 -0.000491152  -0.00506181       -9.809 
             180.621 -0.0354135  0.0438973   -3.44559   -0.110488  -0.0871017 -0.00402448 0 0 0   -0.011 -0.02329  0.04412 -0.00652613  0.00366298  -0.0023177 -0.000185371  0.000196704  0.000725159 0.00651744 0.00498121 0.00131423 -0.000512525   -0.0050062       -9.809 
             180.732 -0.0324571  0.0423843   -3.46569   -0.114309   -0.084877 -0.00377698 0 0 0   -0.011 -0.02329  0.04412    -0.012169    0.0064785 -0.000593167 -0.000186429  0.000196951  0.000734101 0.00668478 0.00490148   0.001259 -0.000524446  -0.00499422       -9.809 
             180.831 -0.0158497  0.0403118   -3.41578   -0.115943  -0.0811421 -0.00363513 0 0 0   -0.011 -0.02329  0.04412  -0.0124729   0.0123775 0.000132571 -0.000195005  0.000197433  0.000703705 0.00670709 0.00471148 0.00123515 -0.000520632  -0.00497734       -9.809 
             180.929 -0.0235316   0.057544   -3.46205   -0.122803  -0.0809257 -0.00378957 0 0 0   -0.011 -0.02329  0.04412   -0.0238267   0.00860543 -0.000499671 -0.000190127  0.000187215  0.000727346 0.00703241 0.00483325 0.00125482 -0.000551972  -0.00497779       -9.809 
              181.03 -0.025381 0.0352986  -3.42784   -0.130348   -0.068596 -0.00373826 0 0 0   -0.011 -0.02329  0.04412  -0.0317241   0.0317892 1.80137e-05 -0.000188236  0.000198871  0.000706358 0.00730176 0.00417711 0.00123726 -0.000555346  -0.00491405       -9.809 
             181.128 -0.0383457  0.0432285   -3.45131    -0.14252  -0.0622777 -0.00486839 0 0 0   -0.011 -0.02329  0.04412  -0.0494271   0.0366803 -0.00401332 -0.000180481  0.000194143  0.000716869 0.00781632 0.00407761 0.00136311 -0.000595975  -0.00489017       -9.809 
             181.233 -0.0342584  0.0490579   -3.37476   -0.131881  -0.0669251 -0.00424744 0 0 0   -0.011 -0.02329  0.04412   -0.0198424    0.0216801 -0.000526904 -0.000182291  0.000190025   0.00067219 0.00694607 0.00442231 0.00125211 -0.000532665  -0.00494525       -9.809 
             181.327 -0.0242118  0.0346155   -3.19404   -0.143878  -0.0712871 -0.00563344 0 0 0   -0.011 -0.02329  0.04412  -0.0421678  0.00488901 -0.00546786  -0.0001873 0.000197609  0.00057012 0.00753343 0.00493494 0.00140671 -0.000597097  -0.00497079       -9.809 
             181.426 -0.044653 0.0429399  -3.42647   -0.146014  -0.0637058 -0.00543684 0 0 0   -0.011 -0.02329  0.04412 -0.0360554  0.0205357  -0.002639 -0.000175423  0.000192316    0.0006983 0.00739598 0.00447454  0.0013159 -0.000572191  -0.00493631       -9.809 
              181.52 -0.0378259  0.0440822   -3.26746   -0.150477  -0.0554332 -0.00529077 0 0 0   -0.011 -0.02329  0.04412 -0.0368109  0.0337719 -0.0011168 -0.000178417  0.000191142   0.00060908 0.00744737 0.00409198 0.00126672 -0.00056547 -0.00490285      -9.809 
              181.62 -0.0385479  0.0398667   -3.32925   -0.151356  -0.0629223 -0.00365288 0 0 0   -0.011 -0.02329  0.04412 -0.0339571  0.0108902 0.00500468 -0.000177759  0.000192853  0.000641336 0.00731189 0.00472707 0.00107454 -0.000572277  -0.00495965       -9.809 
             181.719 -0.0252299  0.0442533   -3.28383   -0.150857  -0.0638876 -0.00400231 0 0 0   -0.011 -0.02329  0.04412 -0.0268011  0.0068434 0.00194979 -0.000184593  0.000189774  0.000614075 0.00710139 0.00480727 0.00117018 -0.000557081   -0.0049724       -9.809 
             181.837 -0.0335596  0.0387211   -3.31345   -0.163515  -0.0588412 -0.00472327 0 0 0   -0.011 -0.02329  0.04412   -0.043687    0.013075 -0.00115861 -0.000179456  0.000192379   0.00062826 0.00759022 0.00465826 0.00126745 -0.000593412  -0.00494604       -9.809 
             181.925 -0.0429555  0.0365937   -3.26372   -0.160808  -0.0589696 -0.00608993 0 0 0   -0.011 -0.02329  0.04412  -0.0312569    0.011755 -0.00574433 -0.000173664   0.00019263   0.00059904 0.00723184 0.00466442 0.00140877 -0.000564019  -0.00495677       -9.809 
              182.03 -0.0455651  0.0513122   -3.26285    -0.14255  -0.0727452 -0.00467722 0 0 0   -0.011 -0.02329  0.04412 0.00719872 -0.0152543 0.00103543 -0.000171916  0.000183711  0.000596729 0.00609642 0.00533229 0.00119713 -0.000489018  -0.00504383       -9.809 
             182.126 -0.0290059   0.033396   -3.38301   -0.140438  -0.0746701 -0.00400923 0 0 0   -0.011 -0.02329  0.04412 0.00974744  -0.016481 0.00307446 -0.000180482  0.000192887  0.000660639 0.00601708 0.00534316  0.0011333 -0.000482793  -0.00504695       -9.809 
              182.23 -0.0353885  0.0429536   -3.46042   -0.128022  -0.0671979 -0.00376094 0 0 0   -0.011 -0.02329  0.04412  0.0349461 0.00536704 0.00294951 -0.000176829  0.000187287  0.000701647 0.00536522 0.00466541 0.00113578 -0.000410863  -0.00500984       -9.809 
             182.329 -0.0387799  0.0407493   -3.57025   -0.128566  -0.0724309 -0.00390299 0 0 0   -0.011 -0.02329  0.04412   0.0253078 -0.00810704  0.00128474 -0.000174318  0.000187763  0.000759318 0.00560999 0.00505725 0.00118813 -0.000441582  -0.00503489       -9.809 
              182.43 -0.0262654  0.0398057   -3.39598   -0.123732  -0.0884992 -0.00336975 0 0 0   -0.011 -0.02329  0.04412  0.0262944 -0.0403984 0.00248267 -0.000180518  0.000187736  0.000661857 0.00551488 0.00594168 0.00115086 -0.000458177  -0.00510922       -9.809 
             182.525 -0.0327843  0.0380235   -3.30281   -0.129881  -0.0886835 -0.00525776 0 0 0   -0.011 -0.02329  0.04412  0.00956081  -0.0351718 -0.00518492 -0.000176292   0.00018807  0.000608053 0.00599745  0.0058205 0.00138998 -0.000494007   -0.0050859       -9.809 
             182.634 -0.0375099  0.0468367   -3.36195   -0.128234  -0.0792463 -0.00469378 0 0 0   -0.011 -0.02329  0.04412   0.0141027 -0.00747247 -0.00105076 -0.000173477  0.000182637  0.000639242 0.00593837 0.00501848 0.00125835   -0.000467 -0.00502306      -9.809 
             182.729 -0.0466825  0.0398583    -3.1789   -0.128058  -0.0805451 -0.00411285 0 0 0   -0.011 -0.02329  0.04412   0.0114546 -0.00904973   0.0013493 -0.000167667  0.000185944  0.000535068 0.00601017 0.00506607 0.00118184 -0.000474078  -0.00502485       -9.809 
             182.828 -0.0397989  0.0435755    -3.4836   -0.118197  -0.0856527 -0.00335168 0 0 0   -0.011 -0.02329  0.04412  0.0282542 -0.0165273 0.00351174 -0.000171048  0.000183302  0.000703477 0.00552359 0.00522819 0.00111254 -0.000439465  -0.00505138       -9.809 
             182.931 -0.0286153  0.0472194   -3.45203   -0.126073  -0.0879794 -0.00359195 0 0 0   -0.011 -0.02329  0.04412  0.0066748 -0.0207111 0.00141141 -0.000176691  0.000180734     0.000684 0.00613502 0.00538088 0.00117939 -0.000492534  -0.00504662       -9.809 
             183.037 -0.0296685  0.0459899   -3.34361   -0.13207 -0.0824746 -0.0044049 0 0 0   -0.011 -0.02329  0.04412 -0.00518178 -0.00544638 -0.00179323 -0.000175343  0.000180906  0.000622548 0.00650979 0.00495922 0.00127939 -0.000510958  -0.00500278       -9.809 
             183.125 -0.0438062  0.0341576   -3.33779    -0.12337  -0.0838974 -0.00365767 0 0 0   -0.011 -0.02329  0.04412   0.0129411 -0.00575203   0.0014523  -0.0001669 0.000186771 0.000617324  0.0059906 0.00492284 0.00117661 -0.00046869 -0.00501421      -9.809 
             183.224 -0.040625 0.0446625  -3.40571   -0.113029   -0.092666 -0.00399998 0 0 0   -0.011 -0.02329  0.04412    0.0291935   -0.0222267 -0.000446785 -0.000168292  0.000180358  0.000652759 0.00549978  0.0053441 0.00123563 -0.000441201  -0.00506098       -9.809 
             183.324 -0.0202511  0.0275366   -3.44184    -0.10388  -0.0956555 -0.00417613 0 0 0   -0.011 -0.02329  0.04412    0.0412588   -0.0233905 -0.000943851 -0.000178915  0.000189037  0.000670546 0.00514978 0.00532541 0.00125013 -0.000413058   -0.0050691       -9.809 
             183.428 -0.0380959  0.0353435   -3.50074   -0.113221  -0.0895526 -0.00399723 0 0 0   -0.011 -0.02329  0.04412  0.0161127 -0.0074391 0.00014627 -0.000168317  0.000184234   0.00070141 0.00590192 0.00492452 0.00121551 -0.00046148  -0.0050171      -9.809 
             183.529 -0.0450587  0.0472449   -3.44927  -0.0931473   -0.104829 -0.00415562 0 0 0   -0.011 -0.02329  0.04412    0.0501774   -0.0357445 -0.000742606 -0.000164026  0.000176832  0.000670521 0.00488042 0.00564544 0.00124272 -0.000400729  -0.00510135       -9.809 
             183.626 -0.0360763  0.0352471   -3.56617 -0.0947114  -0.113277 -0.0045792 0 0 0   -0.011 -0.02329  0.04412   0.0361216  -0.0486677 -0.00215017 -0.000168649  0.000182987  0.000732853 0.00525094  0.0060314 0.00128684 -0.000440097  -0.00512129       -9.809 
              183.73 -0.0363787   0.029762   -3.50316 -0.0998862  -0.106402 -0.0036216 0 0 0   -0.011 -0.02329  0.04412  0.0203063 -0.0244285 0.00223573 -0.000167658  0.000185672     0.000696 0.00575335  0.0053652 0.00114738 -0.000461261  -0.00505585       -9.809 
              183.83 -0.0413946  0.0401065   -3.49165   -0.100904   -0.103061 -0.00528038 0 0 0   -0.011 -0.02329  0.04412   0.0154752  -0.0125833 -0.00432538 -0.000164144  0.000179531  0.000687475 0.00592315 0.00503211  0.0013521 -0.000465486  -0.00502546       -9.809 
             183.929 -0.0512112  0.0307675   -3.56346  -0.0991674   -0.105083 -0.00443017 0 0 0   -0.011 -0.02329  0.04412  0.0154845 -0.0141348   0.000177 -0.000158356   0.00018402  0.000724378  0.0059152  0.0050747 0.00121065 -0.000465999  -0.00502895       -9.809 
             184.025 -0.0403697  0.0422365   -3.52349  -0.0981972   -0.112623 -0.00380452 0 0 0   -0.011 -0.02329  0.04412  0.0136319 -0.0281504 0.00224365 -0.000163977  0.000177185  0.000700129  0.0059412 0.00546392 0.00114643 -0.000478539  -0.00505814       -9.809 
             184.121 -0.0320068  0.0446162   -3.48938   -0.104385   -0.102585 -0.00285775 0 0 0   -0.011 -0.02329  0.04412  0.00114049 -0.00225082  0.00515706 -0.000168185  0.000175453  0.000679091 0.00635844 0.00474858 0.00105487 -0.000491255  -0.00499188       -9.809 
             184.221 -0.0461967  0.0384725   -3.63214   -0.097679  -0.0991944 -0.00255726 0 0 0   -0.011 -0.02329  0.04412  0.0149223 0.00692583 0.00434781 -0.000159994  0.000178314  0.000755839 0.00598862  0.0044538 0.00107974 -0.000454925  -0.00497952       -9.809 
              184.32 -0.0490134  0.0302778   -3.54782   -0.100344  -0.0914774 -0.00373571 0 0 0   -0.011 -0.02329  0.04412  0.00809947   0.0214105 -0.00132895 -0.000157906  0.000182307   0.00070692 0.00620999  0.0040577 0.00125742 -0.00046118 -0.00494333      -9.809 
             184.422 -0.0269233  0.0500404    -3.4551  -0.0998785  -0.0826774 -0.00314975 0 0 0   -0.011 -0.02329  0.04412 0.00903107  0.0353432 0.00127076 -0.000169868  0.000170753  0.000652877 0.00622623 0.00364342 0.00117429 -0.000451206  -0.00491146       -9.809 
             184.529 -0.0325229  0.0406109   -3.32716  -0.106017 -0.0926429 -0.0037477 0 0 0   -0.011 -0.02329  0.04412 -0.00770699  0.00431104 -0.00141518 -0.000165793  0.000175331   0.00057951 0.00663078 0.00455987 0.00125971 -0.000506636   -0.0049697       -9.809 
             184.622 -0.0363373  0.0436736   -3.44592   -0.113797  -0.0831213 -0.00392937 0 0 0   -0.011 -0.02329  0.04412  -0.0199235   0.0225252 -0.00143503 -0.000163211  0.000172991  0.000642721 0.00702295  0.0040623 0.00125932 -0.000522984  -0.00492152       -9.809 
             184.729 -0.0342626  0.0410411   -3.42531   -0.124981  -0.0774764 -0.00376589 0 0 0   -0.011 -0.02329  0.04412   -0.0370307     0.027345 -0.000334989 -0.000163839  0.000174012  0.000629484 0.00751912 0.00395679 0.00122422 -0.000557586  -0.00490019       -9.809 
              184.83 -0.0162032  0.0414749   -3.40529   -0.125212  -0.0752663 -0.00361746 0 0 0   -0.011 -0.02329  0.04412   -0.030316   0.0263071 0.000279164 -0.000173257   0.00017314  0.000616276  0.0073245 0.00394936 0.00120415 -0.000542769  -0.00490483       -9.809 
             184.926 -0.0297929  0.0568797   -3.43277   -0.132607  -0.0748594 -0.00399261 0 0 0   -0.011 -0.02329  0.04412  -0.0397191   0.0204963 -0.00121505 -0.000165336  0.000164222  0.000629482 0.00758802 0.00413007 0.00125072 -0.000567208  -0.00491137       -9.809 
             185.024 -0.0302694  0.0355578    -3.4242   -0.137312  -0.0658559 -0.00414686 0 0 0   -0.011 -0.02329  0.04412  -0.0398035   0.0351247 -0.00122627 -0.000164398   0.00017555  0.000622872 0.00761373 0.00370403 0.00125001 -0.000558128  -0.00487891       -9.809 
             185.132 -0.039929 0.0432095  -3.48507   -0.146565  -0.0645403 -0.00534265 0 0 0   -0.011 -0.02329  0.04412  -0.0503299   0.0286995 -0.00499329 -0.000158659  0.000170871  0.000654358 0.00789882 0.00390857 0.00136812 -0.000584617  -0.00488667       -9.809 
             185.229 -0.0326302  0.0442044   -3.43368   -0.133732  -0.0688508 -0.00442584 0 0 0   -0.011 -0.02329  0.04412  -0.0158755   0.0167576 -0.00017368 -0.000162232   0.00016926  0.000623831 0.00689336 0.00415814 0.00121553 -0.000516367  -0.00493131       -9.809 
             185.329 -0.0228107  0.0329631   -3.24637    -0.15296  -0.0663011 -0.00557594 0 0 0   -0.011 -0.02329  0.04412  -0.0516088   0.0143565 -0.00416662 -0.000167135  0.000175444  0.000518438 0.00789681 0.00429293  0.0013413 -0.000594073  -0.00491524       -9.809 
             185.428 -0.0452538  0.0424541   -3.38709   -0.156272  -0.0578975 -0.00526101 0 0 0   -0.011 -0.02329  0.04412 -0.0459488  0.0298209 -0.0013908 -0.000154217  0.000169621  0.000592757 0.00776957 0.00384189 0.00125294 -0.000573245  -0.00488532       -9.809 
             185.528 -0.0343804  0.0440427   -3.27472    -0.15978  -0.0483862 -0.00537319 0 0 0   -0.011 -0.02329  0.04412  -0.0423739   0.0438419 -0.00119635 -0.000159307  0.000168179  0.000529529 0.00769858  0.0034276 0.00124588 -0.000557609  -0.00485672       -9.809 
